brand_domain,lookalike,fuzzer,dns_a,in_phishing_feed
kaspi.kz,kaspi0.kz,addition,,no
kaspi.kz,kaspi1.kz,addition,,no
kaspi.kz,kaspi2.kz,addition,,no
kaspi.kz,kaspi3.kz,addition,,no
kaspi.kz,kaspi4.kz,addition,,no
kaspi.kz,kaspi5.kz,addition,,no
kaspi.kz,kaspi6.kz,addition,,no
kaspi.kz,kaspi7.kz,addition,,no
kaspi.kz,kaspi8.kz,addition,,no
kaspi.kz,kaspi9.kz,addition,,no
kaspi.kz,kaspia.kz,addition,,no
kaspi.kz,kaspib.kz,addition,,no
kaspi.kz,kaspic.kz,addition,,no
kaspi.kz,kaspid.kz,addition,,no
kaspi.kz,kaspie.kz,addition,,no
kaspi.kz,kaspif.kz,addition,,no
kaspi.kz,kaspig.kz,addition,,no
kaspi.kz,kaspih.kz,addition,,no
kaspi.kz,kaspii.kz,addition,,no
kaspi.kz,kaspij.kz,addition,,no
kaspi.kz,kaspik.kz,addition,,no
kaspi.kz,kaspil.kz,addition,,no
kaspi.kz,kaspim.kz,addition,,no
kaspi.kz,kaspin.kz,addition,,no
kaspi.kz,kaspio.kz,addition,,no
kaspi.kz,kaspip.kz,addition,,no
kaspi.kz,kaspiq.kz,addition,,no
kaspi.kz,kaspir.kz,addition,,no
kaspi.kz,kaspis.kz,addition,,no
kaspi.kz,kaspit.kz,addition,,no
kaspi.kz,kaspiu.kz,addition,,no
kaspi.kz,kaspiv.kz,addition,,no
kaspi.kz,kaspiw.kz,addition,,no
kaspi.kz,kaspix.kz,addition,,no
kaspi.kz,kaspiy.kz,addition,,no
kaspi.kz,kaspiz.kz,addition,,no
kaspi.kz,caspi.kz,bitsquatting,,no
kaspi.kz,iaspi.kz,bitsquatting,,no
kaspi.kz,jaspi.kz,bitsquatting,,no
kaspi.kz,ka3pi.kz,bitsquatting,,no
kaspi.kz,kacpi.kz,bitsquatting,,no
kaspi.kz,kaqpi.kz,bitsquatting,,no
kaspi.kz,karpi.kz,bitsquatting,,no
kaspi.kz,kas0i.kz,bitsquatting,,no
kaspi.kz,kaspa.kz,bitsquatting,,no
kaspi.kz,kasph.kz,bitsquatting,,no
kaspi.kz,kaspk.kz,bitsquatting,,no
kaspi.kz,kaspm.kz,bitsquatting,,no
kaspi.kz,kaspy.kz,bitsquatting,,no
kaspi.kz,kasqi.kz,bitsquatting,,no
kaspi.kz,kasri.kz,bitsquatting,,no
kaspi.kz,kasti.kz,bitsquatting,,no
kaspi.kz,kasxi.kz,bitsquatting,,no
kaspi.kz,kawpi.kz,bitsquatting,,no
kaspi.kz,kcspi.kz,bitsquatting,,no
kaspi.kz,kespi.kz,bitsquatting,,no
kaspi.kz,kispi.kz,bitsquatting,,no
kaspi.kz,kqspi.kz,bitsquatting,,no
kaspi.kz,oaspi.kz,bitsquatting,,no
kaspi.kz,xn--80att7fg.kz,cyrillic,,no
kaspi.kz,1caspi.kz,homoglyph,,no
kaspi.kz,icaspi.kz,homoglyph,,no
kaspi.kz,kasp1.kz,homoglyph,,no
kaspi.kz,kaspl.kz,homoglyph,,no
kaspi.kz,lcasp1.kz,homoglyph,,no
kaspi.kz,lcaspi.kz,homoglyph,,no
kaspi.kz,lcaspl.kz,homoglyph,,no
kaspi.kz,leaspi.kz,homoglyph,,no
kaspi.kz,xn--api-0za2008a.kz,homoglyph,,no
kaspi.kz,xn--api-0za2108a.kz,homoglyph,,no
kaspi.kz,xn--api-0za2256a.kz,homoglyph,,no
kaspi.kz,xn--api-0za29d.kz,homoglyph,,no
kaspi.kz,xn--api-0za7916c.kz,homoglyph,,no
kaspi.kz,xn--api-1lb2065a.kz,homoglyph,,no
kaspi.kz,xn--api-1lb2807a.kz,homoglyph,,no
kaspi.kz,xn--api-1lb2907a.kz,homoglyph,,no
kaspi.kz,xn--api-1lb7725c.kz,homoglyph,,no
kaspi.kz,xn--api-1xb2574c.kz,homoglyph,,no
kaspi.kz,xn--api-1xb7556a.kz,homoglyph,,no
kaspi.kz,xn--api-1xb7656a.kz,homoglyph,,no
kaspi.kz,xn--api-1xb7705a.kz,homoglyph,,no
kaspi.kz,xn--api-2y0b2166d.kz,homoglyph,,no
kaspi.kz,xn--api-62y5088f.kz,homoglyph,,no
kaspi.kz,xn--api-62y5k.kz,homoglyph,,no
kaspi.kz,xn--api-62yvl.kz,homoglyph,,no
kaspi.kz,xn--api-6ua07n.kz,homoglyph,,no
kaspi.kz,xn--api-6ua5448a.kz,homoglyph,,no
kaspi.kz,xn--api-6ua54i.kz,homoglyph,,no
kaspi.kz,xn--api-6ua5548a.kz,homoglyph,,no
kaspi.kz,xn--api-6ua5653s.kz,homoglyph,,no
kaspi.kz,xn--api-6ua5p.kz,homoglyph,,no
kaspi.kz,xn--api-6ua5q.kz,homoglyph,,no
kaspi.kz,xn--api-6ua5r.kz,homoglyph,,no
kaspi.kz,xn--api-6ua5s.kz,homoglyph,,no
kaspi.kz,xn--api-bva0448a.kz,homoglyph,,no
kaspi.kz,xn--api-bva04i.kz,homoglyph,,no
kaspi.kz,xn--api-bva0548a.kz,homoglyph,,no
kaspi.kz,xn--api-bva0653s.kz,homoglyph,,no
kaspi.kz,xn--api-bva0p.kz,homoglyph,,no
kaspi.kz,xn--api-bva0q.kz,homoglyph,,no
kaspi.kz,xn--api-bva0r.kz,homoglyph,,no
kaspi.kz,xn--api-bva0s.kz,homoglyph,,no
kaspi.kz,xn--api-bva56n.kz,homoglyph,,no
kaspi.kz,xn--api-cza22e.kz,homoglyph,,no
kaspi.kz,xn--api-cza2308a.kz,homoglyph,,no
kaspi.kz,xn--api-cza2408a.kz,homoglyph,,no
kaspi.kz,xn--api-cza2556a.kz,homoglyph,,no
kaspi.kz,xn--api-cza7226c.kz,homoglyph,,no
kaspi.kz,xn--api-d4x5459f.kz,homoglyph,,no
kaspi.kz,xn--api-d4x58f.kz,homoglyph,,no
kaspi.kz,xn--api-d4xv9f.kz,homoglyph,,no
kaspi.kz,xn--api-f3y5k.kz,homoglyph,,no
kaspi.kz,xn--api-f3yv088f.kz,homoglyph,,no
kaspi.kz,xn--api-f3yvk.kz,homoglyph,,no
kaspi.kz,xn--api-h8yx11g.kz,homoglyph,,no
kaspi.kz,xn--api-jgb08e.kz,homoglyph,,no
kaspi.kz,xn--api-jgb5557a.kz,homoglyph,,no
kaspi.kz,xn--api-jgb5657a.kz,homoglyph,,no
kaspi.kz,xn--api-jgb5762s.kz,homoglyph,,no
kaspi.kz,xn--api-jgb5v.kz,homoglyph,,no
kaspi.kz,xn--api-kza21e.kz,homoglyph,,no
kaspi.kz,xn--api-kza2208a.kz,homoglyph,,no
kaspi.kz,xn--api-kza2308a.kz,homoglyph,,no
kaspi.kz,xn--api-kza2456a.kz,homoglyph,,no
kaspi.kz,xn--api-kza7126c.kz,homoglyph,,no
kaspi.kz,xn--api-p8y701g.kz,homoglyph,,no
kaspi.kz,xn--api-sza20e.kz,homoglyph,,no
kaspi.kz,xn--api-sza2108a.kz,homoglyph,,no
kaspi.kz,xn--api-sza2208a.kz,homoglyph,,no
kaspi.kz,xn--api-sza2356a.kz,homoglyph,,no
kaspi.kz,xn--api-sza7026c.kz,homoglyph,,no
kaspi.kz,xn--asi-46yw41g.kz,homoglyph,,no
kaspi.kz,xn--asi-62y6h.kz,homoglyph,,no
kaspi.kz,xn--asi-62ywi.kz,homoglyph,,no
kaspi.kz,xn--asi-6ua66c.kz,homoglyph,,no
kaspi.kz,xn--asi-6ua6838a.kz,homoglyph,,no
kaspi.kz,xn--asi-6ua6938a.kz,homoglyph,,no
kaspi.kz,xn--asi-6ua69d.kz,homoglyph,,no
kaspi.kz,xn--asi-bva16c.kz,homoglyph,,no
kaspi.kz,xn--asi-bva1838a.kz,homoglyph,,no
kaspi.kz,xn--asi-bva1938a.kz,homoglyph,,no
kaspi.kz,xn--asi-bva19d.kz,homoglyph,,no
kaspi.kz,xn--asi-d4x65f.kz,homoglyph,,no
kaspi.kz,xn--asi-d4xw6f.kz,homoglyph,,no
kaspi.kz,xn--asi-d7y631g.kz,homoglyph,,no
kaspi.kz,xn--asi-f3y6h.kz,homoglyph,,no
kaspi.kz,xn--asi-f3ywh.kz,homoglyph,,no
kaspi.kz,xn--asi-jgb6057a.kz,homoglyph,,no
kaspi.kz,xn--asi-jgb6947a.kz,homoglyph,,no
kaspi.kz,xn--asi-sbb1357a.kz,homoglyph,,no
kaspi.kz,xn--asi-sbb1457a.kz,homoglyph,,no
kaspi.kz,xn--asi-sbb1506a.kz,homoglyph,,no
kaspi.kz,xn--asi-sbb1s.kz,homoglyph,,no
kaspi.kz,xn--asi-sbb6275c.kz,homoglyph,,no
kaspi.kz,xn--asi-t7a15a.kz,homoglyph,,no
kaspi.kz,xn--asi-t7a1667a.kz,homoglyph,,no
kaspi.kz,xn--asi-t7a1767a.kz,homoglyph,,no
kaspi.kz,xn--asi-t7a1816a.kz,homoglyph,,no
kaspi.kz,xn--asi-t7a6585c.kz,homoglyph,,no
kaspi.kz,xn--asp-1ma06j.kz,homoglyph,,no
kaspi.kz,xn--asp-1ma0758a.kz,homoglyph,,no
kaspi.kz,xn--asp-1ma07a.kz,homoglyph,,no
kaspi.kz,xn--asp-1ma0858a.kz,homoglyph,,no
kaspi.kz,xn--asp-1ma0907a.kz,homoglyph,,no
kaspi.kz,xn--asp-1ma5676c.kz,homoglyph,,no
kaspi.kz,xn--asp-1ma57a.kz,homoglyph,,no
kaspi.kz,xn--asp-4ta05g.kz,homoglyph,,no
kaspi.kz,xn--asp-4ta0628a.kz,homoglyph,,no
kaspi.kz,xn--asp-4ta0728a.kz,homoglyph,,no
kaspi.kz,xn--asp-4ta0876a.kz,homoglyph,,no
kaspi.kz,xn--asp-4ta0c.kz,homoglyph,,no
kaspi.kz,xn--asp-4ta5546c.kz,homoglyph,,no
kaspi.kz,xn--asp-4ta5c.kz,homoglyph,,no
kaspi.kz,xn--asp-4ub0884c.kz,homoglyph,,no
kaspi.kz,xn--asp-4ub5025a.kz,homoglyph,,no
kaspi.kz,xn--asp-4ub5866a.kz,homoglyph,,no
kaspi.kz,xn--asp-4ub5966a.kz,homoglyph,,no
kaspi.kz,xn--asp-62y70b.kz,homoglyph,,no
kaspi.kz,xn--asp-62yx1b.kz,homoglyph,,no
kaspi.kz,xn--asp-6ua24m.kz,homoglyph,,no
kaspi.kz,xn--asp-6ua25m.kz,homoglyph,,no
kaspi.kz,xn--asp-6ua28e.kz,homoglyph,,no
kaspi.kz,xn--asp-6ua74m.kz,homoglyph,,no
kaspi.kz,xn--asp-6ua7698a.kz,homoglyph,,no
kaspi.kz,xn--asp-6ua7798a.kz,homoglyph,,no
kaspi.kz,xn--asp-6ua77h.kz,homoglyph,,no
kaspi.kz,xn--asp-8ub0025a.kz,homoglyph,,no
kaspi.kz,xn--asp-8ub0866a.kz,homoglyph,,no
kaspi.kz,xn--asp-8ub0966a.kz,homoglyph,,no
kaspi.kz,xn--asp-8ub5784c.kz,homoglyph,,no
kaspi.kz,xn--asp-bva24m.kz,homoglyph,,no
kaspi.kz,xn--asp-bva2698a.kz,homoglyph,,no
kaspi.kz,xn--asp-bva2798a.kz,homoglyph,,no
kaspi.kz,xn--asp-bva27h.kz,homoglyph,,no
kaspi.kz,xn--asp-bva73m.kz,homoglyph,,no
kaspi.kz,xn--asp-bva74m.kz,homoglyph,,no
kaspi.kz,xn--asp-bva77e.kz,homoglyph,,no
kaspi.kz,xn--asp-d4x74i.kz,homoglyph,,no
kaspi.kz,xn--asp-d4xx5i.kz,homoglyph,,no
kaspi.kz,xn--asp-dua04g.kz,homoglyph,,no
kaspi.kz,xn--asp-dua0528a.kz,homoglyph,,no
kaspi.kz,xn--asp-dua0628a.kz,homoglyph,,no
kaspi.kz,xn--asp-dua0776a.kz,homoglyph,,no
kaspi.kz,xn--asp-dua0b.kz,homoglyph,,no
kaspi.kz,xn--asp-dua5446c.kz,homoglyph,,no
kaspi.kz,xn--asp-dua5b.kz,homoglyph,,no
kaspi.kz,xn--asp-dvb0784c.kz,homoglyph,,no
kaspi.kz,xn--asp-dvb5766a.kz,homoglyph,,no
kaspi.kz,xn--asp-dvb5866a.kz,homoglyph,,no
kaspi.kz,xn--asp-dvb5915a.kz,homoglyph,,no
kaspi.kz,xn--asp-f3y70b.kz,homoglyph,,no
kaspi.kz,xn--asp-f3yx0b.kz,homoglyph,,no
kaspi.kz,xn--asp-flz634f.kz,homoglyph,,no
kaspi.kz,xn--asp-ikb0517a.kz,homoglyph,,no
kaspi.kz,xn--asp-ikb0617a.kz,homoglyph,,no
kaspi.kz,xn--asp-ikb0765a.kz,homoglyph,,no
kaspi.kz,xn--asp-ikb5435c.kz,homoglyph,,no
kaspi.kz,xn--asp-jgb25d.kz,homoglyph,,no
kaspi.kz,xn--asp-jgb26d.kz,homoglyph,,no
kaspi.kz,xn--asp-jgb75d.kz,homoglyph,,no
kaspi.kz,xn--asp-jgb7708a.kz,homoglyph,,no
kaspi.kz,xn--asp-jgb7808a.kz,homoglyph,,no
kaspi.kz,xn--asp-jgb7o.kz,homoglyph,,no
kaspi.kz,xn--asp-lua03g.kz,homoglyph,,no
kaspi.kz,xn--asp-lua0428a.kz,homoglyph,,no
kaspi.kz,xn--asp-lua0528a.kz,homoglyph,,no
kaspi.kz,xn--asp-lua0676a.kz,homoglyph,,no
kaspi.kz,xn--asp-lua0a.kz,homoglyph,,no
kaspi.kz,xn--asp-lua5346c.kz,homoglyph,,no
kaspi.kz,xn--asp-lua5a.kz,homoglyph,,no
kaspi.kz,xn--asp-nlzw34f.kz,homoglyph,,no
kaspi.kz,xn--asp-ota0086a.kz,homoglyph,,no
kaspi.kz,xn--asp-ota07g.kz,homoglyph,,no
kaspi.kz,xn--asp-ota0828a.kz,homoglyph,,no
kaspi.kz,xn--asp-ota0928a.kz,homoglyph,,no
kaspi.kz,xn--asp-ota0e.kz,homoglyph,,no
kaspi.kz,xn--asp-ota5746c.kz,homoglyph,,no
kaspi.kz,xn--asp-ota5e.kz,homoglyph,,no
kaspi.kz,xn--asp-pma0876c.kz,homoglyph,,no
kaspi.kz,xn--asp-pma09a.kz,homoglyph,,no
kaspi.kz,xn--asp-pma5017a.kz,homoglyph,,no
kaspi.kz,xn--asp-pma57j.kz,homoglyph,,no
kaspi.kz,xn--asp-pma5858a.kz,homoglyph,,no
kaspi.kz,xn--asp-pma58a.kz,homoglyph,,no
kaspi.kz,xn--asp-pma5958a.kz,homoglyph,,no
kaspi.kz,xn--asp-rdb0465c.kz,homoglyph,,no
kaspi.kz,xn--asp-rdb5447a.kz,homoglyph,,no
kaspi.kz,xn--asp-rdb5547a.kz,homoglyph,,no
kaspi.kz,xn--asp-rdb5695a.kz,homoglyph,,no
kaspi.kz,xn--asp-rdb5j.kz,homoglyph,,no
kaspi.kz,xn--asp-tma0017a.kz,homoglyph,,no
kaspi.kz,xn--asp-tma07j.kz,homoglyph,,no
kaspi.kz,xn--asp-tma0858a.kz,homoglyph,,no
kaspi.kz,xn--asp-tma08a.kz,homoglyph,,no
kaspi.kz,xn--asp-tma0958a.kz,homoglyph,,no
kaspi.kz,xn--asp-tma5776c.kz,homoglyph,,no
kaspi.kz,xn--asp-tma58a.kz,homoglyph,,no
kaspi.kz,xn--asp-wta06g.kz,homoglyph,,no
kaspi.kz,xn--asp-wta0728a.kz,homoglyph,,no
kaspi.kz,xn--asp-wta0828a.kz,homoglyph,,no
kaspi.kz,xn--asp-wta0976a.kz,homoglyph,,no
kaspi.kz,xn--asp-wta0d.kz,homoglyph,,no
kaspi.kz,xn--asp-wta5646c.kz,homoglyph,,no
kaspi.kz,xn--asp-wta5d.kz,homoglyph,,no
kaspi.kz,xn--asp-xma0776c.kz,homoglyph,,no
kaspi.kz,xn--asp-xma08a.kz,homoglyph,,no
kaspi.kz,xn--asp-xma56j.kz,homoglyph,,no
kaspi.kz,xn--asp-xma5758a.kz,homoglyph,,no
kaspi.kz,xn--asp-xma57a.kz,homoglyph,,no
kaspi.kz,xn--asp-xma5858a.kz,homoglyph,,no
kaspi.kz,xn--asp-xma5907a.kz,homoglyph,,no
kaspi.kz,xn--asp1-423a.kz,homoglyph,,no
kaspi.kz,xn--asp1-949b.kz,homoglyph,,no
kaspi.kz,xn--asp1-f0a.kz,homoglyph,,no
kaspi.kz,xn--asp1-fb5a.kz,homoglyph,,no
kaspi.kz,xn--asp1-k0a.kz,homoglyph,,no
kaspi.kz,xn--asp1-pb5a.kz,homoglyph,,no
kaspi.kz,xn--asp1-uqb.kz,homoglyph,,no
kaspi.kz,xn--aspi-423a.kz,homoglyph,,no
kaspi.kz,xn--aspi-949b.kz,homoglyph,,no
kaspi.kz,xn--aspi-f0a.kz,homoglyph,,no
kaspi.kz,xn--aspi-fb5a.kz,homoglyph,,no
kaspi.kz,xn--aspi-k0a.kz,homoglyph,,no
kaspi.kz,xn--aspi-pb5a.kz,homoglyph,,no
kaspi.kz,xn--aspi-uqb.kz,homoglyph,,no
kaspi.kz,xn--aspl-423a.kz,homoglyph,,no
kaspi.kz,xn--aspl-949b.kz,homoglyph,,no
kaspi.kz,xn--aspl-f0a.kz,homoglyph,,no
kaspi.kz,xn--aspl-fb5a.kz,homoglyph,,no
kaspi.kz,xn--aspl-k0a.kz,homoglyph,,no
kaspi.kz,xn--aspl-pb5a.kz,homoglyph,,no
kaspi.kz,xn--aspl-uqb.kz,homoglyph,,no
kaspi.kz,xn--caspi-55a.kz,homoglyph,,no
kaspi.kz,xn--caspi-goc.kz,homoglyph,,no
kaspi.kz,xn--caspi-i6a.kz,homoglyph,,no
kaspi.kz,xn--caspi-j7a.kz,homoglyph,,no
kaspi.kz,xn--caspi-u6a.kz,homoglyph,,no
kaspi.kz,xn--kai-1za45a.kz,homoglyph,,no
kaspi.kz,xn--kai-1za4718a.kz,homoglyph,,no
kaspi.kz,xn--kai-1za4818a.kz,homoglyph,,no
kaspi.kz,xn--kai-1za48b.kz,homoglyph,,no
kaspi.kz,xn--kai-2lb4527a.kz,homoglyph,,no
kaspi.kz,xn--kai-2lb4627a.kz,homoglyph,,no
kaspi.kz,xn--kai-2xb9276a.kz,homoglyph,,no
kaspi.kz,xn--kai-2xb9376a.kz,homoglyph,,no
kaspi.kz,xn--kai-46y3c.kz,homoglyph,,no
kaspi.kz,xn--kai-46yt278f.kz,homoglyph,,no
kaspi.kz,xn--kai-46ytc.kz,homoglyph,,no
kaspi.kz,xn--kai-d7y3178f.kz,homoglyph,,no
kaspi.kz,xn--kai-d7y3b.kz,homoglyph,,no
kaspi.kz,xn--kai-d7ytc.kz,homoglyph,,no
kaspi.kz,xn--kai-dza4028a.kz,homoglyph,,no
kaspi.kz,xn--kai-dza4128a.kz,homoglyph,,no
kaspi.kz,xn--kai-dza41c.kz,homoglyph,,no
kaspi.kz,xn--kai-dza48a.kz,homoglyph,,no
kaspi.kz,xn--kai-lza4028a.kz,homoglyph,,no
kaspi.kz,xn--kai-lza40c.kz,homoglyph,,no
kaspi.kz,xn--kai-lza47a.kz,homoglyph,,no
kaspi.kz,xn--kai-lza4918a.kz,homoglyph,,no
kaspi.kz,xn--kai-sbb3677a.kz,homoglyph,,no
kaspi.kz,xn--kai-sbb36b.kz,homoglyph,,no
kaspi.kz,xn--kai-sbb3777a.kz,homoglyph,,no
kaspi.kz,xn--kai-sbb3882s.kz,homoglyph,,no
kaspi.kz,xn--kai-sbb88g.kz,homoglyph,,no
kaspi.kz,xn--kai-t7a3097a.kz,homoglyph,,no
kaspi.kz,xn--kai-t7a3103s.kz,homoglyph,,no
kaspi.kz,xn--kai-t7a3987a.kz,homoglyph,,no
kaspi.kz,xn--kai-t7a39c.kz,homoglyph,,no
kaspi.kz,xn--kai-t7a81i.kz,homoglyph,,no
kaspi.kz,xn--kai-tza46a.kz,homoglyph,,no
kaspi.kz,xn--kai-tza4818a.kz,homoglyph,,no
kaspi.kz,xn--kai-tza4918a.kz,homoglyph,,no
kaspi.kz,xn--kai-tza49b.kz,homoglyph,,no
kaspi.kz,xn--kap-1ma2088a.kz,homoglyph,,no
kaspi.kz,xn--kap-1ma20m.kz,homoglyph,,no
kaspi.kz,xn--kap-1ma2188a.kz,homoglyph,,no
kaspi.kz,xn--kap-1ma2293s.kz,homoglyph,,no
kaspi.kz,xn--kap-1ma25c.kz,homoglyph,,no
kaspi.kz,xn--kap-1ma26c.kz,homoglyph,,no
kaspi.kz,xn--kap-1ma27c.kz,homoglyph,,no
kaspi.kz,xn--kap-1ma28c.kz,homoglyph,,no
kaspi.kz,xn--kap-1ma72r.kz,homoglyph,,no
kaspi.kz,xn--kap-1za03k.kz,homoglyph,,no
kaspi.kz,xn--kap-1za04k.kz,homoglyph,,no
kaspi.kz,xn--kap-1za07c.kz,homoglyph,,no
kaspi.kz,xn--kap-1za53k.kz,homoglyph,,no
kaspi.kz,xn--kap-1za5578a.kz,homoglyph,,no
kaspi.kz,xn--kap-1za5678a.kz,homoglyph,,no
kaspi.kz,xn--kap-1za56f.kz,homoglyph,,no
kaspi.kz,xn--kap-2lb01b.kz,homoglyph,,no
kaspi.kz,xn--kap-2lb02b.kz,homoglyph,,no
kaspi.kz,xn--kap-2lb51b.kz,homoglyph,,no
kaspi.kz,xn--kap-2lb5387a.kz,homoglyph,,no
kaspi.kz,xn--kap-2lb5487a.kz,homoglyph,,no
kaspi.kz,xn--kap-2xb0137a.kz,homoglyph,,no
kaspi.kz,xn--kap-2xb0237a.kz,homoglyph,,no
kaspi.kz,xn--kap-4ta2058a.kz,homoglyph,,no
kaspi.kz,xn--kap-4ta2163s.kz,homoglyph,,no
kaspi.kz,xn--kap-4ta2948a.kz,homoglyph,,no
kaspi.kz,xn--kap-4ta29i.kz,homoglyph,,no
kaspi.kz,xn--kap-4ta2u.kz,homoglyph,,no
kaspi.kz,xn--kap-4ta2v.kz,homoglyph,,no
kaspi.kz,xn--kap-4ta2w.kz,homoglyph,,no
kaspi.kz,xn--kap-4ta2x.kz,homoglyph,,no
kaspi.kz,xn--kap-4ta71o.kz,homoglyph,,no
kaspi.kz,xn--kap-4ub2k.kz,homoglyph,,no
kaspi.kz,xn--kap-4ub7196a.kz,homoglyph,,no
kaspi.kz,xn--kap-4ub7296a.kz,homoglyph,,no
kaspi.kz,xn--kap-4ub7302s.kz,homoglyph,,no
kaspi.kz,xn--kap-8ub2196a.kz,homoglyph,,no
kaspi.kz,xn--kap-8ub2296a.kz,homoglyph,,no
kaspi.kz,xn--kap-8ub2302s.kz,homoglyph,,no
kaspi.kz,xn--kap-8ub7j.kz,homoglyph,,no
kaspi.kz,xn--kap-dua2063s.kz,homoglyph,,no
kaspi.kz,xn--kap-dua2848a.kz,homoglyph,,no
kaspi.kz,xn--kap-dua28i.kz,homoglyph,,no
kaspi.kz,xn--kap-dua2948a.kz,homoglyph,,no
kaspi.kz,xn--kap-dua2t.kz,homoglyph,,no
kaspi.kz,xn--kap-dua2u.kz,homoglyph,,no
kaspi.kz,xn--kap-dua2v.kz,homoglyph,,no
kaspi.kz,xn--kap-dua2w.kz,homoglyph,,no
kaspi.kz,xn--kap-dua70o.kz,homoglyph,,no
kaspi.kz,xn--kap-dvb2j.kz,homoglyph,,no
kaspi.kz,xn--kap-dvb7096a.kz,homoglyph,,no
kaspi.kz,xn--kap-dvb7196a.kz,homoglyph,,no
kaspi.kz,xn--kap-dvb7202s.kz,homoglyph,,no
kaspi.kz,xn--kap-dza00d.kz,homoglyph,,no
kaspi.kz,xn--kap-dza06k.kz,homoglyph,,no
kaspi.kz,xn--kap-dza07k.kz,homoglyph,,no
kaspi.kz,xn--kap-dza56k.kz,homoglyph,,no
kaspi.kz,xn--kap-dza5878a.kz,homoglyph,,no
kaspi.kz,xn--kap-dza5978a.kz,homoglyph,,no
kaspi.kz,xn--kap-dza59f.kz,homoglyph,,no
kaspi.kz,xn--kap-flzz724f.kz,homoglyph,,no
kaspi.kz,xn--kap-i8y5z.kz,homoglyph,,no
kaspi.kz,xn--kap-i8yvz.kz,homoglyph,,no
kaspi.kz,xn--kap-ikb2052s.kz,homoglyph,,no
kaspi.kz,xn--kap-ikb2837a.kz,homoglyph,,no
kaspi.kz,xn--kap-ikb2937a.kz,homoglyph,,no
kaspi.kz,xn--kap-ikb2e.kz,homoglyph,,no
kaspi.kz,xn--kap-ikb70d.kz,homoglyph,,no
kaspi.kz,xn--kap-lua2748a.kz,homoglyph,,no
kaspi.kz,xn--kap-lua27i.kz,homoglyph,,no
kaspi.kz,xn--kap-lua2848a.kz,homoglyph,,no
kaspi.kz,xn--kap-lua2953s.kz,homoglyph,,no
kaspi.kz,xn--kap-lua2s.kz,homoglyph,,no
kaspi.kz,xn--kap-lua2t.kz,homoglyph,,no
kaspi.kz,xn--kap-lua2u.kz,homoglyph,,no
kaspi.kz,xn--kap-lua2v.kz,homoglyph,,no
kaspi.kz,xn--kap-lua79n.kz,homoglyph,,no
kaspi.kz,xn--kap-lza05k.kz,homoglyph,,no
kaspi.kz,xn--kap-lza06k.kz,homoglyph,,no
kaspi.kz,xn--kap-lza09c.kz,homoglyph,,no
kaspi.kz,xn--kap-lza55k.kz,homoglyph,,no
kaspi.kz,xn--kap-lza5778a.kz,homoglyph,,no
kaspi.kz,xn--kap-lza5878a.kz,homoglyph,,no
kaspi.kz,xn--kap-lza58f.kz,homoglyph,,no
kaspi.kz,xn--kap-nlzp724f.kz,homoglyph,,no
kaspi.kz,xn--kap-ota2158a.kz,homoglyph,,no
kaspi.kz,xn--kap-ota21j.kz,homoglyph,,no
kaspi.kz,xn--kap-ota2258a.kz,homoglyph,,no
kaspi.kz,xn--kap-ota2363s.kz,homoglyph,,no
kaspi.kz,xn--kap-ota2w.kz,homoglyph,,no
kaspi.kz,xn--kap-ota2x.kz,homoglyph,,no
kaspi.kz,xn--kap-ota2y.kz,homoglyph,,no
kaspi.kz,xn--kap-ota2z.kz,homoglyph,,no
kaspi.kz,xn--kap-ota73o.kz,homoglyph,,no
kaspi.kz,xn--kap-pma24r.kz,homoglyph,,no
kaspi.kz,xn--kap-pma7188a.kz,homoglyph,,no
kaspi.kz,xn--kap-pma71m.kz,homoglyph,,no
kaspi.kz,xn--kap-pma7288a.kz,homoglyph,,no
kaspi.kz,xn--kap-pma7393s.kz,homoglyph,,no
kaspi.kz,xn--kap-pma76c.kz,homoglyph,,no
kaspi.kz,xn--kap-pma77c.kz,homoglyph,,no
kaspi.kz,xn--kap-pma78c.kz,homoglyph,,no
kaspi.kz,xn--kap-pma79c.kz,homoglyph,,no
kaspi.kz,xn--kap-q8y5y.kz,homoglyph,,no
kaspi.kz,xn--kap-q8yvz.kz,homoglyph,,no
kaspi.kz,xn--kap-rdb20g.kz,homoglyph,,no
kaspi.kz,xn--kap-rdb7767a.kz,homoglyph,,no
kaspi.kz,xn--kap-rdb77a.kz,homoglyph,,no
kaspi.kz,xn--kap-rdb7867a.kz,homoglyph,,no
kaspi.kz,xn--kap-rdb7972s.kz,homoglyph,,no
kaspi.kz,xn--kap-tma2188a.kz,homoglyph,,no
kaspi.kz,xn--kap-tma21m.kz,homoglyph,,no
kaspi.kz,xn--kap-tma2288a.kz,homoglyph,,no
kaspi.kz,xn--kap-tma2393s.kz,homoglyph,,no
kaspi.kz,xn--kap-tma26c.kz,homoglyph,,no
kaspi.kz,xn--kap-tma27c.kz,homoglyph,,no
kaspi.kz,xn--kap-tma28c.kz,homoglyph,,no
kaspi.kz,xn--kap-tma29c.kz,homoglyph,,no
kaspi.kz,xn--kap-tma73r.kz,homoglyph,,no
kaspi.kz,xn--kap-tza04k.kz,homoglyph,,no
kaspi.kz,xn--kap-tza05k.kz,homoglyph,,no
kaspi.kz,xn--kap-tza08c.kz,homoglyph,,no
kaspi.kz,xn--kap-tza54k.kz,homoglyph,,no
kaspi.kz,xn--kap-tza5678a.kz,homoglyph,,no
kaspi.kz,xn--kap-tza5778a.kz,homoglyph,,no
kaspi.kz,xn--kap-tza57f.kz,homoglyph,,no
kaspi.kz,xn--kap-wta2058a.kz,homoglyph,,no
kaspi.kz,xn--kap-wta20j.kz,homoglyph,,no
kaspi.kz,xn--kap-wta2158a.kz,homoglyph,,no
kaspi.kz,xn--kap-wta2263s.kz,homoglyph,,no
kaspi.kz,xn--kap-wta2v.kz,homoglyph,,no
kaspi.kz,xn--kap-wta2w.kz,homoglyph,,no
kaspi.kz,xn--kap-wta2x.kz,homoglyph,,no
kaspi.kz,xn--kap-wta2y.kz,homoglyph,,no
kaspi.kz,xn--kap-wta72o.kz,homoglyph,,no
kaspi.kz,xn--kap-xma23r.kz,homoglyph,,no
kaspi.kz,xn--kap-xma7088a.kz,homoglyph,,no
kaspi.kz,xn--kap-xma70m.kz,homoglyph,,no
kaspi.kz,xn--kap-xma7188a.kz,homoglyph,,no
kaspi.kz,xn--kap-xma7293s.kz,homoglyph,,no
kaspi.kz,xn--kap-xma75c.kz,homoglyph,,no
kaspi.kz,xn--kap-xma76c.kz,homoglyph,,no
kaspi.kz,xn--kap-xma77c.kz,homoglyph,,no
kaspi.kz,xn--kap-xma78c.kz,homoglyph,,no
kaspi.kz,xn--kap1-1h5a.kz,homoglyph,,no
kaspi.kz,xn--kap1-65a.kz,homoglyph,,no
kaspi.kz,xn--kap1-ci5a.kz,homoglyph,,no
kaspi.kz,xn--kap1-h6a.kz,homoglyph,,no
kaspi.kz,xn--kap1-hg8o.kz,homoglyph,,no
kaspi.kz,xn--kap1-m5a.kz,homoglyph,,no
kaspi.kz,xn--kap1-rdc.kz,homoglyph,,no
kaspi.kz,xn--kap1-rxb.kz,homoglyph,,no
kaspi.kz,xn--kap1-w5a.kz,homoglyph,,no
kaspi.kz,xn--kapi-1h5a.kz,homoglyph,,no
kaspi.kz,xn--kapi-65a.kz,homoglyph,,no
kaspi.kz,xn--kapi-ci5a.kz,homoglyph,,no
kaspi.kz,xn--kapi-h6a.kz,homoglyph,,no
kaspi.kz,xn--kapi-hg8o.kz,homoglyph,,no
kaspi.kz,xn--kapi-m5a.kz,homoglyph,,no
kaspi.kz,xn--kapi-rdc.kz,homoglyph,,no
kaspi.kz,xn--kapi-rxb.kz,homoglyph,,no
kaspi.kz,xn--kapi-w5a.kz,homoglyph,,no
kaspi.kz,xn--kapl-1h5a.kz,homoglyph,,no
kaspi.kz,xn--kapl-65a.kz,homoglyph,,no
kaspi.kz,xn--kapl-ci5a.kz,homoglyph,,no
kaspi.kz,xn--kapl-h6a.kz,homoglyph,,no
kaspi.kz,xn--kapl-hg8o.kz,homoglyph,,no
kaspi.kz,xn--kapl-m5a.kz,homoglyph,,no
kaspi.kz,xn--kapl-rdc.kz,homoglyph,,no
kaspi.kz,xn--kapl-rxb.kz,homoglyph,,no
kaspi.kz,xn--kapl-w5a.kz,homoglyph,,no
kaspi.kz,xn--kas-1ma32g.kz,homoglyph,,no
kaspi.kz,xn--kas-1ma3478a.kz,homoglyph,,no
kaspi.kz,xn--kas-1ma3578a.kz,homoglyph,,no
kaspi.kz,xn--kas-1ma35h.kz,homoglyph,,no
kaspi.kz,xn--kas-4ta31d.kz,homoglyph,,no
kaspi.kz,xn--kas-4ta3348a.kz,homoglyph,,no
kaspi.kz,xn--kas-4ta3448a.kz,homoglyph,,no
kaspi.kz,xn--kas-4ta34e.kz,homoglyph,,no
kaspi.kz,xn--kas-4ub8586a.kz,homoglyph,,no
kaspi.kz,xn--kas-4ub8686a.kz,homoglyph,,no
kaspi.kz,xn--kas-56y42a.kz,homoglyph,,no
kaspi.kz,xn--kas-56yu2a.kz,homoglyph,,no
kaspi.kz,xn--kas-8ub3586a.kz,homoglyph,,no
kaspi.kz,xn--kas-8ub3686a.kz,homoglyph,,no
kaspi.kz,xn--kas-dua30d.kz,homoglyph,,no
kaspi.kz,xn--kas-dua3248a.kz,homoglyph,,no
kaspi.kz,xn--kas-dua3348a.kz,homoglyph,,no
kaspi.kz,xn--kas-dua33e.kz,homoglyph,,no
kaspi.kz,xn--kas-dvb8486a.kz,homoglyph,,no
kaspi.kz,xn--kas-dvb8586a.kz,homoglyph,,no
kaspi.kz,xn--kas-e7y41a.kz,homoglyph,,no
kaspi.kz,xn--kas-e7yu2a.kz,homoglyph,,no
kaspi.kz,xn--kas-ikb3237a.kz,homoglyph,,no
kaspi.kz,xn--kas-ikb3337a.kz,homoglyph,,no
kaspi.kz,xn--kas-lua3148a.kz,homoglyph,,no
kaspi.kz,xn--kas-lua3248a.kz,homoglyph,,no
kaspi.kz,xn--kas-lua32e.kz,homoglyph,,no
kaspi.kz,xn--kas-lua39c.kz,homoglyph,,no
kaspi.kz,xn--kas-ota33d.kz,homoglyph,,no
kaspi.kz,xn--kas-ota3548a.kz,homoglyph,,no
kaspi.kz,xn--kas-ota3648a.kz,homoglyph,,no
kaspi.kz,xn--kas-ota36e.kz,homoglyph,,no
kaspi.kz,xn--kas-pma83g.kz,homoglyph,,no
kaspi.kz,xn--kas-pma8578a.kz,homoglyph,,no
kaspi.kz,xn--kas-pma8678a.kz,homoglyph,,no
kaspi.kz,xn--kas-pma86h.kz,homoglyph,,no
kaspi.kz,xn--kas-rdb8167a.kz,homoglyph,,no
kaspi.kz,xn--kas-rdb8267a.kz,homoglyph,,no
kaspi.kz,xn--kas-tbb46f.kz,homoglyph,,no
kaspi.kz,xn--kas-tbb4828a.kz,homoglyph,,no
kaspi.kz,xn--kas-tbb4928a.kz,homoglyph,,no
kaspi.kz,xn--kas-tbb49a.kz,homoglyph,,no
kaspi.kz,xn--kas-tbb95f.kz,homoglyph,,no
kaspi.kz,xn--kas-tbb96f.kz,homoglyph,,no
kaspi.kz,xn--kas-tbb9f.kz,homoglyph,,no
kaspi.kz,xn--kas-tma33g.kz,homoglyph,,no
kaspi.kz,xn--kas-tma3578a.kz,homoglyph,,no
kaspi.kz,xn--kas-tma3678a.kz,homoglyph,,no
kaspi.kz,xn--kas-tma36h.kz,homoglyph,,no
kaspi.kz,xn--kas-u7a4148a.kz,homoglyph,,no
kaspi.kz,xn--kas-u7a4248a.kz,homoglyph,,no
kaspi.kz,xn--kas-u7a42c.kz,homoglyph,,no
kaspi.kz,xn--kas-u7a49g.kz,homoglyph,,no
kaspi.kz,xn--kas-u7a98g.kz,homoglyph,,no
kaspi.kz,xn--kas-u7a99g.kz,homoglyph,,no
kaspi.kz,xn--kas-u7a9s.kz,homoglyph,,no
kaspi.kz,xn--kas-wta32d.kz,homoglyph,,no
kaspi.kz,xn--kas-wta3448a.kz,homoglyph,,no
kaspi.kz,xn--kas-wta3548a.kz,homoglyph,,no
kaspi.kz,xn--kas-wta35e.kz,homoglyph,,no
kaspi.kz,xn--kas-xma82g.kz,homoglyph,,no
kaspi.kz,xn--kas-xma8478a.kz,homoglyph,,no
kaspi.kz,xn--kas-xma8578a.kz,homoglyph,,no
kaspi.kz,xn--kas-xma85h.kz,homoglyph,,no
kaspi.kz,xn--kas1-7gb.kz,homoglyph,,no
kaspi.kz,xn--kas1-dg5a.kz,homoglyph,,no
kaspi.kz,xn--kas1-ng5a.kz,homoglyph,,no
kaspi.kz,xn--kas1-xkb.kz,homoglyph,,no
kaspi.kz,xn--kasi-7gb.kz,homoglyph,,no
kaspi.kz,xn--kasi-dg5a.kz,homoglyph,,no
kaspi.kz,xn--kasi-ng5a.kz,homoglyph,,no
kaspi.kz,xn--kasi-xkb.kz,homoglyph,,no
kaspi.kz,xn--kasl-7gb.kz,homoglyph,,no
kaspi.kz,xn--kasl-dg5a.kz,homoglyph,,no
kaspi.kz,xn--kasl-ng5a.kz,homoglyph,,no
kaspi.kz,xn--kasl-xkb.kz,homoglyph,,no
kaspi.kz,xn--kasp-31a.kz,homoglyph,,no
kaspi.kz,xn--kasp-38b.kz,homoglyph,,no
kaspi.kz,xn--kasp-3pa.kz,homoglyph,,no
kaspi.kz,xn--kasp-3ya.kz,homoglyph,,no
kaspi.kz,xn--kasp-80a.kz,homoglyph,,no
kaspi.kz,xn--kasp-88b.kz,homoglyph,,no
kaspi.kz,xn--kasp-8pa.kz,homoglyph,,no
kaspi.kz,xn--kasp-8w5a.kz,homoglyph,,no
kaspi.kz,xn--kasp-e9b.kz,homoglyph,,no
kaspi.kz,xn--kasp-enb.kz,homoglyph,,no
kaspi.kz,xn--kasp-eza.kz,homoglyph,,no
kaspi.kz,xn--kasp-j1a.kz,homoglyph,,no
kaspi.kz,xn--kasp-j9b.kz,homoglyph,,no
kaspi.kz,xn--kasp-jya.kz,homoglyph,,no
kaspi.kz,xn--kasp-oza.kz,homoglyph,,no
kaspi.kz,xn--kasp-tpa.kz,homoglyph,,no
kaspi.kz,xn--kasp-tvb.kz,homoglyph,,no
kaspi.kz,xn--kasp-tya.kz,homoglyph,,no
kaspi.kz,xn--kasp-y0a.kz,homoglyph,,no
kaspi.kz,xn--kasp-ypa.kz,homoglyph,,no
kaspi.kz,xn--kasp-yw5a.kz,homoglyph,,no
kaspi.kz,xn--kpi-0za30h.kz,homoglyph,,no
kaspi.kz,xn--kpi-0za31j.kz,homoglyph,,no
kaspi.kz,xn--kpi-0za3558a.kz,homoglyph,,no
kaspi.kz,xn--kpi-0za35j.kz,homoglyph,,no
kaspi.kz,xn--kpi-0za85c.kz,homoglyph,,no
kaspi.kz,xn--kpi-1lb3367a.kz,homoglyph,,no
kaspi.kz,xn--kpi-1lb33a.kz,homoglyph,,no
kaspi.kz,xn--kpi-1lb3e.kz,homoglyph,,no
kaspi.kz,xn--kpi-1lb3z.kz,homoglyph,,no
kaspi.kz,xn--kpi-1oa4178a.kz,homoglyph,,no
kaspi.kz,xn--kpi-1oa41l.kz,homoglyph,,no
kaspi.kz,xn--kpi-1oa4278a.kz,homoglyph,,no
kaspi.kz,xn--kpi-1oa4383s.kz,homoglyph,,no
kaspi.kz,xn--kpi-1oa46b.kz,homoglyph,,no
kaspi.kz,xn--kpi-1oa47b.kz,homoglyph,,no
kaspi.kz,xn--kpi-1oa48b.kz,homoglyph,,no
kaspi.kz,xn--kpi-1oa49b.kz,homoglyph,,no
kaspi.kz,xn--kpi-1oa93q.kz,homoglyph,,no
kaspi.kz,xn--kpi-1xb8017a.kz,homoglyph,,no
kaspi.kz,xn--kpi-9ka40s.kz,homoglyph,,no
kaspi.kz,xn--kpi-9ka92d.kz,homoglyph,,no
kaspi.kz,xn--kpi-9ka93d.kz,homoglyph,,no
kaspi.kz,xn--kpi-9ka94d.kz,homoglyph,,no
kaspi.kz,xn--kpi-9ka95d.kz,homoglyph,,no
kaspi.kz,xn--kpi-9ka9788a.kz,homoglyph,,no
kaspi.kz,xn--kpi-9ka97m.kz,homoglyph,,no
kaspi.kz,xn--kpi-9ka9888a.kz,homoglyph,,no
kaspi.kz,xn--kpi-9ka9993s.kz,homoglyph,,no
kaspi.kz,xn--kpi-9oa4078a.kz,homoglyph,,no
kaspi.kz,xn--kpi-9oa40l.kz,homoglyph,,no
kaspi.kz,xn--kpi-9oa4178a.kz,homoglyph,,no
kaspi.kz,xn--kpi-9oa4283s.kz,homoglyph,,no
kaspi.kz,xn--kpi-9oa45b.kz,homoglyph,,no
kaspi.kz,xn--kpi-9oa46b.kz,homoglyph,,no
kaspi.kz,xn--kpi-9oa47b.kz,homoglyph,,no
kaspi.kz,xn--kpi-9oa48b.kz,homoglyph,,no
kaspi.kz,xn--kpi-9oa92q.kz,homoglyph,,no
kaspi.kz,xn--kpi-cza33h.kz,homoglyph,,no
kaspi.kz,xn--kpi-cza34j.kz,homoglyph,,no
kaspi.kz,xn--kpi-cza3858a.kz,homoglyph,,no
kaspi.kz,xn--kpi-cza38j.kz,homoglyph,,no
kaspi.kz,xn--kpi-cza88c.kz,homoglyph,,no
kaspi.kz,xn--kpi-dtb4007a.kz,homoglyph,,no
kaspi.kz,xn--kpi-dtb4112s.kz,homoglyph,,no
kaspi.kz,xn--kpi-dtb4996a.kz,homoglyph,,no
kaspi.kz,xn--kpi-dtb9r.kz,homoglyph,,no
kaspi.kz,xn--kpi-ela42d.kz,homoglyph,,no
kaspi.kz,xn--kpi-ela43d.kz,homoglyph,,no
kaspi.kz,xn--kpi-ela44d.kz,homoglyph,,no
kaspi.kz,xn--kpi-ela45d.kz,homoglyph,,no
kaspi.kz,xn--kpi-ela4788a.kz,homoglyph,,no
kaspi.kz,xn--kpi-ela47m.kz,homoglyph,,no
kaspi.kz,xn--kpi-ela4888a.kz,homoglyph,,no
kaspi.kz,xn--kpi-ela4993s.kz,homoglyph,,no
kaspi.kz,xn--kpi-ela99r.kz,homoglyph,,no
kaspi.kz,xn--kpi-gsb4307a.kz,homoglyph,,no
kaspi.kz,xn--kpi-gsb4407a.kz,homoglyph,,no
kaspi.kz,xn--kpi-gsb4512s.kz,homoglyph,,no
kaspi.kz,xn--kpi-gsb9v.kz,homoglyph,,no
kaspi.kz,xn--kpi-h8ytp.kz,homoglyph,,no
kaspi.kz,xn--kpi-hdb41g.kz,homoglyph,,no
kaspi.kz,xn--kpi-hdb9082s.kz,homoglyph,,no
kaspi.kz,xn--kpi-hdb9867a.kz,homoglyph,,no
kaspi.kz,xn--kpi-hdb98a.kz,homoglyph,,no
kaspi.kz,xn--kpi-hdb9967a.kz,homoglyph,,no
kaspi.kz,xn--kpi-ila49r.kz,homoglyph,,no
kaspi.kz,xn--kpi-ila91d.kz,homoglyph,,no
kaspi.kz,xn--kpi-ila92d.kz,homoglyph,,no
kaspi.kz,xn--kpi-ila93d.kz,homoglyph,,no
kaspi.kz,xn--kpi-ila94d.kz,homoglyph,,no
kaspi.kz,xn--kpi-ila9688a.kz,homoglyph,,no
kaspi.kz,xn--kpi-ila96m.kz,homoglyph,,no
kaspi.kz,xn--kpi-ila9788a.kz,homoglyph,,no
kaspi.kz,xn--kpi-ila9893s.kz,homoglyph,,no
kaspi.kz,xn--kpi-ipa4078a.kz,homoglyph,,no
kaspi.kz,xn--kpi-ipa4183s.kz,homoglyph,,no
kaspi.kz,xn--kpi-ipa44b.kz,homoglyph,,no
kaspi.kz,xn--kpi-ipa45b.kz,homoglyph,,no
kaspi.kz,xn--kpi-ipa46b.kz,homoglyph,,no
kaspi.kz,xn--kpi-ipa47b.kz,homoglyph,,no
kaspi.kz,xn--kpi-ipa4968a.kz,homoglyph,,no
kaspi.kz,xn--kpi-ipa49k.kz,homoglyph,,no
kaspi.kz,xn--kpi-ipa91q.kz,homoglyph,,no
kaspi.kz,xn--kpi-kza32h.kz,homoglyph,,no
kaspi.kz,xn--kpi-kza33j.kz,homoglyph,,no
kaspi.kz,xn--kpi-kza3758a.kz,homoglyph,,no
kaspi.kz,xn--kpi-kza37j.kz,homoglyph,,no
kaspi.kz,xn--kpi-kza87c.kz,homoglyph,,no
kaspi.kz,xn--kpi-mla41d.kz,homoglyph,,no
kaspi.kz,xn--kpi-mla42d.kz,homoglyph,,no
kaspi.kz,xn--kpi-mla43d.kz,homoglyph,,no
kaspi.kz,xn--kpi-mla44d.kz,homoglyph,,no
kaspi.kz,xn--kpi-mla4688a.kz,homoglyph,,no
kaspi.kz,xn--kpi-mla46m.kz,homoglyph,,no
kaspi.kz,xn--kpi-mla4788a.kz,homoglyph,,no
kaspi.kz,xn--kpi-mla4893s.kz,homoglyph,,no
kaspi.kz,xn--kpi-mla98r.kz,homoglyph,,no
kaspi.kz,xn--kpi-nnb4427a.kz,homoglyph,,no
kaspi.kz,xn--kpi-nnb4527a.kz,homoglyph,,no
kaspi.kz,xn--kpi-nnb4632s.kz,homoglyph,,no
kaspi.kz,xn--kpi-nnb96b.kz,homoglyph,,no
kaspi.kz,xn--kpi-p8y3o.kz,homoglyph,,no
kaspi.kz,xn--kpi-qla48r.kz,homoglyph,,no
kaspi.kz,xn--kpi-qla90d.kz,homoglyph,,no
kaspi.kz,xn--kpi-qla91d.kz,homoglyph,,no
kaspi.kz,xn--kpi-qla92d.kz,homoglyph,,no
kaspi.kz,xn--kpi-qla93d.kz,homoglyph,,no
kaspi.kz,xn--kpi-qla9588a.kz,homoglyph,,no
kaspi.kz,xn--kpi-qla95m.kz,homoglyph,,no
kaspi.kz,xn--kpi-qla9688a.kz,homoglyph,,no
kaspi.kz,xn--kpi-qla9793s.kz,homoglyph,,no
kaspi.kz,xn--kpi-sgzr734f.kz,homoglyph,,no
kaspi.kz,xn--kpi-sza31h.kz,homoglyph,,no
kaspi.kz,xn--kpi-sza32j.kz,homoglyph,,no
kaspi.kz,xn--kpi-sza3658a.kz,homoglyph,,no
kaspi.kz,xn--kpi-sza36j.kz,homoglyph,,no
kaspi.kz,xn--kpi-sza86c.kz,homoglyph,,no
kaspi.kz,xn--kpi-ula40d.kz,homoglyph,,no
kaspi.kz,xn--kpi-ula41d.kz,homoglyph,,no
kaspi.kz,xn--kpi-ula42d.kz,homoglyph,,no
kaspi.kz,xn--kpi-ula43d.kz,homoglyph,,no
kaspi.kz,xn--kpi-ula4588a.kz,homoglyph,,no
kaspi.kz,xn--kpi-ula45m.kz,homoglyph,,no
kaspi.kz,xn--kpi-ula4688a.kz,homoglyph,,no
kaspi.kz,xn--kpi-ula4793s.kz,homoglyph,,no
kaspi.kz,xn--kpi-ula97r.kz,homoglyph,,no
kaspi.kz,xn--ksi-1oa53f.kz,homoglyph,,no
kaspi.kz,xn--ksi-1oa5568a.kz,homoglyph,,no
kaspi.kz,xn--ksi-1oa5668a.kz,homoglyph,,no
kaspi.kz,xn--ksi-1oa56g.kz,homoglyph,,no
kaspi.kz,xn--ksi-46yss.kz,homoglyph,,no
kaspi.kz,xn--ksi-9ka00h.kz,homoglyph,,no
kaspi.kz,xn--ksi-9ka0288a.kz,homoglyph,,no
kaspi.kz,xn--ksi-9ka0388a.kz,homoglyph,,no
kaspi.kz,xn--ksi-9ka03i.kz,homoglyph,,no
kaspi.kz,xn--ksi-9oa52f.kz,homoglyph,,no
kaspi.kz,xn--ksi-9oa5468a.kz,homoglyph,,no
kaspi.kz,xn--ksi-9oa5568a.kz,homoglyph,,no
kaspi.kz,xn--ksi-9oa55g.kz,homoglyph,,no
kaspi.kz,xn--ksi-d7y2r.kz,homoglyph,,no
kaspi.kz,xn--ksi-dtb5396a.kz,homoglyph,,no
kaspi.kz,xn--ksi-dtb5496a.kz,homoglyph,,no
kaspi.kz,xn--ksi-ela5188a.kz,homoglyph,,no
kaspi.kz,xn--ksi-ela5288a.kz,homoglyph,,no
kaspi.kz,xn--ksi-ela52i.kz,homoglyph,,no
kaspi.kz,xn--ksi-ela59g.kz,homoglyph,,no
kaspi.kz,xn--ksi-gsb5796a.kz,homoglyph,,no
kaspi.kz,xn--ksi-gsb5896a.kz,homoglyph,,no
kaspi.kz,xn--ksi-hdb0367a.kz,homoglyph,,no
kaspi.kz,xn--ksi-hdb0467a.kz,homoglyph,,no
kaspi.kz,xn--ksi-ila0188a.kz,homoglyph,,no
kaspi.kz,xn--ksi-ila0288a.kz,homoglyph,,no
kaspi.kz,xn--ksi-ila02i.kz,homoglyph,,no
kaspi.kz,xn--ksi-ila09g.kz,homoglyph,,no
kaspi.kz,xn--ksi-ipa51f.kz,homoglyph,,no
kaspi.kz,xn--ksi-ipa5368a.kz,homoglyph,,no
kaspi.kz,xn--ksi-ipa5468a.kz,homoglyph,,no
kaspi.kz,xn--ksi-ipa54g.kz,homoglyph,,no
kaspi.kz,xn--ksi-mla5088a.kz,homoglyph,,no
kaspi.kz,xn--ksi-mla5188a.kz,homoglyph,,no
kaspi.kz,xn--ksi-mla51i.kz,homoglyph,,no
kaspi.kz,xn--ksi-mla58g.kz,homoglyph,,no
kaspi.kz,xn--ksi-nnb5817a.kz,homoglyph,,no
kaspi.kz,xn--ksi-nnb5917a.kz,homoglyph,,no
kaspi.kz,xn--ksi-qla0088a.kz,homoglyph,,no
kaspi.kz,xn--ksi-qla0188a.kz,homoglyph,,no
kaspi.kz,xn--ksi-qla01i.kz,homoglyph,,no
kaspi.kz,xn--ksi-qla08g.kz,homoglyph,,no
kaspi.kz,xn--ksi-sbb23c.kz,homoglyph,,no
kaspi.kz,xn--ksi-sbb24e.kz,homoglyph,,no
kaspi.kz,xn--ksi-sbb2808a.kz,homoglyph,,no
kaspi.kz,xn--ksi-sbb28e.kz,homoglyph,,no
kaspi.kz,xn--ksi-sbb7e.kz,homoglyph,,no
kaspi.kz,xn--ksi-t7a2128a.kz,homoglyph,,no
kaspi.kz,xn--ksi-t7a21g.kz,homoglyph,,no
kaspi.kz,xn--ksi-t7a26d.kz,homoglyph,,no
kaspi.kz,xn--ksi-t7a27f.kz,homoglyph,,no
kaspi.kz,xn--ksi-t7a7r.kz,homoglyph,,no
kaspi.kz,xn--ksi-ula5088a.kz,homoglyph,,no
kaspi.kz,xn--ksi-ula50i.kz,homoglyph,,no
kaspi.kz,xn--ksi-ula57g.kz,homoglyph,,no
kaspi.kz,xn--ksi-ula5978a.kz,homoglyph,,no
kaspi.kz,xn--ksp-1ma1219a.kz,homoglyph,,no
kaspi.kz,xn--ksp-1ma12p.kz,homoglyph,,no
kaspi.kz,xn--ksp-1ma17m.kz,homoglyph,,no
kaspi.kz,xn--ksp-1ma18o.kz,homoglyph,,no
kaspi.kz,xn--ksp-1ma1g.kz,homoglyph,,no
kaspi.kz,xn--ksp-1ma1h.kz,homoglyph,,no
kaspi.kz,xn--ksp-1ma1i.kz,homoglyph,,no
kaspi.kz,xn--ksp-1ma62i.kz,homoglyph,,no
kaspi.kz,xn--ksp-1oa11p.kz,homoglyph,,no
kaspi.kz,xn--ksp-1oa12p.kz,homoglyph,,no
kaspi.kz,xn--ksp-1oa15h.kz,homoglyph,,no
kaspi.kz,xn--ksp-1oa61p.kz,homoglyph,,no
kaspi.kz,xn--ksp-1oa6329a.kz,homoglyph,,no
kaspi.kz,xn--ksp-1oa6429a.kz,homoglyph,,no
kaspi.kz,xn--ksp-1oa64k.kz,homoglyph,,no
kaspi.kz,xn--ksp-1oa6r.kz,homoglyph,,no
kaspi.kz,xn--ksp-1oa6s.kz,homoglyph,,no
kaspi.kz,xn--ksp-1oa6t.kz,homoglyph,,no
kaspi.kz,xn--ksp-1oa6u.kz,homoglyph,,no
kaspi.kz,xn--ksp-1oa6v.kz,homoglyph,,no
kaspi.kz,xn--ksp-4ta1188a.kz,homoglyph,,no
kaspi.kz,xn--ksp-4ta11m.kz,homoglyph,,no
kaspi.kz,xn--ksp-4ta16j.kz,homoglyph,,no
kaspi.kz,xn--ksp-4ta17l.kz,homoglyph,,no
kaspi.kz,xn--ksp-4ta61f.kz,homoglyph,,no
kaspi.kz,xn--ksp-4ub6327a.kz,homoglyph,,no
kaspi.kz,xn--ksp-8ub1327a.kz,homoglyph,,no
kaspi.kz,xn--ksp-9ka1049a.kz,homoglyph,,no
kaspi.kz,xn--ksp-9ka10b.kz,homoglyph,,no
kaspi.kz,xn--ksp-9ka1149a.kz,homoglyph,,no
kaspi.kz,xn--ksp-9ka11b.kz,homoglyph,,no
kaspi.kz,xn--ksp-9ka11m.kz,homoglyph,,no
kaspi.kz,xn--ksp-9ka12b.kz,homoglyph,,no
kaspi.kz,xn--ksp-9ka18a.kz,homoglyph,,no
kaspi.kz,xn--ksp-9ka18q.kz,homoglyph,,no
kaspi.kz,xn--ksp-9ka19a.kz,homoglyph,,no
kaspi.kz,xn--ksp-9ka1e.kz,homoglyph,,no
kaspi.kz,xn--ksp-9ka1f.kz,homoglyph,,no
kaspi.kz,xn--ksp-9ka61j.kz,homoglyph,,no
kaspi.kz,xn--ksp-9ka67q.kz,homoglyph,,no
kaspi.kz,xn--ksp-9ka68q.kz,homoglyph,,no
kaspi.kz,xn--ksp-9ka6d.kz,homoglyph,,no
kaspi.kz,xn--ksp-9ka6e.kz,homoglyph,,no
kaspi.kz,xn--ksp-9oa10p.kz,homoglyph,,no
kaspi.kz,xn--ksp-9oa11p.kz,homoglyph,,no
kaspi.kz,xn--ksp-9oa14h.kz,homoglyph,,no
kaspi.kz,xn--ksp-9oa60p.kz,homoglyph,,no
kaspi.kz,xn--ksp-9oa6229a.kz,homoglyph,,no
kaspi.kz,xn--ksp-9oa6329a.kz,homoglyph,,no
kaspi.kz,xn--ksp-9oa63k.kz,homoglyph,,no
kaspi.kz,xn--ksp-9oa6q.kz,homoglyph,,no
kaspi.kz,xn--ksp-9oa6r.kz,homoglyph,,no
kaspi.kz,xn--ksp-9oa6s.kz,homoglyph,,no
kaspi.kz,xn--ksp-9oa6t.kz,homoglyph,,no
kaspi.kz,xn--ksp-9oa6u.kz,homoglyph,,no
kaspi.kz,xn--ksp-dtb1f.kz,homoglyph,,no
kaspi.kz,xn--ksp-dtb1g.kz,homoglyph,,no
kaspi.kz,xn--ksp-dtb6157a.kz,homoglyph,,no
kaspi.kz,xn--ksp-dtb6257a.kz,homoglyph,,no
kaspi.kz,xn--ksp-dtb6f.kz,homoglyph,,no
kaspi.kz,xn--ksp-dua1088a.kz,homoglyph,,no
kaspi.kz,xn--ksp-dua10m.kz,homoglyph,,no
kaspi.kz,xn--ksp-dua15j.kz,homoglyph,,no
kaspi.kz,xn--ksp-dua16l.kz,homoglyph,,no
kaspi.kz,xn--ksp-dua60f.kz,homoglyph,,no
kaspi.kz,xn--ksp-dvb6227a.kz,homoglyph,,no
kaspi.kz,xn--ksp-ela11j.kz,homoglyph,,no
kaspi.kz,xn--ksp-ela17q.kz,homoglyph,,no
kaspi.kz,xn--ksp-ela18q.kz,homoglyph,,no
kaspi.kz,xn--ksp-ela1d.kz,homoglyph,,no
kaspi.kz,xn--ksp-ela1e.kz,homoglyph,,no
kaspi.kz,xn--ksp-ela6049a.kz,homoglyph,,no
kaspi.kz,xn--ksp-ela60b.kz,homoglyph,,no
kaspi.kz,xn--ksp-ela60m.kz,homoglyph,,no
kaspi.kz,xn--ksp-ela61b.kz,homoglyph,,no
kaspi.kz,xn--ksp-ela67a.kz,homoglyph,,no
kaspi.kz,xn--ksp-ela67q.kz,homoglyph,,no
kaspi.kz,xn--ksp-ela68a.kz,homoglyph,,no
kaspi.kz,xn--ksp-ela6939a.kz,homoglyph,,no
kaspi.kz,xn--ksp-ela69a.kz,homoglyph,,no
kaspi.kz,xn--ksp-ela6d.kz,homoglyph,,no
kaspi.kz,xn--ksp-ela6e.kz,homoglyph,,no
kaspi.kz,xn--ksp-gsb1j.kz,homoglyph,,no
kaspi.kz,xn--ksp-gsb1k.kz,homoglyph,,no
kaspi.kz,xn--ksp-gsb6557a.kz,homoglyph,,no
kaspi.kz,xn--ksp-gsb6657a.kz,homoglyph,,no
kaspi.kz,xn--ksp-gsb6j.kz,homoglyph,,no
kaspi.kz,xn--ksp-hdb1128a.kz,homoglyph,,no
kaspi.kz,xn--ksp-hdb1228a.kz,homoglyph,,no
kaspi.kz,xn--ksp-hdb12a.kz,homoglyph,,no
kaspi.kz,xn--ksp-hdb19e.kz,homoglyph,,no
kaspi.kz,xn--ksp-hdb68e.kz,homoglyph,,no
kaspi.kz,xn--ksp-hdb69e.kz,homoglyph,,no
kaspi.kz,xn--ksp-hdbm.kz,homoglyph,,no
kaspi.kz,xn--ksp-ikb1077a.kz,homoglyph,,no
kaspi.kz,xn--ksp-ikb10b.kz,homoglyph,,no
kaspi.kz,xn--ksp-ikb16a.kz,homoglyph,,no
kaspi.kz,xn--ksp-ikb1l.kz,homoglyph,,no
kaspi.kz,xn--ksp-ila1049a.kz,homoglyph,,no
kaspi.kz,xn--ksp-ila10b.kz,homoglyph,,no
kaspi.kz,xn--ksp-ila10m.kz,homoglyph,,no
kaspi.kz,xn--ksp-ila11b.kz,homoglyph,,no
kaspi.kz,xn--ksp-ila17a.kz,homoglyph,,no
kaspi.kz,xn--ksp-ila17q.kz,homoglyph,,no
kaspi.kz,xn--ksp-ila18a.kz,homoglyph,,no
kaspi.kz,xn--ksp-ila1939a.kz,homoglyph,,no
kaspi.kz,xn--ksp-ila19a.kz,homoglyph,,no
kaspi.kz,xn--ksp-ila1d.kz,homoglyph,,no
kaspi.kz,xn--ksp-ila1e.kz,homoglyph,,no
kaspi.kz,xn--ksp-ila60j.kz,homoglyph,,no
kaspi.kz,xn--ksp-ila66q.kz,homoglyph,,no
kaspi.kz,xn--ksp-ila67q.kz,homoglyph,,no
kaspi.kz,xn--ksp-ila6c.kz,homoglyph,,no
kaspi.kz,xn--ksp-ila6d.kz,homoglyph,,no
kaspi.kz,xn--ksp-ipa10p.kz,homoglyph,,no
kaspi.kz,xn--ksp-ipa13h.kz,homoglyph,,no
kaspi.kz,xn--ksp-ipa19o.kz,homoglyph,,no
kaspi.kz,xn--ksp-ipa6129a.kz,homoglyph,,no
kaspi.kz,xn--ksp-ipa6229a.kz,homoglyph,,no
kaspi.kz,xn--ksp-ipa62k.kz,homoglyph,,no
kaspi.kz,xn--ksp-ipa69o.kz,homoglyph,,no
kaspi.kz,xn--ksp-ipa6p.kz,homoglyph,,no
kaspi.kz,xn--ksp-ipa6q.kz,homoglyph,,no
kaspi.kz,xn--ksp-ipa6r.kz,homoglyph,,no
kaspi.kz,xn--ksp-ipa6s.kz,homoglyph,,no
kaspi.kz,xn--ksp-ipa6t.kz,homoglyph,,no
kaspi.kz,xn--ksp-lua14j.kz,homoglyph,,no
kaspi.kz,xn--ksp-lua15l.kz,homoglyph,,no
kaspi.kz,xn--ksp-lua1978a.kz,homoglyph,,no
kaspi.kz,xn--ksp-lua19l.kz,homoglyph,,no
kaspi.kz,xn--ksp-lua69e.kz,homoglyph,,no
kaspi.kz,xn--ksp-mla10j.kz,homoglyph,,no
kaspi.kz,xn--ksp-mla16q.kz,homoglyph,,no
kaspi.kz,xn--ksp-mla17q.kz,homoglyph,,no
kaspi.kz,xn--ksp-mla1c.kz,homoglyph,,no
kaspi.kz,xn--ksp-mla1d.kz,homoglyph,,no
kaspi.kz,xn--ksp-mla60b.kz,homoglyph,,no
kaspi.kz,xn--ksp-mla66a.kz,homoglyph,,no
kaspi.kz,xn--ksp-mla66q.kz,homoglyph,,no
kaspi.kz,xn--ksp-mla67a.kz,homoglyph,,no
kaspi.kz,xn--ksp-mla6839a.kz,homoglyph,,no
kaspi.kz,xn--ksp-mla68a.kz,homoglyph,,no
kaspi.kz,xn--ksp-mla6939a.kz,homoglyph,,no
kaspi.kz,xn--ksp-mla69a.kz,homoglyph,,no
kaspi.kz,xn--ksp-mla69l.kz,homoglyph,,no
kaspi.kz,xn--ksp-mla6c.kz,homoglyph,,no
kaspi.kz,xn--ksp-mla6d.kz,homoglyph,,no
kaspi.kz,xn--ksp-nnb14a.kz,homoglyph,,no
kaspi.kz,xn--ksp-nnb15a.kz,homoglyph,,no
kaspi.kz,xn--ksp-nnb64a.kz,homoglyph,,no
kaspi.kz,xn--ksp-nnb6677a.kz,homoglyph,,no
kaspi.kz,xn--ksp-nnb6777a.kz,homoglyph,,no
kaspi.kz,xn--ksp-ota1388a.kz,homoglyph,,no
kaspi.kz,xn--ksp-ota13m.kz,homoglyph,,no
kaspi.kz,xn--ksp-ota18j.kz,homoglyph,,no
kaspi.kz,xn--ksp-ota19l.kz,homoglyph,,no
kaspi.kz,xn--ksp-ota63f.kz,homoglyph,,no
kaspi.kz,xn--ksp-pma14i.kz,homoglyph,,no
kaspi.kz,xn--ksp-pma6319a.kz,homoglyph,,no
kaspi.kz,xn--ksp-pma63p.kz,homoglyph,,no
kaspi.kz,xn--ksp-pma68m.kz,homoglyph,,no
kaspi.kz,xn--ksp-pma69o.kz,homoglyph,,no
kaspi.kz,xn--ksp-pma6h.kz,homoglyph,,no
kaspi.kz,xn--ksp-pma6i.kz,homoglyph,,no
kaspi.kz,xn--ksp-pma6j.kz,homoglyph,,no
kaspi.kz,xn--ksp-qla10b.kz,homoglyph,,no
kaspi.kz,xn--ksp-qla16a.kz,homoglyph,,no
kaspi.kz,xn--ksp-qla16q.kz,homoglyph,,no
kaspi.kz,xn--ksp-qla17a.kz,homoglyph,,no
kaspi.kz,xn--ksp-qla1839a.kz,homoglyph,,no
kaspi.kz,xn--ksp-qla18a.kz,homoglyph,,no
kaspi.kz,xn--ksp-qla1939a.kz,homoglyph,,no
kaspi.kz,xn--ksp-qla19a.kz,homoglyph,,no
kaspi.kz,xn--ksp-qla19l.kz,homoglyph,,no
kaspi.kz,xn--ksp-qla1c.kz,homoglyph,,no
kaspi.kz,xn--ksp-qla1d.kz,homoglyph,,no
kaspi.kz,xn--ksp-qla65q.kz,homoglyph,,no
kaspi.kz,xn--ksp-qla66q.kz,homoglyph,,no
kaspi.kz,xn--ksp-qla69i.kz,homoglyph,,no
kaspi.kz,xn--ksp-qla6b.kz,homoglyph,,no
kaspi.kz,xn--ksp-qla6c.kz,homoglyph,,no
kaspi.kz,xn--ksp-rdb64b.kz,homoglyph,,no
kaspi.kz,xn--ksp-rdb65d.kz,homoglyph,,no
kaspi.kz,xn--ksp-rdb6997a.kz,homoglyph,,no
kaspi.kz,xn--ksp-rdb69d.kz,homoglyph,,no
kaspi.kz,xn--ksp-sgz8i.kz,homoglyph,,no
kaspi.kz,xn--ksp-sgzxj.kz,homoglyph,,no
kaspi.kz,xn--ksp-tma1319a.kz,homoglyph,,no
kaspi.kz,xn--ksp-tma13p.kz,homoglyph,,no
kaspi.kz,xn--ksp-tma18m.kz,homoglyph,,no
kaspi.kz,xn--ksp-tma19o.kz,homoglyph,,no
kaspi.kz,xn--ksp-tma1h.kz,homoglyph,,no
kaspi.kz,xn--ksp-tma1i.kz,homoglyph,,no
kaspi.kz,xn--ksp-tma1j.kz,homoglyph,,no
kaspi.kz,xn--ksp-tma63i.kz,homoglyph,,no
kaspi.kz,xn--ksp-ula15q.kz,homoglyph,,no
kaspi.kz,xn--ksp-ula16q.kz,homoglyph,,no
kaspi.kz,xn--ksp-ula19i.kz,homoglyph,,no
kaspi.kz,xn--ksp-ula1b.kz,homoglyph,,no
kaspi.kz,xn--ksp-ula1c.kz,homoglyph,,no
kaspi.kz,xn--ksp-ula65a.kz,homoglyph,,no
kaspi.kz,xn--ksp-ula65q.kz,homoglyph,,no
kaspi.kz,xn--ksp-ula66a.kz,homoglyph,,no
kaspi.kz,xn--ksp-ula6739a.kz,homoglyph,,no
kaspi.kz,xn--ksp-ula67a.kz,homoglyph,,no
kaspi.kz,xn--ksp-ula6839a.kz,homoglyph,,no
kaspi.kz,xn--ksp-ula68a.kz,homoglyph,,no
kaspi.kz,xn--ksp-ula68l.kz,homoglyph,,no
kaspi.kz,xn--ksp-ula69a.kz,homoglyph,,no
kaspi.kz,xn--ksp-ula6b.kz,homoglyph,,no
kaspi.kz,xn--ksp-ula6c.kz,homoglyph,,no
kaspi.kz,xn--ksp-wta1288a.kz,homoglyph,,no
kaspi.kz,xn--ksp-wta12m.kz,homoglyph,,no
kaspi.kz,xn--ksp-wta17j.kz,homoglyph,,no
kaspi.kz,xn--ksp-wta18l.kz,homoglyph,,no
kaspi.kz,xn--ksp-wta62f.kz,homoglyph,,no
kaspi.kz,xn--ksp-xma13i.kz,homoglyph,,no
kaspi.kz,xn--ksp-xma6219a.kz,homoglyph,,no
kaspi.kz,xn--ksp-xma62p.kz,homoglyph,,no
kaspi.kz,xn--ksp-xma67m.kz,homoglyph,,no
kaspi.kz,xn--ksp-xma68o.kz,homoglyph,,no
kaspi.kz,xn--ksp-xma6g.kz,homoglyph,,no
kaspi.kz,xn--ksp-xma6h.kz,homoglyph,,no
kaspi.kz,xn--ksp-xma6i.kz,homoglyph,,no
kaspi.kz,xn--ksp1-0mb.kz,homoglyph,,no
kaspi.kz,xn--ksp1-0na.kz,homoglyph,,no
kaspi.kz,xn--ksp1-0sa.kz,homoglyph,,no
kaspi.kz,xn--ksp1-5na.kz,homoglyph,,no
kaspi.kz,xn--ksp1-5q5a.kz,homoglyph,,no
kaspi.kz,xn--ksp1-boa.kz,homoglyph,,no
kaspi.kz,xn--ksp1-bta.kz,homoglyph,,no
kaspi.kz,xn--ksp1-goa.kz,homoglyph,,no
kaspi.kz,xn--ksp1-loa.kz,homoglyph,,no
kaspi.kz,xn--ksp1-q5b.kz,homoglyph,,no
kaspi.kz,xn--ksp1-qoa.kz,homoglyph,,no
kaspi.kz,xn--ksp1-qsa.kz,homoglyph,,no
kaspi.kz,xn--ksp1-qzb.kz,homoglyph,,no
kaspi.kz,xn--ksp1-v6b.kz,homoglyph,,no
kaspi.kz,xn--kspi-0mb.kz,homoglyph,,no
kaspi.kz,xn--kspi-0na.kz,homoglyph,,no
kaspi.kz,xn--kspi-0sa.kz,homoglyph,,no
kaspi.kz,xn--kspi-5na.kz,homoglyph,,no
kaspi.kz,xn--kspi-5q5a.kz,homoglyph,,no
kaspi.kz,xn--kspi-boa.kz,homoglyph,,no
kaspi.kz,xn--kspi-bta.kz,homoglyph,,no
kaspi.kz,xn--kspi-goa.kz,homoglyph,,no
kaspi.kz,xn--kspi-loa.kz,homoglyph,,no
kaspi.kz,xn--kspi-q5b.kz,homoglyph,,no
kaspi.kz,xn--kspi-qoa.kz,homoglyph,,no
kaspi.kz,xn--kspi-qsa.kz,homoglyph,,no
kaspi.kz,xn--kspi-qzb.kz,homoglyph,,no
kaspi.kz,xn--kspi-v6b.kz,homoglyph,,no
kaspi.kz,xn--kspl-0mb.kz,homoglyph,,no
kaspi.kz,xn--kspl-0na.kz,homoglyph,,no
kaspi.kz,xn--kspl-0sa.kz,homoglyph,,no
kaspi.kz,xn--kspl-5na.kz,homoglyph,,no
kaspi.kz,xn--kspl-5q5a.kz,homoglyph,,no
kaspi.kz,xn--kspl-boa.kz,homoglyph,,no
kaspi.kz,xn--kspl-bta.kz,homoglyph,,no
kaspi.kz,xn--kspl-goa.kz,homoglyph,,no
kaspi.kz,xn--kspl-loa.kz,homoglyph,,no
kaspi.kz,xn--kspl-q5b.kz,homoglyph,,no
kaspi.kz,xn--kspl-qoa.kz,homoglyph,,no
kaspi.kz,xn--kspl-qsa.kz,homoglyph,,no
kaspi.kz,xn--kspl-qzb.kz,homoglyph,,no
kaspi.kz,xn--kspl-v6b.kz,homoglyph,,no
kaspi.kz,xn--laspi-4xa.kz,homoglyph,,no
kaspi.kz,xn--laspi-gxa.kz,homoglyph,,no
kaspi.kz,xn--laspi-hya.kz,homoglyph,,no
kaspi.kz,xn--laspi-kkb.kz,homoglyph,,no
kaspi.kz,xn--laspi-q09a.kz,homoglyph,,no
kaspi.kz,xn--laspi-sxa.kz,homoglyph,,no
kaspi.kz,xn--laspi-yra.kz,homoglyph,,no
kaspi.kz,xn--lcapi-8cb.kz,homoglyph,,no
kaspi.kz,xn--lcapi-h9b.kz,homoglyph,,no
kaspi.kz,xn--lcapi-hsc.kz,homoglyph,,no
kaspi.kz,xn--lcapi-ldb.kz,homoglyph,,no
kaspi.kz,xn--lcapi-mq1b.kz,homoglyph,,no
kaspi.kz,xn--lcapi-q92s.kz,homoglyph,,no
kaspi.kz,xn--lcapi-wcb.kz,homoglyph,,no
kaspi.kz,xn--lcapi-xdb.kz,homoglyph,,no
kaspi.kz,xn--lcapi-yq1b.kz,homoglyph,,no
kaspi.kz,xn--lcasi-2tb.kz,homoglyph,,no
kaspi.kz,xn--lcasi-lo1b.kz,homoglyph,,no
kaspi.kz,xn--lcasi-mpb.kz,homoglyph,,no
kaspi.kz,xn--lcasi-xo1b.kz,homoglyph,,no
kaspi.kz,xn--lcasp-0wb.kz,homoglyph,,no
kaspi.kz,xn--lcasp-23a.kz,homoglyph,,no
kaspi.kz,xn--lcasp-2nc.kz,homoglyph,,no
kaspi.kz,xn--lcasp-3sa.kz,homoglyph,,no
kaspi.kz,xn--lcasp-46b.kz,homoglyph,,no
kaspi.kz,xn--lcasp-8nc.kz,homoglyph,,no
kaspi.kz,xn--lcasp-9sa.kz,homoglyph,,no
kaspi.kz,xn--lcasp-e3a.kz,homoglyph,,no
kaspi.kz,xn--lcasp-f4a.kz,homoglyph,,no
kaspi.kz,xn--lcasp-foc.kz,homoglyph,,no
kaspi.kz,xn--lcasp-gta.kz,homoglyph,,no
kaspi.kz,xn--lcasp-i81b.kz,homoglyph,,no
kaspi.kz,xn--lcasp-q3a.kz,homoglyph,,no
kaspi.kz,xn--lcasp-r4a.kz,homoglyph,,no
kaspi.kz,xn--lcasp-u81b.kz,homoglyph,,no
kaspi.kz,xn--lcasp-xsa.kz,homoglyph,,no
kaspi.kz,xn--lcspi-1jc.kz,homoglyph,,no
kaspi.kz,xn--lcspi-4qa.kz,homoglyph,,no
kaspi.kz,xn--lcspi-4wa.kz,homoglyph,,no
kaspi.kz,xn--lcspi-bra.kz,homoglyph,,no
kaspi.kz,xn--lcspi-flc.kz,homoglyph,,no
kaspi.kz,xn--lcspi-gwa.kz,homoglyph,,no
kaspi.kz,xn--lcspi-hra.kz,homoglyph,,no
kaspi.kz,xn--lcspi-k11b.kz,homoglyph,,no
kaspi.kz,xn--lcspi-lwb.kz,homoglyph,,no
kaspi.kz,xn--lcspi-nra.kz,homoglyph,,no
kaspi.kz,xn--lcspi-sqa.kz,homoglyph,,no
kaspi.kz,xn--lcspi-swa.kz,homoglyph,,no
kaspi.kz,xn--lcspi-ucc.kz,homoglyph,,no
kaspi.kz,xn--lcspi-yqa.kz,homoglyph,,no
kaspi.kz,xn--spi-0oa3007a.kz,homoglyph,,no
kaspi.kz,xn--spi-0oa37i.kz,homoglyph,,no
kaspi.kz,xn--spi-0oa3848a.kz,homoglyph,,no
kaspi.kz,xn--spi-0oa3948a.kz,homoglyph,,no
kaspi.kz,xn--spi-0oa3y.kz,homoglyph,,no
kaspi.kz,xn--spi-0oa8766c.kz,homoglyph,,no
kaspi.kz,xn--spi-0oa8y.kz,homoglyph,,no
kaspi.kz,xn--spi-62y40a.kz,homoglyph,,no
kaspi.kz,xn--spi-6ua41j.kz,homoglyph,,no
kaspi.kz,xn--spi-6ua42l.kz,homoglyph,,no
kaspi.kz,xn--spi-6ua4678a.kz,homoglyph,,no
kaspi.kz,xn--spi-6ua46l.kz,homoglyph,,no
kaspi.kz,xn--spi-6ua96e.kz,homoglyph,,no
kaspi.kz,xn--spi-8ka3486c.kz,homoglyph,,no
kaspi.kz,xn--spi-8ka35b.kz,homoglyph,,no
kaspi.kz,xn--spi-8ka83k.kz,homoglyph,,no
kaspi.kz,xn--spi-8ka8468a.kz,homoglyph,,no
kaspi.kz,xn--spi-8ka84b.kz,homoglyph,,no
kaspi.kz,xn--spi-8ka8568a.kz,homoglyph,,no
kaspi.kz,xn--spi-8ka8617a.kz,homoglyph,,no
kaspi.kz,xn--spi-8oa36i.kz,homoglyph,,no
kaspi.kz,xn--spi-8oa3748a.kz,homoglyph,,no
kaspi.kz,xn--spi-8oa3848a.kz,homoglyph,,no
kaspi.kz,xn--spi-8oa3996a.kz,homoglyph,,no
kaspi.kz,xn--spi-8oa3x.kz,homoglyph,,no
kaspi.kz,xn--spi-8oa8666c.kz,homoglyph,,no
kaspi.kz,xn--spi-8oa8x.kz,homoglyph,,no
kaspi.kz,xn--spi-bva46e.kz,homoglyph,,no
kaspi.kz,xn--spi-bva90j.kz,homoglyph,,no
kaspi.kz,xn--spi-bva91l.kz,homoglyph,,no
kaspi.kz,xn--spi-bva9578a.kz,homoglyph,,no
kaspi.kz,xn--spi-bva95l.kz,homoglyph,,no
kaspi.kz,xn--spi-ctb3676a.kz,homoglyph,,no
kaspi.kz,xn--spi-ctb3776a.kz,homoglyph,,no
kaspi.kz,xn--spi-ctb3825a.kz,homoglyph,,no
kaspi.kz,xn--spi-ctb8594c.kz,homoglyph,,no
kaspi.kz,xn--spi-d4x44h.kz,homoglyph,,no
kaspi.kz,xn--spi-dla33k.kz,homoglyph,,no
kaspi.kz,xn--spi-dla3468a.kz,homoglyph,,no
kaspi.kz,xn--spi-dla34b.kz,homoglyph,,no
kaspi.kz,xn--spi-dla3568a.kz,homoglyph,,no
kaspi.kz,xn--spi-dla3617a.kz,homoglyph,,no
kaspi.kz,xn--spi-dla8386c.kz,homoglyph,,no
kaspi.kz,xn--spi-dla84b.kz,homoglyph,,no
kaspi.kz,xn--spi-f3yu0a.kz,homoglyph,,no
kaspi.kz,xn--spi-fsb3086a.kz,homoglyph,,no
kaspi.kz,xn--spi-fsb3186a.kz,homoglyph,,no
kaspi.kz,xn--spi-fsb3235a.kz,homoglyph,,no
kaspi.kz,xn--spi-fsb8994c.kz,homoglyph,,no
kaspi.kz,xn--spi-gdb3565c.kz,homoglyph,,no
kaspi.kz,xn--spi-gdb8547a.kz,homoglyph,,no
kaspi.kz,xn--spi-gdb8647a.kz,homoglyph,,no
kaspi.kz,xn--spi-gdb8795a.kz,homoglyph,,no
kaspi.kz,xn--spi-gdb8k.kz,homoglyph,,no
kaspi.kz,xn--spi-hla3386c.kz,homoglyph,,no
kaspi.kz,xn--spi-hla34b.kz,homoglyph,,no
kaspi.kz,xn--spi-hla82k.kz,homoglyph,,no
kaspi.kz,xn--spi-hla8368a.kz,homoglyph,,no
kaspi.kz,xn--spi-hla83b.kz,homoglyph,,no
kaspi.kz,xn--spi-hla8468a.kz,homoglyph,,no
kaspi.kz,xn--spi-hla8517a.kz,homoglyph,,no
kaspi.kz,xn--spi-hpa35i.kz,homoglyph,,no
kaspi.kz,xn--spi-hpa3648a.kz,homoglyph,,no
kaspi.kz,xn--spi-hpa3748a.kz,homoglyph,,no
kaspi.kz,xn--spi-hpa3896a.kz,homoglyph,,no
kaspi.kz,xn--spi-hpa3w.kz,homoglyph,,no
kaspi.kz,xn--spi-hpa8566c.kz,homoglyph,,no
kaspi.kz,xn--spi-hpa8w.kz,homoglyph,,no
kaspi.kz,xn--spi-jgb42a.kz,homoglyph,,no
kaspi.kz,xn--spi-jgb43c.kz,homoglyph,,no
kaspi.kz,xn--spi-jgb4787a.kz,homoglyph,,no
kaspi.kz,xn--spi-jgb47c.kz,homoglyph,,no
kaspi.kz,xn--spi-lla32k.kz,homoglyph,,no
kaspi.kz,xn--spi-lla3368a.kz,homoglyph,,no
kaspi.kz,xn--spi-lla33b.kz,homoglyph,,no
kaspi.kz,xn--spi-lla3468a.kz,homoglyph,,no
kaspi.kz,xn--spi-lla3517a.kz,homoglyph,,no
kaspi.kz,xn--spi-lla8286c.kz,homoglyph,,no
kaspi.kz,xn--spi-lla83b.kz,homoglyph,,no
kaspi.kz,xn--spi-mnb3107a.kz,homoglyph,,no
kaspi.kz,xn--spi-mnb3207a.kz,homoglyph,,no
kaspi.kz,xn--spi-mnb3355a.kz,homoglyph,,no
kaspi.kz,xn--spi-mnb8025c.kz,homoglyph,,no
kaspi.kz,xn--spi-pla3286c.kz,homoglyph,,no
kaspi.kz,xn--spi-pla33b.kz,homoglyph,,no
kaspi.kz,xn--spi-pla81k.kz,homoglyph,,no
kaspi.kz,xn--spi-pla8268a.kz,homoglyph,,no
kaspi.kz,xn--spi-pla82b.kz,homoglyph,,no
kaspi.kz,xn--spi-pla8368a.kz,homoglyph,,no
kaspi.kz,xn--spi-pla8417a.kz,homoglyph,,no
kaspi.kz,xn--spi-rgzz35f.kz,homoglyph,,no
kaspi.kz,xn--spi-tla31k.kz,homoglyph,,no
kaspi.kz,xn--spi-tla3268a.kz,homoglyph,,no
kaspi.kz,xn--spi-tla32b.kz,homoglyph,,no
kaspi.kz,xn--spi-tla3368a.kz,homoglyph,,no
kaspi.kz,xn--spi-tla3417a.kz,homoglyph,,no
kaspi.kz,xn--spi-tla8186c.kz,homoglyph,,no
kaspi.kz,xn--spi-tla82b.kz,homoglyph,,no
kaspi.kz,k-aspi.kz,hyphenation,,no
kaspi.kz,ka-spi.kz,hyphenation,,no
kaspi.kz,kas-pi.kz,hyphenation,,no
kaspi.kz,kasp-i.kz,hyphenation,,no
kaspi.kz,ikaspi.kz,insertion,,no
kaspi.kz,jkaspi.kz,insertion,,no
kaspi.kz,k1aspi.kz,insertion,,no
kaspi.kz,k2aspi.kz,insertion,,no
kaspi.kz,ka1spi.kz,insertion,,no
kaspi.kz,ka2spi.kz,insertion,,no
kaspi.kz,kaaspi.kz,insertion,,no
kaspi.kz,kadspi.kz,insertion,,no
kaspi.kz,kaespi.kz,insertion,,no
kaspi.kz,kaqspi.kz,insertion,,no
kaspi.kz,kas0pi.kz,insertion,,no
kaspi.kz,kasapi.kz,insertion,,no
kaspi.kz,kasdpi.kz,insertion,,no
kaspi.kz,kasepi.kz,insertion,,no
kaspi.kz,kaslpi.kz,insertion,,no
kaspi.kz,kasmpi.kz,insertion,,no
kaspi.kz,kasopi.kz,insertion,,no
kaspi.kz,kasp0i.kz,insertion,,no
kaspi.kz,kaspli.kz,insertion,,no
kaspi.kz,kaspmi.kz,insertion,,no
kaspi.kz,kaspoi.kz,insertion,,no
kaspi.kz,kasqpi.kz,insertion,,no
kaspi.kz,kasspi.kz,insertion,,no
kaspi.kz,kaswpi.kz,insertion,,no
kaspi.kz,kasxpi.kz,insertion,,no
kaspi.kz,kasypi.kz,insertion,,no
kaspi.kz,kaszpi.kz,insertion,,no
kaspi.kz,kawspi.kz,insertion,,no
kaspi.kz,kaxspi.kz,insertion,,no
kaspi.kz,kayspi.kz,insertion,,no
kaspi.kz,kazspi.kz,insertion,,no
kaspi.kz,kiaspi.kz,insertion,,no
kaspi.kz,kjaspi.kz,insertion,,no
kaspi.kz,klaspi.kz,insertion,,no
kaspi.kz,kmaspi.kz,insertion,,no
kaspi.kz,koaspi.kz,insertion,,no
kaspi.kz,kqaspi.kz,insertion,,no
kaspi.kz,ksaspi.kz,insertion,,no
kaspi.kz,kwaspi.kz,insertion,,no
kaspi.kz,kyaspi.kz,insertion,,no
kaspi.kz,kzaspi.kz,insertion,,no
kaspi.kz,lkaspi.kz,insertion,,no
kaspi.kz,mkaspi.kz,insertion,,no
kaspi.kz,okaspi.kz,insertion,,no
kaspi.kz,aspi.kz,omission,,no
kaspi.kz,kapi.kz,omission,,no
kaspi.kz,kasi.kz,omission,,no
kaspi.kz,kasp.kz,omission,,no
kaspi.kz,kspi.kz,omission,,no
kaspi.kz,kasespi.kz,plural,,no
kaspi.kz,kasppi.kz,repetition,,no
kaspi.kz,kkaspi.kz,repetition,,no
kaspi.kz,k1spi.kz,replacement,,no
kaspi.kz,k2spi.kz,replacement,,no
kaspi.kz,kaapi.kz,replacement,,no
kaspi.kz,kadpi.kz,replacement,,no
kaspi.kz,kaepi.kz,replacement,,no
kaspi.kz,kasli.kz,replacement,,no
kaspi.kz,kasmi.kz,replacement,,no
kaspi.kz,kasoi.kz,replacement,,no
kaspi.kz,kasp8.kz,replacement,,no
kaspi.kz,kasp9.kz,replacement,,no
kaspi.kz,kaspj.kz,replacement,,no
kaspi.kz,kaspo.kz,replacement,,no
kaspi.kz,kaspu.kz,replacement,,no
kaspi.kz,kaxpi.kz,replacement,,no
kaspi.kz,kaypi.kz,replacement,,no
kaspi.kz,kazpi.kz,replacement,,no
kaspi.kz,ksspi.kz,replacement,,no
kaspi.kz,kwspi.kz,replacement,,no
kaspi.kz,kyspi.kz,replacement,,no
kaspi.kz,kzspi.kz,replacement,,no
kaspi.kz,laspi.kz,replacement,,no
kaspi.kz,maspi.kz,replacement,,no
kaspi.kz,k.aspi.kz,subdomain,,no
kaspi.kz,ka.spi.kz,subdomain,,no
kaspi.kz,kas.pi.kz,subdomain,,no
kaspi.kz,akspi.kz,transposition,,no
kaspi.kz,kapsi.kz,transposition,,no
kaspi.kz,kasip.kz,transposition,,no
kaspi.kz,ksapi.kz,transposition,,no
kaspi.kz,kaspi-kz.com,various,,no
kaspi.kz,kaspikz.com,various,,no
kaspi.kz,kaspikz.kz,various,,no
kaspi.kz,kaspe.kz,vowel-swap,,no
kaspi.kz,kospi.kz,vowel-swap,,no
kaspi.kz,kuspi.kz,vowel-swap,,no
egov.kz,egov0.kz,addition,,no
egov.kz,egov1.kz,addition,,no
egov.kz,egov2.kz,addition,,no
egov.kz,egov3.kz,addition,,no
egov.kz,egov4.kz,addition,,no
egov.kz,egov5.kz,addition,,no
egov.kz,egov6.kz,addition,,no
egov.kz,egov7.kz,addition,,no
egov.kz,egov8.kz,addition,,no
egov.kz,egov9.kz,addition,,no
egov.kz,egova.kz,addition,,no
egov.kz,egovb.kz,addition,,no
egov.kz,egovc.kz,addition,,no
egov.kz,egovd.kz,addition,,no
egov.kz,egove.kz,addition,,no
egov.kz,egovf.kz,addition,,no
egov.kz,egovg.kz,addition,,no
egov.kz,egovh.kz,addition,,no
egov.kz,egovi.kz,addition,,no
egov.kz,egovj.kz,addition,,no
egov.kz,egovk.kz,addition,,no
egov.kz,egovl.kz,addition,,no
egov.kz,egovm.kz,addition,,no
egov.kz,egovn.kz,addition,,no
egov.kz,egovo.kz,addition,,no
egov.kz,egovp.kz,addition,,no
egov.kz,egovq.kz,addition,,no
egov.kz,egovr.kz,addition,,no
egov.kz,egovs.kz,addition,,no
egov.kz,egovt.kz,addition,,no
egov.kz,egovu.kz,addition,,no
egov.kz,egovv.kz,addition,,no
egov.kz,egovw.kz,addition,,no
egov.kz,egovx.kz,addition,,no
egov.kz,egovy.kz,addition,,no
egov.kz,egovz.kz,addition,,no
egov.kz,agov.kz,bitsquatting,,no
egov.kz,dgov.kz,bitsquatting,,no
egov.kz,ecov.kz,bitsquatting,,no
egov.kz,eeov.kz,bitsquatting,,no
egov.kz,efov.kz,bitsquatting,,no
egov.kz,eggv.kz,bitsquatting,,no
egov.kz,egkv.kz,bitsquatting,,no
egov.kz,egmv.kz,bitsquatting,,no
egov.kz,egnv.kz,bitsquatting,,no
egov.kz,ego6.kz,bitsquatting,,no
egov.kz,egof.kz,bitsquatting,,no
egov.kz,egor.kz,bitsquatting,,no
egov.kz,egot.kz,bitsquatting,,no
egov.kz,egow.kz,bitsquatting,,no
egov.kz,eoov.kz,bitsquatting,,no
egov.kz,ewov.kz,bitsquatting,,no
egov.kz,ggov.kz,bitsquatting,,no
egov.kz,mgov.kz,bitsquatting,,no
egov.kz,ugov.kz,bitsquatting,,no
egov.kz,xn--e1as9n8w.kz,cyrillic,,no
egov.kz,cg0v.kz,homoglyph,,no
egov.kz,cgou.kz,homoglyph,,no
egov.kz,cgov.kz,homoglyph,,no
egov.kz,cqov.kz,homoglyph,,no
egov.kz,eg0u.kz,homoglyph,,no
egov.kz,eg0v.kz,homoglyph,,no
egov.kz,egou.kz,homoglyph,,no
egov.kz,eq0v.kz,homoglyph,,no
egov.kz,eqou.kz,homoglyph,,no
egov.kz,eqov.kz,homoglyph,,no
egov.kz,xn--cgo-6jy.kz,homoglyph,,no
egov.kz,xn--cgo-b00b.kz,homoglyph,,no
egov.kz,xn--cgo-qcz.kz,homoglyph,,no
egov.kz,xn--cgo-u6x.kz,homoglyph,,no
egov.kz,xn--cgo-ycz.kz,homoglyph,,no
egov.kz,xn--cgo-yz0b.kz,homoglyph,,no
egov.kz,xn--cgv-1na.kz,homoglyph,,no
egov.kz,xn--cgv-2lz.kz,homoglyph,,no
egov.kz,xn--cgv-7xa.kz,homoglyph,,no
egov.kz,xn--cgv-d7a.kz,homoglyph,,no
egov.kz,xn--cgv-dna.kz,homoglyph,,no
egov.kz,xn--cgv-hna.kz,homoglyph,,no
egov.kz,xn--cgv-lna.kz,homoglyph,,no
egov.kz,xn--cgv-lob.kz,homoglyph,,no
egov.kz,xn--cgv-pna.kz,homoglyph,,no
egov.kz,xn--cgv-rxa.kz,homoglyph,,no
egov.kz,xn--cgv-tna.kz,homoglyph,,no
egov.kz,xn--cgv-ulz.kz,homoglyph,,no
egov.kz,xn--cgv-v4x.kz,homoglyph,,no
egov.kz,xn--cgv-zxa.kz,homoglyph,,no
egov.kz,xn--cov-3fb.kz,homoglyph,,no
egov.kz,xn--cov-8ra.kz,homoglyph,,no
egov.kz,xn--cov-9tb.kz,homoglyph,,no
egov.kz,xn--cov-cgb.kz,homoglyph,,no
egov.kz,xn--cov-eub.kz,homoglyph,,no
egov.kz,xn--cov-hsa.kz,homoglyph,,no
egov.kz,xn--cov-psa.kz,homoglyph,,no
egov.kz,xn--cov-xhb.kz,homoglyph,,no
egov.kz,xn--cov-xsa.kz,homoglyph,,no
egov.kz,xn--e0v-3fb.kz,homoglyph,,no
egov.kz,xn--e0v-8ra.kz,homoglyph,,no
egov.kz,xn--e0v-9tb.kz,homoglyph,,no
egov.kz,xn--e0v-cgb.kz,homoglyph,,no
egov.kz,xn--e0v-eub.kz,homoglyph,,no
egov.kz,xn--e0v-hsa.kz,homoglyph,,no
egov.kz,xn--e0v-psa.kz,homoglyph,,no
egov.kz,xn--e0v-xhb.kz,homoglyph,,no
egov.kz,xn--e0v-xsa.kz,homoglyph,,no
egov.kz,xn--eg-2ra0300a.kz,homoglyph,,no
egov.kz,xn--eg-2ra2001a.kz,homoglyph,,no
egov.kz,xn--eg-2ra2825b.kz,homoglyph,,no
egov.kz,xn--eg-2ra4925b.kz,homoglyph,,no
egov.kz,xn--eg-2ra4990a.kz,homoglyph,,no
egov.kz,xn--eg-2ra895z.kz,homoglyph,,no
egov.kz,xn--eg-3ja079z.kz,homoglyph,,no
egov.kz,xn--eg-3ja2040a.kz,homoglyph,,no
egov.kz,xn--eg-3ja4565b.kz,homoglyph,,no
egov.kz,xn--eg-3ja4731a.kz,homoglyph,,no
egov.kz,xn--eg-3ja6631a.kz,homoglyph,,no
egov.kz,xn--eg-3ja6665b.kz,homoglyph,,no
egov.kz,xn--eg-3ya072z.kz,homoglyph,,no
egov.kz,xn--eg-3ya207z.kz,homoglyph,,no
egov.kz,xn--eg-3ya4594b.kz,homoglyph,,no
egov.kz,xn--eg-3ya4760a.kz,homoglyph,,no
egov.kz,xn--eg-3ya6660a.kz,homoglyph,,no
egov.kz,xn--eg-3ya6694b.kz,homoglyph,,no
egov.kz,xn--eg-6ja0565b.kz,homoglyph,,no
egov.kz,xn--eg-6ja0731a.kz,homoglyph,,no
egov.kz,xn--eg-6ja2631a.kz,homoglyph,,no
egov.kz,xn--eg-6ja2665b.kz,homoglyph,,no
egov.kz,xn--eg-6ja669z.kz,homoglyph,,no
egov.kz,xn--eg-6ja8930a.kz,homoglyph,,no
egov.kz,xn--eg-78s884e.kz,homoglyph,,no
egov.kz,xn--eg-78sw84e.kz,homoglyph,,no
egov.kz,xn--eg-8ra095z.kz,homoglyph,,no
egov.kz,xn--eg-8ra2200a.kz,homoglyph,,no
egov.kz,xn--eg-8ra4725b.kz,homoglyph,,no
egov.kz,xn--eg-8ra4990a.kz,homoglyph,,no
egov.kz,xn--eg-8ra6825b.kz,homoglyph,,no
egov.kz,xn--eg-8ra6890a.kz,homoglyph,,no
egov.kz,xn--eg-9bb207y.kz,homoglyph,,no
egov.kz,xn--eg-9bb431z.kz,homoglyph,,no
egov.kz,xn--eg-9bb6010a.kz,homoglyph,,no
egov.kz,xn--eg-9bb6834b.kz,homoglyph,,no
egov.kz,xn--eg-9bb8900a.kz,homoglyph,,no
egov.kz,xn--eg-9bb8934b.kz,homoglyph,,no
egov.kz,xn--eg-9ja269z.kz,homoglyph,,no
egov.kz,xn--eg-9ja4930a.kz,homoglyph,,no
egov.kz,xn--eg-9ja6465b.kz,homoglyph,,no
egov.kz,xn--eg-9ja6631a.kz,homoglyph,,no
egov.kz,xn--eg-9ja8531a.kz,homoglyph,,no
egov.kz,xn--eg-9ja8565b.kz,homoglyph,,no
egov.kz,xn--eg-d2s5q.kz,homoglyph,,no
egov.kz,xn--eg-d2svr.kz,homoglyph,,no
egov.kz,xn--eg-dka0930a.kz,homoglyph,,no
egov.kz,xn--eg-dka2465b.kz,homoglyph,,no
egov.kz,xn--eg-dka2631a.kz,homoglyph,,no
egov.kz,xn--eg-dka4531a.kz,homoglyph,,no
egov.kz,xn--eg-dka4565b.kz,homoglyph,,no
egov.kz,xn--eg-dka859z.kz,homoglyph,,no
egov.kz,xn--eg-e9s084e.kz,homoglyph,,no
egov.kz,xn--eg-e9s774e.kz,homoglyph,,no
egov.kz,xn--eg-g7r58g.kz,homoglyph,,no
egov.kz,xn--eg-g7rx8g.kz,homoglyph,,no
egov.kz,xn--eg-gka0531a.kz,homoglyph,,no
egov.kz,xn--eg-gka0565b.kz,homoglyph,,no
egov.kz,xn--eg-gka459z.kz,homoglyph,,no
egov.kz,xn--eg-gka6830a.kz,homoglyph,,no
egov.kz,xn--eg-gka8365b.kz,homoglyph,,no
egov.kz,xn--eg-gka8531a.kz,homoglyph,,no
egov.kz,xn--eg-j2s5q.kz,homoglyph,,no
egov.kz,xn--eg-j2sxq.kz,homoglyph,,no
egov.kz,xn--eg-mka0365b.kz,homoglyph,,no
egov.kz,xn--eg-mka0531a.kz,homoglyph,,no
egov.kz,xn--eg-mka2431a.kz,homoglyph,,no
egov.kz,xn--eg-mka2465b.kz,homoglyph,,no
egov.kz,xn--eg-mka649z.kz,homoglyph,,no
egov.kz,xn--eg-mka8730a.kz,homoglyph,,no
egov.kz,xn--eg-phs54e.kz,homoglyph,,no
egov.kz,xn--eg-phsx4e.kz,homoglyph,,no
egov.kz,xn--eg-wra0101a.kz,homoglyph,,no
egov.kz,xn--eg-wra0925b.kz,homoglyph,,no
egov.kz,xn--eg-wra2001a.kz,homoglyph,,no
egov.kz,xn--eg-wra2035b.kz,homoglyph,,no
egov.kz,xn--eg-wra606z.kz,homoglyph,,no
egov.kz,xn--eg-wra8300a.kz,homoglyph,,no
egov.kz,xn--eg-z5r60a.kz,homoglyph,,no
egov.kz,xn--eg-z5r64f.kz,homoglyph,,no
egov.kz,xn--eg-z5r688f.kz,homoglyph,,no
egov.kz,xn--eg-z5r6c.kz,homoglyph,,no
egov.kz,xn--eg-z5ru88f.kz,homoglyph,,no
egov.kz,xn--eg-z5ry4f.kz,homoglyph,,no
egov.kz,xn--eg0-6jy.kz,homoglyph,,no
egov.kz,xn--eg0-b00b.kz,homoglyph,,no
egov.kz,xn--eg0-qcz.kz,homoglyph,,no
egov.kz,xn--eg0-u6x.kz,homoglyph,,no
egov.kz,xn--eg0-ycz.kz,homoglyph,,no
egov.kz,xn--eg0-yz0b.kz,homoglyph,,no
egov.kz,xn--ego-38a.kz,homoglyph,,no
egov.kz,xn--ego-41a.kz,homoglyph,,no
egov.kz,xn--ego-6jy.kz,homoglyph,,no
egov.kz,xn--ego-6na.kz,homoglyph,,no
egov.kz,xn--ego-70a.kz,homoglyph,,no
egov.kz,xn--ego-7db.kz,homoglyph,,no
egov.kz,xn--ego-b00b.kz,homoglyph,,no
egov.kz,xn--ego-boa.kz,homoglyph,,no
egov.kz,xn--ego-e6x.kz,homoglyph,,no
egov.kz,xn--ego-foa.kz,homoglyph,,no
egov.kz,xn--ego-g1a.kz,homoglyph,,no
egov.kz,xn--ego-joa.kz,homoglyph,,no
egov.kz,xn--ego-moz.kz,homoglyph,,no
egov.kz,xn--ego-nlb.kz,homoglyph,,no
egov.kz,xn--ego-o1a.kz,homoglyph,,no
egov.kz,xn--ego-qcz.kz,homoglyph,,no
egov.kz,xn--ego-u6x.kz,homoglyph,,no
egov.kz,xn--ego-vlb.kz,homoglyph,,no
egov.kz,xn--ego-w1a.kz,homoglyph,,no
egov.kz,xn--ego-wyb.kz,homoglyph,,no
egov.kz,xn--ego-ycz.kz,homoglyph,,no
egov.kz,xn--ego-yz0b.kz,homoglyph,,no
egov.kz,xn--ego-z0a.kz,homoglyph,,no
egov.kz,xn--egu-1na.kz,homoglyph,,no
egov.kz,xn--egu-2lz.kz,homoglyph,,no
egov.kz,xn--egu-7xa.kz,homoglyph,,no
egov.kz,xn--egu-d7a.kz,homoglyph,,no
egov.kz,xn--egu-dna.kz,homoglyph,,no
egov.kz,xn--egu-hna.kz,homoglyph,,no
egov.kz,xn--egu-lna.kz,homoglyph,,no
egov.kz,xn--egu-lob.kz,homoglyph,,no
egov.kz,xn--egu-pna.kz,homoglyph,,no
egov.kz,xn--egu-rxa.kz,homoglyph,,no
egov.kz,xn--egu-tna.kz,homoglyph,,no
egov.kz,xn--egu-ulz.kz,homoglyph,,no
egov.kz,xn--egu-v4x.kz,homoglyph,,no
egov.kz,xn--egu-zxa.kz,homoglyph,,no
egov.kz,xn--egv-1na.kz,homoglyph,,no
egov.kz,xn--egv-2lz.kz,homoglyph,,no
egov.kz,xn--egv-7xa.kz,homoglyph,,no
egov.kz,xn--egv-d7a.kz,homoglyph,,no
egov.kz,xn--egv-dna.kz,homoglyph,,no
egov.kz,xn--egv-hna.kz,homoglyph,,no
egov.kz,xn--egv-lna.kz,homoglyph,,no
egov.kz,xn--egv-lob.kz,homoglyph,,no
egov.kz,xn--egv-pna.kz,homoglyph,,no
egov.kz,xn--egv-rxa.kz,homoglyph,,no
egov.kz,xn--egv-tna.kz,homoglyph,,no
egov.kz,xn--egv-ulz.kz,homoglyph,,no
egov.kz,xn--egv-v4x.kz,homoglyph,,no
egov.kz,xn--egv-zxa.kz,homoglyph,,no
egov.kz,xn--eo-24a199y.kz,homoglyph,,no
egov.kz,xn--eo-24a324z.kz,homoglyph,,no
egov.kz,xn--eo-24a5764b.kz,homoglyph,,no
egov.kz,xn--eo-24a5930a.kz,homoglyph,,no
egov.kz,xn--eo-24a7830a.kz,homoglyph,,no
egov.kz,xn--eo-24a7864b.kz,homoglyph,,no
egov.kz,xn--eo-3na387z.kz,homoglyph,,no
egov.kz,xn--eo-3na5120a.kz,homoglyph,,no
egov.kz,xn--eo-3na7645b.kz,homoglyph,,no
egov.kz,xn--eo-3na7811a.kz,homoglyph,,no
egov.kz,xn--eo-3na9711a.kz,homoglyph,,no
egov.kz,xn--eo-3na9745b.kz,homoglyph,,no
egov.kz,xn--eo-95a1330a.kz,homoglyph,,no
egov.kz,xn--eo-95a1364b.kz,homoglyph,,no
egov.kz,xn--eo-95a539y.kz,homoglyph,,no
egov.kz,xn--eo-95a763z.kz,homoglyph,,no
egov.kz,xn--eo-95a9164b.kz,homoglyph,,no
egov.kz,xn--eo-95a9330a.kz,homoglyph,,no
egov.kz,xn--eo-9na1711a.kz,homoglyph,,no
egov.kz,xn--eo-9na1745b.kz,homoglyph,,no
egov.kz,xn--eo-9na577z.kz,homoglyph,,no
egov.kz,xn--eo-9na7020a.kz,homoglyph,,no
egov.kz,xn--eo-9na9545b.kz,homoglyph,,no
egov.kz,xn--eo-9na9711a.kz,homoglyph,,no
egov.kz,xn--eo-jgb305y.kz,homoglyph,,no
egov.kz,xn--eo-jgb539y.kz,homoglyph,,no
egov.kz,xn--eo-jgb709z.kz,homoglyph,,no
egov.kz,xn--eo-jgb7814b.kz,homoglyph,,no
egov.kz,xn--eo-jgb9914b.kz,homoglyph,,no
egov.kz,xn--eo-jgb998z.kz,homoglyph,,no
egov.kz,xn--eo-mgb139y.kz,homoglyph,,no
egov.kz,xn--eo-mgb309z.kz,homoglyph,,no
egov.kz,xn--eo-mgb3814b.kz,homoglyph,,no
egov.kz,xn--eo-mgb5914b.kz,homoglyph,,no
egov.kz,xn--eo-mgb598z.kz,homoglyph,,no
egov.kz,xn--eo-mgb994y.kz,homoglyph,,no
egov.kz,xn--eo-rna1320a.kz,homoglyph,,no
egov.kz,xn--eo-rna3021a.kz,homoglyph,,no
egov.kz,xn--eo-rna3845b.kz,homoglyph,,no
egov.kz,xn--eo-rna5911a.kz,homoglyph,,no
egov.kz,xn--eo-rna5945b.kz,homoglyph,,no
egov.kz,xn--eo-rna997z.kz,homoglyph,,no
egov.kz,xn--eo-w4a134z.kz,homoglyph,,no
egov.kz,xn--eo-w4a3040a.kz,homoglyph,,no
egov.kz,xn--eo-w4a3864b.kz,homoglyph,,no
egov.kz,xn--eo-w4a5930a.kz,homoglyph,,no
egov.kz,xn--eo-w4a5964b.kz,homoglyph,,no
egov.kz,xn--eo-w4a999y.kz,homoglyph,,no
egov.kz,xn--eo-xna197z.kz,homoglyph,,no
egov.kz,xn--eo-xna3220a.kz,homoglyph,,no
egov.kz,xn--eo-xna5745b.kz,homoglyph,,no
egov.kz,xn--eo-xna5911a.kz,homoglyph,,no
egov.kz,xn--eo-xna7811a.kz,homoglyph,,no
egov.kz,xn--eo-xna7845b.kz,homoglyph,,no
egov.kz,xn--eou-3fb.kz,homoglyph,,no
egov.kz,xn--eou-8ra.kz,homoglyph,,no
egov.kz,xn--eou-9tb.kz,homoglyph,,no
egov.kz,xn--eou-cgb.kz,homoglyph,,no
egov.kz,xn--eou-eub.kz,homoglyph,,no
egov.kz,xn--eou-hsa.kz,homoglyph,,no
egov.kz,xn--eou-psa.kz,homoglyph,,no
egov.kz,xn--eou-xhb.kz,homoglyph,,no
egov.kz,xn--eou-xsa.kz,homoglyph,,no
egov.kz,xn--eov-3fb.kz,homoglyph,,no
egov.kz,xn--eov-8ra.kz,homoglyph,,no
egov.kz,xn--eov-9tb.kz,homoglyph,,no
egov.kz,xn--eov-cgb.kz,homoglyph,,no
egov.kz,xn--eov-eub.kz,homoglyph,,no
egov.kz,xn--eov-h1b.kz,homoglyph,,no
egov.kz,xn--eov-hsa.kz,homoglyph,,no
egov.kz,xn--eov-psa.kz,homoglyph,,no
egov.kz,xn--eov-xhb.kz,homoglyph,,no
egov.kz,xn--eov-xsa.kz,homoglyph,,no
egov.kz,xn--eqo-6jy.kz,homoglyph,,no
egov.kz,xn--eqo-b00b.kz,homoglyph,,no
egov.kz,xn--eqo-qcz.kz,homoglyph,,no
egov.kz,xn--eqo-u6x.kz,homoglyph,,no
egov.kz,xn--eqo-ycz.kz,homoglyph,,no
egov.kz,xn--eqo-yz0b.kz,homoglyph,,no
egov.kz,xn--eqv-1na.kz,homoglyph,,no
egov.kz,xn--eqv-2lz.kz,homoglyph,,no
egov.kz,xn--eqv-7xa.kz,homoglyph,,no
egov.kz,xn--eqv-d7a.kz,homoglyph,,no
egov.kz,xn--eqv-dna.kz,homoglyph,,no
egov.kz,xn--eqv-hna.kz,homoglyph,,no
egov.kz,xn--eqv-lna.kz,homoglyph,,no
egov.kz,xn--eqv-lob.kz,homoglyph,,no
egov.kz,xn--eqv-pna.kz,homoglyph,,no
egov.kz,xn--eqv-rxa.kz,homoglyph,,no
egov.kz,xn--eqv-tna.kz,homoglyph,,no
egov.kz,xn--eqv-ulz.kz,homoglyph,,no
egov.kz,xn--eqv-v4x.kz,homoglyph,,no
egov.kz,xn--eqv-zxa.kz,homoglyph,,no
egov.kz,xn--ev-1ra12d.kz,homoglyph,,no
egov.kz,xn--ev-1ra31d.kz,homoglyph,,no
egov.kz,xn--ev-1ra31i.kz,homoglyph,,no
egov.kz,xn--ev-1ra77d.kz,homoglyph,,no
egov.kz,xn--ev-1ra90i.kz,homoglyph,,no
egov.kz,xn--ev-24a20a.kz,homoglyph,,no
egov.kz,xn--ev-24a229y.kz,homoglyph,,no
egov.kz,xn--ev-24a4170a.kz,homoglyph,,no
egov.kz,xn--ev-24a6070a.kz,homoglyph,,no
egov.kz,xn--ev-2ja18l.kz,homoglyph,,no
egov.kz,xn--ev-2ja1q.kz,homoglyph,,no
egov.kz,xn--ev-2ja39g.kz,homoglyph,,no
egov.kz,xn--ev-2ja3p.kz,homoglyph,,no
egov.kz,xn--ev-2ja58g.kz,homoglyph,,no
egov.kz,xn--ev-2ja58l.kz,homoglyph,,no
egov.kz,xn--ev-2ja5o.kz,homoglyph,,no
egov.kz,xn--ev-2ja94h.kz,homoglyph,,no
egov.kz,xn--ev-2ja9q.kz,homoglyph,,no
egov.kz,xn--ev-2ya18e.kz,homoglyph,,no
egov.kz,xn--ev-2ya3z.kz,homoglyph,,no
egov.kz,xn--ev-2ya58e.kz,homoglyph,,no
egov.kz,xn--ev-2ya5y.kz,homoglyph,,no
egov.kz,xn--ev-2ya94a.kz,homoglyph,,no
egov.kz,xn--ev-3na0p.kz,homoglyph,,no
egov.kz,xn--ev-3na417z.kz,homoglyph,,no
egov.kz,xn--ev-3na49h.kz,homoglyph,,no
egov.kz,xn--ev-3na6051a.kz,homoglyph,,no
egov.kz,xn--ev-3na62c.kz,homoglyph,,no
egov.kz,xn--ev-3na6q.kz,homoglyph,,no
egov.kz,xn--ev-3na8941a.kz,homoglyph,,no
egov.kz,xn--ev-3na8p.kz,homoglyph,,no
egov.kz,xn--ev-5ja18g.kz,homoglyph,,no
egov.kz,xn--ev-5ja18l.kz,homoglyph,,no
egov.kz,xn--ev-5ja1o.kz,homoglyph,,no
egov.kz,xn--ev-5ja54h.kz,homoglyph,,no
egov.kz,xn--ev-5ja5q.kz,homoglyph,,no
egov.kz,xn--ev-5ja77l.kz,homoglyph,,no
egov.kz,xn--ev-5ja7p.kz,homoglyph,,no
egov.kz,xn--ev-5ja98g.kz,homoglyph,,no
egov.kz,xn--ev-5ja9o.kz,homoglyph,,no
egov.kz,xn--ev-7ra10i.kz,homoglyph,,no
egov.kz,xn--ev-7ra31d.kz,homoglyph,,no
egov.kz,xn--ev-7ra50d.kz,homoglyph,,no
egov.kz,xn--ev-7ra50i.kz,homoglyph,,no
egov.kz,xn--ev-7ra96d.kz,homoglyph,,no
egov.kz,xn--ev-8bb3r.kz,homoglyph,,no
egov.kz,xn--ev-8bb7r.kz,homoglyph,,no
egov.kz,xn--ev-8ja14h.kz,homoglyph,,no
egov.kz,xn--ev-8ja1q.kz,homoglyph,,no
egov.kz,xn--ev-8ja37l.kz,homoglyph,,no
egov.kz,xn--ev-8ja3p.kz,homoglyph,,no
egov.kz,xn--ev-8ja58g.kz,homoglyph,,no
egov.kz,xn--ev-8ja5o.kz,homoglyph,,no
egov.kz,xn--ev-8ja77g.kz,homoglyph,,no
egov.kz,xn--ev-8ja77l.kz,homoglyph,,no
egov.kz,xn--ev-8ja7n.kz,homoglyph,,no
egov.kz,xn--ev-95a0560a.kz,homoglyph,,no
egov.kz,xn--ev-95a668y.kz,homoglyph,,no
egov.kz,xn--ev-95a6u.kz,homoglyph,,no
egov.kz,xn--ev-95a8560a.kz,homoglyph,,no
egov.kz,xn--ev-9na0941a.kz,homoglyph,,no
egov.kz,xn--ev-9na0p.kz,homoglyph,,no
egov.kz,xn--ev-9na2o.kz,homoglyph,,no
egov.kz,xn--ev-9na607z.kz,homoglyph,,no
egov.kz,xn--ev-9na68h.kz,homoglyph,,no
egov.kz,xn--ev-9na81c.kz,homoglyph,,no
egov.kz,xn--ev-9na8941a.kz,homoglyph,,no
egov.kz,xn--ev-9na8p.kz,homoglyph,,no
egov.kz,xn--ev-cka18g.kz,homoglyph,,no
egov.kz,xn--ev-cka1o.kz,homoglyph,,no
egov.kz,xn--ev-cka37g.kz,homoglyph,,no
egov.kz,xn--ev-cka37l.kz,homoglyph,,no
egov.kz,xn--ev-cka3n.kz,homoglyph,,no
egov.kz,xn--ev-cka73h.kz,homoglyph,,no
egov.kz,xn--ev-cka7p.kz,homoglyph,,no
egov.kz,xn--ev-cka96l.kz,homoglyph,,no
egov.kz,xn--ev-cka9o.kz,homoglyph,,no
egov.kz,xn--ev-fka33h.kz,homoglyph,,no
egov.kz,xn--ev-fka3p.kz,homoglyph,,no
egov.kz,xn--ev-fka56l.kz,homoglyph,,no
egov.kz,xn--ev-fka5o.kz,homoglyph,,no
egov.kz,xn--ev-fka77g.kz,homoglyph,,no
egov.kz,xn--ev-fka7n.kz,homoglyph,,no
egov.kz,xn--ev-fka96g.kz,homoglyph,,no
egov.kz,xn--ev-fka96l.kz,homoglyph,,no
egov.kz,xn--ev-fka9m.kz,homoglyph,,no
egov.kz,xn--ev-jgb434y.kz,homoglyph,,no
egov.kz,xn--ev-jgb6220a.kz,homoglyph,,no
egov.kz,xn--ev-jgb8120a.kz,homoglyph,,no
egov.kz,xn--ev-lka16g.kz,homoglyph,,no
egov.kz,xn--ev-lka16l.kz,homoglyph,,no
egov.kz,xn--ev-lka1m.kz,homoglyph,,no
egov.kz,xn--ev-lka52h.kz,homoglyph,,no
egov.kz,xn--ev-lka5o.kz,homoglyph,,no
egov.kz,xn--ev-lka75l.kz,homoglyph,,no
egov.kz,xn--ev-lka7n.kz,homoglyph,,no
egov.kz,xn--ev-lka96g.kz,homoglyph,,no
egov.kz,xn--ev-lka9m.kz,homoglyph,,no
egov.kz,xn--ev-mgb034y.kz,homoglyph,,no
egov.kz,xn--ev-mgb2220a.kz,homoglyph,,no
egov.kz,xn--ev-mgb4120a.kz,homoglyph,,no
egov.kz,xn--ev-rna01i.kz,homoglyph,,no
egov.kz,xn--ev-rna037z.kz,homoglyph,,no
egov.kz,xn--ev-rna2251a.kz,homoglyph,,no
egov.kz,xn--ev-rna24c.kz,homoglyph,,no
egov.kz,xn--ev-rna2s.kz,homoglyph,,no
egov.kz,xn--ev-rna4151a.kz,homoglyph,,no
egov.kz,xn--ev-rna4r.kz,homoglyph,,no
egov.kz,xn--ev-rna6q.kz,homoglyph,,no
egov.kz,xn--ev-vra12d.kz,homoglyph,,no
egov.kz,xn--ev-vra12i.kz,homoglyph,,no
egov.kz,xn--ev-vra58d.kz,homoglyph,,no
egov.kz,xn--ev-vra71i.kz,homoglyph,,no
egov.kz,xn--ev-vra92d.kz,homoglyph,,no
egov.kz,xn--ev-w4a01a.kz,homoglyph,,no
egov.kz,xn--ev-w4a039y.kz,homoglyph,,no
egov.kz,xn--ev-w4a2270a.kz,homoglyph,,no
egov.kz,xn--ev-w4a4170a.kz,homoglyph,,no
egov.kz,xn--ev-xna20i.kz,homoglyph,,no
egov.kz,xn--ev-xna227z.kz,homoglyph,,no
egov.kz,xn--ev-xna4151a.kz,homoglyph,,no
egov.kz,xn--ev-xna43c.kz,homoglyph,,no
egov.kz,xn--ev-xna4r.kz,homoglyph,,no
egov.kz,xn--ev-xna6051a.kz,homoglyph,,no
egov.kz,xn--ev-xna6q.kz,homoglyph,,no
egov.kz,xn--ev-xna8p.kz,homoglyph,,no
egov.kz,xn--g0v-2qa.kz,homoglyph,,no
egov.kz,xn--g0v-5la.kz,homoglyph,,no
egov.kz,xn--g0v-9la.kz,homoglyph,,no
egov.kz,xn--g0v-9qb.kz,homoglyph,,no
egov.kz,xn--g0v-bra.kz,homoglyph,,no
egov.kz,xn--g0v-ema.kz,homoglyph,,no
egov.kz,xn--g0v-g0y.kz,homoglyph,,no
egov.kz,xn--g0v-ijz.kz,homoglyph,,no
egov.kz,xn--g0v-ima.kz,homoglyph,,no
egov.kz,xn--g0v-jra.kz,homoglyph,,no
egov.kz,xn--g0v-rra.kz,homoglyph,,no
egov.kz,xn--g0v-unb.kz,homoglyph,,no
egov.kz,xn--g0v-zra.kz,homoglyph,,no
egov.kz,xn--go-1ma238z.kz,homoglyph,,no
egov.kz,xn--go-1ma4620a.kz,homoglyph,,no
egov.kz,xn--go-1ma6155b.kz,homoglyph,,no
egov.kz,xn--go-1ma6321a.kz,homoglyph,,no
egov.kz,xn--go-1ma8221a.kz,homoglyph,,no
egov.kz,xn--go-1ma8255b.kz,homoglyph,,no
egov.kz,xn--go-6ia2100a.kz,homoglyph,,no
egov.kz,xn--go-6ia4440a.kz,homoglyph,,no
egov.kz,xn--go-6ia6141a.kz,homoglyph,,no
egov.kz,xn--go-6ia6965b.kz,homoglyph,,no
egov.kz,xn--go-6ia8041a.kz,homoglyph,,no
egov.kz,xn--go-6ia8075b.kz,homoglyph,,no
egov.kz,xn--go-7ma0221a.kz,homoglyph,,no
egov.kz,xn--go-7ma0255b.kz,homoglyph,,no
egov.kz,xn--go-7ma428z.kz,homoglyph,,no
egov.kz,xn--go-7ma6520a.kz,homoglyph,,no
egov.kz,xn--go-7ma8055b.kz,homoglyph,,no
egov.kz,xn--go-7ma8221a.kz,homoglyph,,no
egov.kz,xn--go-9db040z.kz,homoglyph,,no
egov.kz,xn--go-9db2100a.kz,homoglyph,,no
egov.kz,xn--go-9db2924b.kz,homoglyph,,no
egov.kz,xn--go-9db4000a.kz,homoglyph,,no
egov.kz,xn--go-9db4034b.kz,homoglyph,,no
egov.kz,xn--go-9db806y.kz,homoglyph,,no
egov.kz,xn--go-9ia0440a.kz,homoglyph,,no
egov.kz,xn--go-9ia2141a.kz,homoglyph,,no
egov.kz,xn--go-9ia2965b.kz,homoglyph,,no
egov.kz,xn--go-9ia4041a.kz,homoglyph,,no
egov.kz,xn--go-9ia4075b.kz,homoglyph,,no
egov.kz,xn--go-9ia8000a.kz,homoglyph,,no
egov.kz,xn--go-d2svm.kz,homoglyph,,no
egov.kz,xn--go-dja0041a.kz,homoglyph,,no
egov.kz,xn--go-dja0075b.kz,homoglyph,,no
egov.kz,xn--go-dja4000a.kz,homoglyph,,no
egov.kz,xn--go-dja6340a.kz,homoglyph,,no
egov.kz,xn--go-dja8041a.kz,homoglyph,,no
egov.kz,xn--go-dja8865b.kz,homoglyph,,no
egov.kz,xn--go-ena0055b.kz,homoglyph,,no
egov.kz,xn--go-ena0221a.kz,homoglyph,,no
egov.kz,xn--go-ena2121a.kz,homoglyph,,no
egov.kz,xn--go-ena2155b.kz,homoglyph,,no
egov.kz,xn--go-ena618z.kz,homoglyph,,no
egov.kz,xn--go-ena8420a.kz,homoglyph,,no
egov.kz,xn--go-g7r38c.kz,homoglyph,,no
egov.kz,xn--go-g7r53g.kz,homoglyph,,no
egov.kz,xn--go-g7s225e.kz,homoglyph,,no
egov.kz,xn--go-g7sv35e.kz,homoglyph,,no
egov.kz,xn--go-gja0000a.kz,homoglyph,,no
egov.kz,xn--go-gja2340a.kz,homoglyph,,no
egov.kz,xn--go-gja4041a.kz,homoglyph,,no
egov.kz,xn--go-gja4865b.kz,homoglyph,,no
egov.kz,xn--go-gja6931a.kz,homoglyph,,no
egov.kz,xn--go-gja6965b.kz,homoglyph,,no
egov.kz,xn--go-j2s5l.kz,homoglyph,,no
egov.kz,xn--go-kna0420a.kz,homoglyph,,no
egov.kz,xn--go-kna2121a.kz,homoglyph,,no
egov.kz,xn--go-kna2945b.kz,homoglyph,,no
egov.kz,xn--go-kna4021a.kz,homoglyph,,no
egov.kz,xn--go-kna4055b.kz,homoglyph,,no
egov.kz,xn--go-kna808z.kz,homoglyph,,no
egov.kz,xn--go-pbb061z.kz,homoglyph,,no
egov.kz,xn--go-pbb2144b.kz,homoglyph,,no
egov.kz,xn--go-pbb2310a.kz,homoglyph,,no
egov.kz,xn--go-pbb4210a.kz,homoglyph,,no
egov.kz,xn--go-pbb4244b.kz,homoglyph,,no
egov.kz,xn--go-pbb827y.kz,homoglyph,,no
egov.kz,xn--go-phs34a.kz,homoglyph,,no
egov.kz,xn--go-phs59d.kz,homoglyph,,no
egov.kz,xn--go-vma048z.kz,homoglyph,,no
egov.kz,xn--go-vma2720a.kz,homoglyph,,no
egov.kz,xn--go-vma4255b.kz,homoglyph,,no
egov.kz,xn--go-vma4421a.kz,homoglyph,,no
egov.kz,xn--go-vma6321a.kz,homoglyph,,no
egov.kz,xn--go-vma6355b.kz,homoglyph,,no
egov.kz,xn--go-wts482f.kz,homoglyph,,no
egov.kz,xn--go-wts8u.kz,homoglyph,,no
egov.kz,xn--go-wtsy92f.kz,homoglyph,,no
egov.kz,xn--go-wtsyv.kz,homoglyph,,no
egov.kz,xn--gou-2qa.kz,homoglyph,,no
egov.kz,xn--gou-5la.kz,homoglyph,,no
egov.kz,xn--gou-9la.kz,homoglyph,,no
egov.kz,xn--gou-9qb.kz,homoglyph,,no
egov.kz,xn--gou-bra.kz,homoglyph,,no
egov.kz,xn--gou-ema.kz,homoglyph,,no
egov.kz,xn--gou-g0y.kz,homoglyph,,no
egov.kz,xn--gou-ijz.kz,homoglyph,,no
egov.kz,xn--gou-ima.kz,homoglyph,,no
egov.kz,xn--gou-jra.kz,homoglyph,,no
egov.kz,xn--gou-rra.kz,homoglyph,,no
egov.kz,xn--gou-unb.kz,homoglyph,,no
egov.kz,xn--gou-zra.kz,homoglyph,,no
egov.kz,xn--gov-1la.kz,homoglyph,,no
egov.kz,xn--gov-2qa.kz,homoglyph,,no
egov.kz,xn--gov-5la.kz,homoglyph,,no
egov.kz,xn--gov-5pa.kz,homoglyph,,no
egov.kz,xn--gov-9la.kz,homoglyph,,no
egov.kz,xn--gov-9qb.kz,homoglyph,,no
egov.kz,xn--gov-bra.kz,homoglyph,,no
egov.kz,xn--gov-ema.kz,homoglyph,,no
egov.kz,xn--gov-eqa.kz,homoglyph,,no
egov.kz,xn--gov-g0y.kz,homoglyph,,no
egov.kz,xn--gov-g4a.kz,homoglyph,,no
egov.kz,xn--gov-ijz.kz,homoglyph,,no
egov.kz,xn--gov-ima.kz,homoglyph,,no
egov.kz,xn--gov-jra.kz,homoglyph,,no
egov.kz,xn--gov-k3x.kz,homoglyph,,no
egov.kz,xn--gov-ppa.kz,homoglyph,,no
egov.kz,xn--gov-rra.kz,homoglyph,,no
egov.kz,xn--gov-unb.kz,homoglyph,,no
egov.kz,xn--gov-xpa.kz,homoglyph,,no
egov.kz,xn--gov-zra.kz,homoglyph,,no
egov.kz,xn--gv-1ma34i.kz,homoglyph,,no
egov.kz,xn--gv-1ma367z.kz,homoglyph,,no
egov.kz,xn--gv-1ma5551a.kz,homoglyph,,no
egov.kz,xn--gv-1ma57c.kz,homoglyph,,no
egov.kz,xn--gv-1ma5v.kz,homoglyph,,no
egov.kz,xn--gv-1ma7451a.kz,homoglyph,,no
egov.kz,xn--gv-1ma7u.kz,homoglyph,,no
egov.kz,xn--gv-1ma9t.kz,homoglyph,,no
egov.kz,xn--gv-1ra0060a.kz,homoglyph,,no
egov.kz,xn--gv-1ra2321a.kz,homoglyph,,no
egov.kz,xn--gv-1ra40h.kz,homoglyph,,no
egov.kz,xn--gv-1ra48f.kz,homoglyph,,no
egov.kz,xn--gv-2ja0m.kz,homoglyph,,no
egov.kz,xn--gv-2ja2790a.kz,homoglyph,,no
egov.kz,xn--gv-2ja2l.kz,homoglyph,,no
egov.kz,xn--gv-2ja4061a.kz,homoglyph,,no
egov.kz,xn--gv-2ja4k.kz,homoglyph,,no
egov.kz,xn--gv-2ja65j.kz,homoglyph,,no
egov.kz,xn--gv-2ja67k.kz,homoglyph,,no
egov.kz,xn--gv-2ja6n.kz,homoglyph,,no
egov.kz,xn--gv-2ja8m.kz,homoglyph,,no
egov.kz,xn--gv-2ya2720a.kz,homoglyph,,no
egov.kz,xn--gv-2ya4090a.kz,homoglyph,,no
egov.kz,xn--gv-2ya65c.kz,homoglyph,,no
egov.kz,xn--gv-2ya67d.kz,homoglyph,,no
egov.kz,xn--gv-5ja0061a.kz,homoglyph,,no
egov.kz,xn--gv-5ja0k.kz,homoglyph,,no
egov.kz,xn--gv-5ja25j.kz,homoglyph,,no
egov.kz,xn--gv-5ja27k.kz,homoglyph,,no
egov.kz,xn--gv-5ja2n.kz,homoglyph,,no
egov.kz,xn--gv-5ja4m.kz,homoglyph,,no
egov.kz,xn--gv-5ja6l.kz,homoglyph,,no
egov.kz,xn--gv-5ja8690a.kz,homoglyph,,no
egov.kz,xn--gv-5ja8k.kz,homoglyph,,no
egov.kz,xn--gv-6ia1d.kz,homoglyph,,no
egov.kz,xn--gv-6ia32k.kz,homoglyph,,no
egov.kz,xn--gv-6ia349z.kz,homoglyph,,no
egov.kz,xn--gv-6ia3c.kz,homoglyph,,no
egov.kz,xn--gv-6ia5371a.kz,homoglyph,,no
egov.kz,xn--gv-6ia53b.kz,homoglyph,,no
egov.kz,xn--gv-6ia55e.kz,homoglyph,,no
egov.kz,xn--gv-6ia5b.kz,homoglyph,,no
egov.kz,xn--gv-6ia7271a.kz,homoglyph,,no
egov.kz,xn--gv-6ia72b.kz,homoglyph,,no
egov.kz,xn--gv-6ia7c.kz,homoglyph,,no
egov.kz,xn--gv-6ia91b.kz,homoglyph,,no
egov.kz,xn--gv-6ia9b.kz,homoglyph,,no
egov.kz,xn--gv-6ia9d.kz,homoglyph,,no
egov.kz,xn--gv-7ma1t.kz,homoglyph,,no
egov.kz,xn--gv-7ma53i.kz,homoglyph,,no
egov.kz,xn--gv-7ma557z.kz,homoglyph,,no
egov.kz,xn--gv-7ma7451a.kz,homoglyph,,no
egov.kz,xn--gv-7ma76c.kz,homoglyph,,no
egov.kz,xn--gv-7ma7u.kz,homoglyph,,no
egov.kz,xn--gv-7ma9351a.kz,homoglyph,,no
egov.kz,xn--gv-7ma9t.kz,homoglyph,,no
egov.kz,xn--gv-7ra2950a.kz,homoglyph,,no
egov.kz,xn--gv-7ra4221a.kz,homoglyph,,no
egov.kz,xn--gv-7ra67f.kz,homoglyph,,no
egov.kz,xn--gv-7ra69g.kz,homoglyph,,no
egov.kz,xn--gv-8bb407z.kz,homoglyph,,no
egov.kz,xn--gv-8bb6330a.kz,homoglyph,,no
egov.kz,xn--gv-8bb8g.kz,homoglyph,,no
egov.kz,xn--gv-8ja0m.kz,homoglyph,,no
egov.kz,xn--gv-8ja2l.kz,homoglyph,,no
egov.kz,xn--gv-8ja4690a.kz,homoglyph,,no
egov.kz,xn--gv-8ja4k.kz,homoglyph,,no
egov.kz,xn--gv-8ja6951a.kz,homoglyph,,no
egov.kz,xn--gv-8ja6j.kz,homoglyph,,no
egov.kz,xn--gv-8ja84j.kz,homoglyph,,no
egov.kz,xn--gv-8ja86k.kz,homoglyph,,no
egov.kz,xn--gv-8ja8m.kz,homoglyph,,no
egov.kz,xn--gv-9db1330a.kz,homoglyph,,no
egov.kz,xn--gv-9db3230a.kz,homoglyph,,no
egov.kz,xn--gv-9db935y.kz,homoglyph,,no
egov.kz,xn--gv-9ia1371a.kz,homoglyph,,no
egov.kz,xn--gv-9ia13b.kz,homoglyph,,no
egov.kz,xn--gv-9ia15e.kz,homoglyph,,no
egov.kz,xn--gv-9ia1b.kz,homoglyph,,no
egov.kz,xn--gv-9ia3271a.kz,homoglyph,,no
egov.kz,xn--gv-9ia32b.kz,homoglyph,,no
egov.kz,xn--gv-9ia3c.kz,homoglyph,,no
egov.kz,xn--gv-9ia51b.kz,homoglyph,,no
egov.kz,xn--gv-9ia5b.kz,homoglyph,,no
egov.kz,xn--gv-9ia5d.kz,homoglyph,,no
egov.kz,xn--gv-9ia7c.kz,homoglyph,,no
egov.kz,xn--gv-9ia91k.kz,homoglyph,,no
egov.kz,xn--gv-9ia939z.kz,homoglyph,,no
egov.kz,xn--gv-9ia9b.kz,homoglyph,,no
egov.kz,xn--gv-cka0690a.kz,homoglyph,,no
egov.kz,xn--gv-cka0k.kz,homoglyph,,no
egov.kz,xn--gv-cka2951a.kz,homoglyph,,no
egov.kz,xn--gv-cka2j.kz,homoglyph,,no
egov.kz,xn--gv-cka44j.kz,homoglyph,,no
egov.kz,xn--gv-cka46k.kz,homoglyph,,no
egov.kz,xn--gv-cka4m.kz,homoglyph,,no
egov.kz,xn--gv-cka6l.kz,homoglyph,,no
egov.kz,xn--gv-cka8k.kz,homoglyph,,no
egov.kz,xn--gv-dja11b.kz,homoglyph,,no
egov.kz,xn--gv-dja1b.kz,homoglyph,,no
egov.kz,xn--gv-dja1d.kz,homoglyph,,no
egov.kz,xn--gv-dja3c.kz,homoglyph,,no
egov.kz,xn--gv-dja51k.kz,homoglyph,,no
egov.kz,xn--gv-dja539z.kz,homoglyph,,no
egov.kz,xn--gv-dja5b.kz,homoglyph,,no
egov.kz,xn--gv-dja7271a.kz,homoglyph,,no
egov.kz,xn--gv-dja72b.kz,homoglyph,,no
egov.kz,xn--gv-dja74e.kz,homoglyph,,no
egov.kz,xn--gv-dja7a.kz,homoglyph,,no
egov.kz,xn--gv-dja9171a.kz,homoglyph,,no
egov.kz,xn--gv-dja91b.kz,homoglyph,,no
egov.kz,xn--gv-dja9b.kz,homoglyph,,no
egov.kz,xn--gv-ena1351a.kz,homoglyph,,no
egov.kz,xn--gv-ena1t.kz,homoglyph,,no
egov.kz,xn--gv-ena3s.kz,homoglyph,,no
egov.kz,xn--gv-ena72i.kz,homoglyph,,no
egov.kz,xn--gv-ena747z.kz,homoglyph,,no
egov.kz,xn--gv-ena9351a.kz,homoglyph,,no
egov.kz,xn--gv-ena95c.kz,homoglyph,,no
egov.kz,xn--gv-ena9t.kz,homoglyph,,no
egov.kz,xn--gv-fka04j.kz,homoglyph,,no
egov.kz,xn--gv-fka06k.kz,homoglyph,,no
egov.kz,xn--gv-fka0m.kz,homoglyph,,no
egov.kz,xn--gv-fka2l.kz,homoglyph,,no
egov.kz,xn--gv-fka4k.kz,homoglyph,,no
egov.kz,xn--gv-fka6590a.kz,homoglyph,,no
egov.kz,xn--gv-fka6j.kz,homoglyph,,no
egov.kz,xn--gv-fka8851a.kz,homoglyph,,no
egov.kz,xn--gv-fka8i.kz,homoglyph,,no
egov.kz,xn--gv-g7s6d.kz,homoglyph,,no
egov.kz,xn--gv-g7syd.kz,homoglyph,,no
egov.kz,xn--gv-gja11k.kz,homoglyph,,no
egov.kz,xn--gv-gja139z.kz,homoglyph,,no
egov.kz,xn--gv-gja1b.kz,homoglyph,,no
egov.kz,xn--gv-gja3271a.kz,homoglyph,,no
egov.kz,xn--gv-gja32b.kz,homoglyph,,no
egov.kz,xn--gv-gja34e.kz,homoglyph,,no
egov.kz,xn--gv-gja3a.kz,homoglyph,,no
egov.kz,xn--gv-gja5171a.kz,homoglyph,,no
egov.kz,xn--gv-gja51b.kz,homoglyph,,no
egov.kz,xn--gv-gja5b.kz,homoglyph,,no
egov.kz,xn--gv-gja70b.kz,homoglyph,,no
egov.kz,xn--gv-gja7a.kz,homoglyph,,no
egov.kz,xn--gv-gja7c.kz,homoglyph,,no
egov.kz,xn--gv-gja9b.kz,homoglyph,,no
egov.kz,xn--gv-kna1351a.kz,homoglyph,,no
egov.kz,xn--gv-kna15c.kz,homoglyph,,no
egov.kz,xn--gv-kna1t.kz,homoglyph,,no
egov.kz,xn--gv-kna3251a.kz,homoglyph,,no
egov.kz,xn--gv-kna3s.kz,homoglyph,,no
egov.kz,xn--gv-kna5r.kz,homoglyph,,no
egov.kz,xn--gv-kna91i.kz,homoglyph,,no
egov.kz,xn--gv-kna937z.kz,homoglyph,,no
egov.kz,xn--gv-lka0851a.kz,homoglyph,,no
egov.kz,xn--gv-lka0i.kz,homoglyph,,no
egov.kz,xn--gv-lka23j.kz,homoglyph,,no
egov.kz,xn--gv-lka25k.kz,homoglyph,,no
egov.kz,xn--gv-lka2l.kz,homoglyph,,no
egov.kz,xn--gv-lka4k.kz,homoglyph,,no
egov.kz,xn--gv-lka6j.kz,homoglyph,,no
egov.kz,xn--gv-lka8490a.kz,homoglyph,,no
egov.kz,xn--gv-lka8i.kz,homoglyph,,no
egov.kz,xn--gv-pbb1540a.kz,homoglyph,,no
egov.kz,xn--gv-pbb3440a.kz,homoglyph,,no
egov.kz,xn--gv-pbb956y.kz,homoglyph,,no
egov.kz,xn--gv-pbbz.kz,homoglyph,,no
egov.kz,xn--gv-vma15i.kz,homoglyph,,no
egov.kz,xn--gv-vma177z.kz,homoglyph,,no
egov.kz,xn--gv-vma3651a.kz,homoglyph,,no
egov.kz,xn--gv-vma38c.kz,homoglyph,,no
egov.kz,xn--gv-vma3w.kz,homoglyph,,no
egov.kz,xn--gv-vma5551a.kz,homoglyph,,no
egov.kz,xn--gv-vma5v.kz,homoglyph,,no
egov.kz,xn--gv-vma7u.kz,homoglyph,,no
egov.kz,xn--gv-vra0421a.kz,homoglyph,,no
egov.kz,xn--gv-vra21h.kz,homoglyph,,no
egov.kz,xn--gv-vra29f.kz,homoglyph,,no
egov.kz,xn--gv-vra8060a.kz,homoglyph,,no
egov.kz,xn--gv-wts32b.kz,homoglyph,,no
egov.kz,xn--gv-wtst3b.kz,homoglyph,,no
egov.kz,xn--gv-y5r02d.kz,homoglyph,,no
egov.kz,xn--gv-y5r27g.kz,homoglyph,,no
egov.kz,xn--ov-14a399z.kz,homoglyph,,no
egov.kz,xn--ov-14a5260a.kz,homoglyph,,no
egov.kz,xn--ov-14a79a.kz,homoglyph,,no
egov.kz,xn--ov-14a7x.kz,homoglyph,,no
egov.kz,xn--ov-1ma01g.kz,homoglyph,,no
egov.kz,xn--ov-1ma0d.kz,homoglyph,,no
egov.kz,xn--ov-1ma24k.kz,homoglyph,,no
egov.kz,xn--ov-1ma2c.kz,homoglyph,,no
egov.kz,xn--ov-1ma45f.kz,homoglyph,,no
egov.kz,xn--ov-1ma4b.kz,homoglyph,,no
egov.kz,xn--ov-1ma64f.kz,homoglyph,,no
egov.kz,xn--ov-1ma64k.kz,homoglyph,,no
egov.kz,xn--ov-1ma6a.kz,homoglyph,,no
egov.kz,xn--ov-2na5870a.kz,homoglyph,,no
egov.kz,xn--ov-2na7141a.kz,homoglyph,,no
egov.kz,xn--ov-2na96h.kz,homoglyph,,no
egov.kz,xn--ov-2na98i.kz,homoglyph,,no
egov.kz,xn--ov-6ia09h.kz,homoglyph,,no
egov.kz,xn--ov-6ia0v.kz,homoglyph,,no
egov.kz,xn--ov-6ia22m.kz,homoglyph,,no
egov.kz,xn--ov-6ia2u.kz,homoglyph,,no
egov.kz,xn--ov-6ia43h.kz,homoglyph,,no
egov.kz,xn--ov-6ia4t.kz,homoglyph,,no
egov.kz,xn--ov-6ia62h.kz,homoglyph,,no
egov.kz,xn--ov-6ia62m.kz,homoglyph,,no
egov.kz,xn--ov-6ia6s.kz,homoglyph,,no
egov.kz,xn--ov-7ma20g.kz,homoglyph,,no
egov.kz,xn--ov-7ma2c.kz,homoglyph,,no
egov.kz,xn--ov-7ma43k.kz,homoglyph,,no
egov.kz,xn--ov-7ma4b.kz,homoglyph,,no
egov.kz,xn--ov-7ma64f.kz,homoglyph,,no
egov.kz,xn--ov-7ma6a.kz,homoglyph,,no
egov.kz,xn--ov-7ma83f.kz,homoglyph,,no
egov.kz,xn--ov-7ma83k.kz,homoglyph,,no
egov.kz,xn--ov-7may.kz,homoglyph,,no
egov.kz,xn--ov-85a14a.kz,homoglyph,,no
egov.kz,xn--ov-85a1s.kz,homoglyph,,no
egov.kz,xn--ov-85a739z.kz,homoglyph,,no
egov.kz,xn--ov-85a9650a.kz,homoglyph,,no
egov.kz,xn--ov-8na16h.kz,homoglyph,,no
egov.kz,xn--ov-8na18i.kz,homoglyph,,no
egov.kz,xn--ov-8na7770a.kz,homoglyph,,no
egov.kz,xn--ov-8na9041a.kz,homoglyph,,no
egov.kz,xn--ov-9db2i.kz,homoglyph,,no
egov.kz,xn--ov-9db8h.kz,homoglyph,,no
egov.kz,xn--ov-9ia03h.kz,homoglyph,,no
egov.kz,xn--ov-9ia0t.kz,homoglyph,,no
egov.kz,xn--ov-9ia22h.kz,homoglyph,,no
egov.kz,xn--ov-9ia22m.kz,homoglyph,,no
egov.kz,xn--ov-9ia2s.kz,homoglyph,,no
egov.kz,xn--ov-9ia68h.kz,homoglyph,,no
egov.kz,xn--ov-9ia6u.kz,homoglyph,,no
egov.kz,xn--ov-9ia81m.kz,homoglyph,,no
egov.kz,xn--ov-9ia8t.kz,homoglyph,,no
egov.kz,xn--ov-dja28h.kz,homoglyph,,no
egov.kz,xn--ov-dja2u.kz,homoglyph,,no
egov.kz,xn--ov-dja41m.kz,homoglyph,,no
egov.kz,xn--ov-dja4t.kz,homoglyph,,no
egov.kz,xn--ov-dja62h.kz,homoglyph,,no
egov.kz,xn--ov-dja6s.kz,homoglyph,,no
egov.kz,xn--ov-dja81h.kz,homoglyph,,no
egov.kz,xn--ov-dja81m.kz,homoglyph,,no
egov.kz,xn--ov-dja8r.kz,homoglyph,,no
egov.kz,xn--ov-ena03f.kz,homoglyph,,no
egov.kz,xn--ov-ena03k.kz,homoglyph,,no
egov.kz,xn--ov-ena49f.kz,homoglyph,,no
egov.kz,xn--ov-ena4b.kz,homoglyph,,no
egov.kz,xn--ov-ena62k.kz,homoglyph,,no
egov.kz,xn--ov-ena6a.kz,homoglyph,,no
egov.kz,xn--ov-ena83f.kz,homoglyph,,no
egov.kz,xn--ov-enaq.kz,homoglyph,,no
egov.kz,xn--ov-enay.kz,homoglyph,,no
egov.kz,xn--ov-gja01m.kz,homoglyph,,no
egov.kz,xn--ov-gja0t.kz,homoglyph,,no
egov.kz,xn--ov-gja22h.kz,homoglyph,,no
egov.kz,xn--ov-gja2s.kz,homoglyph,,no
egov.kz,xn--ov-gja41h.kz,homoglyph,,no
egov.kz,xn--ov-gja41m.kz,homoglyph,,no
egov.kz,xn--ov-gja4r.kz,homoglyph,,no
egov.kz,xn--ov-gja87h.kz,homoglyph,,no
egov.kz,xn--ov-gja8t.kz,homoglyph,,no
egov.kz,xn--ov-igb505z.kz,homoglyph,,no
egov.kz,xn--ov-igb7310a.kz,homoglyph,,no
egov.kz,xn--ov-kna03f.kz,homoglyph,,no
egov.kz,xn--ov-kna22f.kz,homoglyph,,no
egov.kz,xn--ov-kna22k.kz,homoglyph,,no
egov.kz,xn--ov-kna68f.kz,homoglyph,,no
egov.kz,xn--ov-kna6a.kz,homoglyph,,no
egov.kz,xn--ov-kna81k.kz,homoglyph,,no
egov.kz,xn--ov-knai.kz,homoglyph,,no
egov.kz,xn--ov-knaq.kz,homoglyph,,no
egov.kz,xn--ov-knay.kz,homoglyph,,no
egov.kz,xn--ov-lgb105z.kz,homoglyph,,no
egov.kz,xn--ov-lgb3310a.kz,homoglyph,,no
egov.kz,xn--ov-pbb2u.kz,homoglyph,,no
egov.kz,xn--ov-pbb8t.kz,homoglyph,,no
egov.kz,xn--ov-qna1080a.kz,homoglyph,,no
egov.kz,xn--ov-qna3341a.kz,homoglyph,,no
egov.kz,xn--ov-qna50j.kz,homoglyph,,no
egov.kz,xn--ov-qna58h.kz,homoglyph,,no
egov.kz,xn--ov-v4a1000a.kz,homoglyph,,no
egov.kz,xn--ov-v4a3360a.kz,homoglyph,,no
egov.kz,xn--ov-v4a50b.kz,homoglyph,,no
egov.kz,xn--ov-v4a5y.kz,homoglyph,,no
egov.kz,xn--ov-vma05k.kz,homoglyph,,no
egov.kz,xn--ov-vma0d.kz,homoglyph,,no
egov.kz,xn--ov-vma26f.kz,homoglyph,,no
egov.kz,xn--ov-vma2c.kz,homoglyph,,no
egov.kz,xn--ov-vma45f.kz,homoglyph,,no
egov.kz,xn--ov-vma45k.kz,homoglyph,,no
egov.kz,xn--ov-vma4b.kz,homoglyph,,no
egov.kz,xn--ov-vma81g.kz,homoglyph,,no
egov.kz,xn--ov-vma8d.kz,homoglyph,,no
egov.kz,xn--ov-wna3970a.kz,homoglyph,,no
egov.kz,xn--ov-wna5241a.kz,homoglyph,,no
egov.kz,xn--ov-wna77h.kz,homoglyph,,no
egov.kz,xn--ov-wna79i.kz,homoglyph,,no
egov.kz,xn--qov-2qa.kz,homoglyph,,no
egov.kz,xn--qov-5la.kz,homoglyph,,no
egov.kz,xn--qov-9la.kz,homoglyph,,no
egov.kz,xn--qov-9qb.kz,homoglyph,,no
egov.kz,xn--qov-bra.kz,homoglyph,,no
egov.kz,xn--qov-ema.kz,homoglyph,,no
egov.kz,xn--qov-g0y.kz,homoglyph,,no
egov.kz,xn--qov-ijz.kz,homoglyph,,no
egov.kz,xn--qov-ima.kz,homoglyph,,no
egov.kz,xn--qov-jra.kz,homoglyph,,no
egov.kz,xn--qov-rra.kz,homoglyph,,no
egov.kz,xn--qov-unb.kz,homoglyph,,no
egov.kz,xn--qov-zra.kz,homoglyph,,no
egov.kz,e-gov.kz,hyphenation,,no
egov.kz,eg-ov.kz,hyphenation,,no
egov.kz,ego-v.kz,hyphenation,,no
egov.kz,3egov.kz,insertion,,no
egov.kz,4egov.kz,insertion,,no
egov.kz,degov.kz,insertion,,no
egov.kz,e3gov.kz,insertion,,no
egov.kz,e4gov.kz,insertion,,no
egov.kz,ebgov.kz,insertion,,no
egov.kz,edgov.kz,insertion,,no
egov.kz,efgov.kz,insertion,,no
egov.kz,eg0ov.kz,insertion,,no
egov.kz,eg9ov.kz,insertion,,no
egov.kz,egbov.kz,insertion,,no
egov.kz,egfov.kz,insertion,,no
egov.kz,eghov.kz,insertion,,no
egov.kz,egiov.kz,insertion,,no
egov.kz,egkov.kz,insertion,,no
egov.kz,eglov.kz,insertion,,no
egov.kz,ego0v.kz,insertion,,no
egov.kz,ego9v.kz,insertion,,no
egov.kz,egoiv.kz,insertion,,no
egov.kz,egokv.kz,insertion,,no
egov.kz,egolv.kz,insertion,,no
egov.kz,egopv.kz,insertion,,no
egov.kz,egpov.kz,insertion,,no
egov.kz,egtov.kz,insertion,,no
egov.kz,egvov.kz,insertion,,no
egov.kz,egyov.kz,insertion,,no
egov.kz,egzov.kz,insertion,,no
egov.kz,ehgov.kz,insertion,,no
egov.kz,ergov.kz,insertion,,no
egov.kz,esgov.kz,insertion,,no
egov.kz,etgov.kz,insertion,,no
egov.kz,evgov.kz,insertion,,no
egov.kz,ewgov.kz,insertion,,no
egov.kz,eygov.kz,insertion,,no
egov.kz,ezgov.kz,insertion,,no
egov.kz,regov.kz,insertion,,no
egov.kz,segov.kz,insertion,,no
egov.kz,wegov.kz,insertion,,no
egov.kz,zegov.kz,insertion,,no
egov.kz,ego.kz,omission,,no
egov.kz,egv.kz,omission,,no
egov.kz,eov.kz,omission,,no
egov.kz,gov.kz,omission,,no
egov.kz,eegov.kz,repetition,,no
egov.kz,eggov.kz,repetition,,no
egov.kz,egoov.kz,repetition,,no
egov.kz,3gov.kz,replacement,,no
egov.kz,4gov.kz,replacement,,no
egov.kz,ebov.kz,replacement,,no
egov.kz,eg9v.kz,replacement,,no
egov.kz,egiv.kz,replacement,,no
egov.kz,eglv.kz,replacement,,no
egov.kz,egob.kz,replacement,,no
egov.kz,egoc.kz,replacement,,no
egov.kz,egog.kz,replacement,,no
egov.kz,egpv.kz,replacement,,no
egov.kz,ehov.kz,replacement,,no
egov.kz,etov.kz,replacement,,no
egov.kz,evov.kz,replacement,,no
egov.kz,eyov.kz,replacement,,no
egov.kz,ezov.kz,replacement,,no
egov.kz,rgov.kz,replacement,,no
egov.kz,sgov.kz,replacement,,no
egov.kz,wgov.kz,replacement,,no
egov.kz,zgov.kz,replacement,,no
egov.kz,e.gov.kz,subdomain,,no
egov.kz,eg.ov.kz,subdomain,,no
egov.kz,egvo.kz,transposition,,no
egov.kz,eogv.kz,transposition,,no
egov.kz,geov.kz,transposition,,no
egov.kz,egov-kz.com,various,,no
egov.kz,egovkz.com,various,,no
egov.kz,egovkz.kz,various,,no
egov.kz,egav.kz,vowel-swap,,no
egov.kz,egev.kz,vowel-swap,,no
egov.kz,eguv.kz,vowel-swap,,no
egov.kz,igov.kz,vowel-swap,,no
egov.kz,ogov.kz,vowel-swap,,no
homebank.kz,homebank0.kz,addition,,no
homebank.kz,homebank1.kz,addition,,no
homebank.kz,homebank2.kz,addition,,no
homebank.kz,homebank3.kz,addition,,no
homebank.kz,homebank4.kz,addition,,no
homebank.kz,homebank5.kz,addition,,no
homebank.kz,homebank6.kz,addition,,no
homebank.kz,homebank7.kz,addition,,no
homebank.kz,homebank8.kz,addition,,no
homebank.kz,homebank9.kz,addition,,no
homebank.kz,homebanka.kz,addition,,no
homebank.kz,homebankb.kz,addition,,no
homebank.kz,homebankc.kz,addition,,no
homebank.kz,homebankd.kz,addition,,no
homebank.kz,homebanke.kz,addition,,no
homebank.kz,homebankf.kz,addition,,no
homebank.kz,homebankg.kz,addition,,no
homebank.kz,homebankh.kz,addition,,no
homebank.kz,homebanki.kz,addition,,no
homebank.kz,homebankj.kz,addition,,no
homebank.kz,homebankk.kz,addition,,no
homebank.kz,homebankl.kz,addition,,no
homebank.kz,homebankm.kz,addition,,no
homebank.kz,homebankn.kz,addition,,no
homebank.kz,homebanko.kz,addition,,no
homebank.kz,homebankp.kz,addition,,no
homebank.kz,homebankq.kz,addition,,no
homebank.kz,homebankr.kz,addition,,no
homebank.kz,homebanks.kz,addition,,no
homebank.kz,homebankt.kz,addition,,no
homebank.kz,homebanku.kz,addition,,no
homebank.kz,homebankv.kz,addition,,no
homebank.kz,homebankw.kz,addition,,no
homebank.kz,homebankx.kz,addition,,no
homebank.kz,homebanky.kz,addition,,no
homebank.kz,homebankz.kz,addition,,no
homebank.kz,hgmebank.kz,bitsquatting,,no
homebank.kz,hkmebank.kz,bitsquatting,,no
homebank.kz,hmmebank.kz,bitsquatting,,no
homebank.kz,hnmebank.kz,bitsquatting,,no
homebank.kz,ho-ebank.kz,bitsquatting,,no
homebank.kz,hoeebank.kz,bitsquatting,,no
homebank.kz,hoiebank.kz,bitsquatting,,no
homebank.kz,holebank.kz,bitsquatting,,no
homebank.kz,homabank.kz,bitsquatting,,no
homebank.kz,homdbank.kz,bitsquatting,,no
homebank.kz,homebafk.kz,bitsquatting,,no
homebank.kz,homebajk.kz,bitsquatting,,no
homebank.kz,homebalk.kz,bitsquatting,,no
homebank.kz,homebanc.kz,bitsquatting,,no
homebank.kz,homebani.kz,bitsquatting,,no
homebank.kz,homebanj.kz,bitsquatting,,no
homebank.kz,homebano.kz,bitsquatting,,no
homebank.kz,homebaok.kz,bitsquatting,,no
homebank.kz,homebcnk.kz,bitsquatting,,no
homebank.kz,homebenk.kz,bitsquatting,,no
homebank.kz,homebink.kz,bitsquatting,,no
homebank.kz,homebqnk.kz,bitsquatting,,no
homebank.kz,homecank.kz,bitsquatting,,no
homebank.kz,homefank.kz,bitsquatting,,no
homebank.kz,homejank.kz,bitsquatting,,no
homebank.kz,homerank.kz,bitsquatting,,no
homebank.kz,homgbank.kz,bitsquatting,,no
homebank.kz,hommbank.kz,bitsquatting,,no
homebank.kz,homubank.kz,bitsquatting,,no
homebank.kz,hooebank.kz,bitsquatting,,no
homebank.kz,iomebank.kz,bitsquatting,,no
homebank.kz,jomebank.kz,bitsquatting,,no
homebank.kz,lomebank.kz,bitsquatting,,no
homebank.kz,xomebank.kz,bitsquatting,,no
homebank.kz,1homebank.kz,homoglyph,,no
homebank.kz,h0mcbank.kz,homoglyph,,no
homebank.kz,h0mebamk.kz,homoglyph,,no
homebank.kz,h0mebank.kz,homoglyph,,no
homebank.kz,h0mebanlc.kz,homoglyph,,no
homebank.kz,h0mebark.kz,homoglyph,,no
homebank.kz,h0medank.kz,homoglyph,,no
homebank.kz,h0melbank.kz,homoglyph,,no
homebank.kz,h0nebank.kz,homoglyph,,no
homebank.kz,h0nnebank.kz,homoglyph,,no
homebank.kz,h0rnebank.kz,homoglyph,,no
homebank.kz,homcbamk.kz,homoglyph,,no
homebank.kz,homcbank.kz,homoglyph,,no
homebank.kz,homcbanlc.kz,homoglyph,,no
homebank.kz,homcbark.kz,homoglyph,,no
homebank.kz,homcdank.kz,homoglyph,,no
homebank.kz,homclbank.kz,homoglyph,,no
homebank.kz,home1bank.kz,homoglyph,,no
homebank.kz,homebamk.kz,homoglyph,,no
homebank.kz,homebamlc.kz,homoglyph,,no
homebank.kz,homeban1c.kz,homoglyph,,no
homebank.kz,homebanic.kz,homoglyph,,no
homebank.kz,homebanlc.kz,homoglyph,,no
homebank.kz,homebanle.kz,homoglyph,,no
homebank.kz,homebannk.kz,homoglyph,,no
homebank.kz,homebark.kz,homoglyph,,no
homebank.kz,homebarlc.kz,homoglyph,,no
homebank.kz,homebarnk.kz,homoglyph,,no
homebank.kz,homeclank.kz,homoglyph,,no
homebank.kz,homedamk.kz,homoglyph,,no
homebank.kz,homedank.kz,homoglyph,,no
homebank.kz,homedanlc.kz,homoglyph,,no
homebank.kz,homedark.kz,homoglyph,,no
homebank.kz,homedlank.kz,homoglyph,,no
homebank.kz,homeibank.kz,homoglyph,,no
homebank.kz,homelbamk.kz,homoglyph,,no
homebank.kz,homelbank.kz,homoglyph,,no
homebank.kz,homelbanlc.kz,homoglyph,,no
homebank.kz,homelbark.kz,homoglyph,,no
homebank.kz,homeldank.kz,homoglyph,,no
homebank.kz,homellbank.kz,homoglyph,,no
homebank.kz,hommebank.kz,homoglyph,,no
homebank.kz,homnebank.kz,homoglyph,,no
homebank.kz,honcbank.kz,homoglyph,,no
homebank.kz,honebamk.kz,homoglyph,,no
homebank.kz,honebank.kz,homoglyph,,no
homebank.kz,honebanlc.kz,homoglyph,,no
homebank.kz,honebark.kz,homoglyph,,no
homebank.kz,honedank.kz,homoglyph,,no
homebank.kz,honelbank.kz,homoglyph,,no
homebank.kz,honmebank.kz,homoglyph,,no
homebank.kz,honncbank.kz,homoglyph,,no
homebank.kz,honnebamk.kz,homoglyph,,no
homebank.kz,honnebank.kz,homoglyph,,no
homebank.kz,honnebanlc.kz,homoglyph,,no
homebank.kz,honnebark.kz,homoglyph,,no
homebank.kz,honnedank.kz,homoglyph,,no
homebank.kz,honnelbank.kz,homoglyph,,no
homebank.kz,honrebank.kz,homoglyph,,no
homebank.kz,horebank.kz,homoglyph,,no
homebank.kz,hormebank.kz,homoglyph,,no
homebank.kz,horncbank.kz,homoglyph,,no
homebank.kz,hornebamk.kz,homoglyph,,no
homebank.kz,hornebank.kz,homoglyph,,no
homebank.kz,hornebanlc.kz,homoglyph,,no
homebank.kz,hornebark.kz,homoglyph,,no
homebank.kz,hornedank.kz,homoglyph,,no
homebank.kz,hornelbank.kz,homoglyph,,no
homebank.kz,horrebank.kz,homoglyph,,no
homebank.kz,ihomebank.kz,homoglyph,,no
homebank.kz,lh0mebank.kz,homoglyph,,no
homebank.kz,lhomcbank.kz,homoglyph,,no
homebank.kz,lhomebamk.kz,homoglyph,,no
homebank.kz,lhomebank.kz,homoglyph,,no
homebank.kz,lhomebanlc.kz,homoglyph,,no
homebank.kz,lhomebark.kz,homoglyph,,no
homebank.kz,lhomedank.kz,homoglyph,,no
homebank.kz,lhomelbank.kz,homoglyph,,no
homebank.kz,lhonebank.kz,homoglyph,,no
homebank.kz,lhonnebank.kz,homoglyph,,no
homebank.kz,lhornebank.kz,homoglyph,,no
homebank.kz,llhomebank.kz,homoglyph,,no
homebank.kz,xn--0mebank-4yc.kz,homoglyph,,no
homebank.kz,xn--0mebank-9u3c.kz,homoglyph,,no
homebank.kz,xn--0mebank-dgd.kz,homoglyph,,no
homebank.kz,xn--0mebank-du3c.kz,homoglyph,,no
homebank.kz,xn--0mebank-fo7e.kz,homoglyph,,no
homebank.kz,xn--0mebank-gdb.kz,homoglyph,,no
homebank.kz,xn--0mebank-gt3c.kz,homoglyph,,no
homebank.kz,xn--0mebank-qk4c.kz,homoglyph,,no
homebank.kz,xn--0mebank-tu3c.kz,homoglyph,,no
homebank.kz,xn--0mebank-wt3c.kz,homoglyph,,no
homebank.kz,xn--0mebank-zcb.kz,homoglyph,,no
homebank.kz,xn--h0ebank-d03c.kz,homoglyph,,no
homebank.kz,xn--h0ebank-t03c.kz,homoglyph,,no
homebank.kz,xn--h0ebank-wz3c.kz,homoglyph,,no
homebank.kz,xn--h0ebank-xid.kz,homoglyph,,no
homebank.kz,xn--h0ebank-yz1c.kz,homoglyph,,no
homebank.kz,xn--h0mbank-4xa.kz,homoglyph,,no
homebank.kz,xn--h0mbank-c9a.kz,homoglyph,,no
homebank.kz,xn--h0mbank-d8c.kz,homoglyph,,no
homebank.kz,xn--h0mbank-dya.kz,homoglyph,,no
homebank.kz,xn--h0mbank-f8a.kz,homoglyph,,no
homebank.kz,xn--h0mbank-i1c.kz,homoglyph,,no
homebank.kz,xn--h0mbank-lya.kz,homoglyph,,no
homebank.kz,xn--h0mbank-pr3c.kz,homoglyph,,no
homebank.kz,xn--h0mbank-s9a.kz,homoglyph,,no
homebank.kz,xn--h0mbank-ts4c.kz,homoglyph,,no
homebank.kz,xn--h0mbank-tya.kz,homoglyph,,no
homebank.kz,xn--h0mbank-v8a.kz,homoglyph,,no
homebank.kz,xn--h0mbank-y7a.kz,homoglyph,,no
homebank.kz,xn--h0meank-1yb.kz,homoglyph,,no
homebank.kz,xn--h0meank-4bd.kz,homoglyph,,no
homebank.kz,xn--h0meank-4rd.kz,homoglyph,,no
homebank.kz,xn--h0meank-5m3c.kz,homoglyph,,no
homebank.kz,xn--h0meank-8l3c.kz,homoglyph,,no
homebank.kz,xn--h0meank-pm3c.kz,homoglyph,,no
homebank.kz,xn--h0mebak-5kb.kz,homoglyph,,no
homebank.kz,xn--h0mebak-7k3z.kz,homoglyph,,no
homebank.kz,xn--h0mebak-8jb.kz,homoglyph,,no
homebank.kz,xn--h0mebak-9za.kz,homoglyph,,no
homebank.kz,xn--h0mebak-b23c.kz,homoglyph,,no
homebank.kz,xn--h0mebak-e13c.kz,homoglyph,,no
homebank.kz,xn--h0mebak-mqc.kz,homoglyph,,no
homebank.kz,xn--h0mebak-pkb.kz,homoglyph,,no
homebank.kz,xn--h0mebak-u13c.kz,homoglyph,,no
homebank.kz,xn--h0mebak-ulb.kz,homoglyph,,no
homebank.kz,xn--h0meban-2o7e.kz,homoglyph,,no
homebank.kz,xn--h0meban-bhb.kz,homoglyph,,no
homebank.kz,xn--h0meban-bx3c.kz,homoglyph,,no
homebank.kz,xn--h0meban-jhb.kz,homoglyph,,no
homebank.kz,xn--h0meban-nz1c.kz,homoglyph,,no
homebank.kz,xn--h0meban-rx3c.kz,homoglyph,,no
homebank.kz,xn--h0meban-zmc.kz,homoglyph,,no
homebank.kz,xn--h0mebnk-1wa.kz,homoglyph,,no
homebank.kz,xn--h0mebnk-30c.kz,homoglyph,,no
homebank.kz,xn--h0mebnk-9wa.kz,homoglyph,,no
homebank.kz,xn--h0mebnk-d4a.kz,homoglyph,,no
homebank.kz,xn--h0mebnk-dwa.kz,homoglyph,,no
homebank.kz,xn--h0mebnk-en4c.kz,homoglyph,,no
homebank.kz,xn--h0mebnk-ixa.kz,homoglyph,,no
homebank.kz,xn--h0mebnk-jdd.kz,homoglyph,,no
homebank.kz,xn--h0mebnk-lwa.kz,homoglyph,,no
homebank.kz,xn--h0mebnk-pbd.kz,homoglyph,,no
homebank.kz,xn--h0mebnk-rgc.kz,homoglyph,,no
homebank.kz,xn--h0mebnk-t4a.kz,homoglyph,,no
homebank.kz,xn--h0mebnk-twa.kz,homoglyph,,no
homebank.kz,xn--h0mebnk-w3a.kz,homoglyph,,no
homebank.kz,xn--hebank-305b52m.kz,homoglyph,,no
homebank.kz,xn--hebank-305bpa.kz,homoglyph,,no
homebank.kz,xn--hebank-305bx3m.kz,homoglyph,,no
homebank.kz,xn--hebank-3gb2630d.kz,homoglyph,,no
homebank.kz,xn--hebank-3gb4197c.kz,homoglyph,,no
homebank.kz,xn--hebank-3gb4930d.kz,homoglyph,,no
homebank.kz,xn--hebank-3gb81u.kz,homoglyph,,no
homebank.kz,xn--hebank-3gb8730d.kz,homoglyph,,no
homebank.kz,xn--hebank-3s7bp0c.kz,homoglyph,,no
homebank.kz,xn--hebank-3s7bx9b.kz,homoglyph,,no
homebank.kz,xn--hebank-3wa2211d.kz,homoglyph,,no
homebank.kz,xn--hebank-3wa4511d.kz,homoglyph,,no
homebank.kz,xn--hebank-3wa4768c.kz,homoglyph,,no
homebank.kz,xn--hebank-3wa8311d.kz,homoglyph,,no
homebank.kz,xn--hebank-3wa871a.kz,homoglyph,,no
homebank.kz,xn--hebank-3wb2279c.kz,homoglyph,,no
homebank.kz,xn--hebank-3wb4579c.kz,homoglyph,,no
homebank.kz,xn--hebank-3wb4727c.kz,homoglyph,,no
homebank.kz,xn--hebank-3wb8379c.kz,homoglyph,,no
homebank.kz,xn--hebank-3wb87n.kz,homoglyph,,no
homebank.kz,xn--hebank-bgb0140d.kz,homoglyph,,no
homebank.kz,xn--hebank-bgb05u.kz,homoglyph,,no
homebank.kz,xn--hebank-bgb4930d.kz,homoglyph,,no
homebank.kz,xn--hebank-bgb6240d.kz,homoglyph,,no
homebank.kz,xn--hebank-bgb6497c.kz,homoglyph,,no
homebank.kz,xn--hebank-bs7b50c.kz,homoglyph,,no
homebank.kz,xn--hebank-bs7bx1c.kz,homoglyph,,no
homebank.kz,xn--hebank-bxa0311d.kz,homoglyph,,no
homebank.kz,xn--hebank-bxa071a.kz,homoglyph,,no
homebank.kz,xn--hebank-bxa4111d.kz,homoglyph,,no
homebank.kz,xn--hebank-bxa6411d.kz,homoglyph,,no
homebank.kz,xn--hebank-bxa6668c.kz,homoglyph,,no
homebank.kz,xn--hebank-bya031a.kz,homoglyph,,no
homebank.kz,xn--hebank-bya0901d.kz,homoglyph,,no
homebank.kz,xn--hebank-bya4701d.kz,homoglyph,,no
homebank.kz,xn--hebank-bya6011d.kz,homoglyph,,no
homebank.kz,xn--hebank-bya6268c.kz,homoglyph,,no
homebank.kz,xn--hebank-i15b64h.kz,homoglyph,,no
homebank.kz,xn--hebank-i15bq6h.kz,homoglyph,,no
homebank.kz,xn--hebank-i15by5h.kz,homoglyph,,no
homebank.kz,xn--hebank-iqc2068c.kz,homoglyph,,no
homebank.kz,xn--hebank-iqc24c.kz,homoglyph,,no
homebank.kz,xn--hebank-iqc6858c.kz,homoglyph,,no
homebank.kz,xn--hebank-iqc8168c.kz,homoglyph,,no
homebank.kz,xn--hebank-iqc8316c.kz,homoglyph,,no
homebank.kz,xn--hebank-ixa2211d.kz,homoglyph,,no
homebank.kz,xn--hebank-ixa261a.kz,homoglyph,,no
homebank.kz,xn--hebank-ixa6011d.kz,homoglyph,,no
homebank.kz,xn--hebank-ixa8311d.kz,homoglyph,,no
homebank.kz,xn--hebank-ixa8568c.kz,homoglyph,,no
homebank.kz,xn--hebank-p3c3919c.kz,homoglyph,,no
homebank.kz,xn--hebank-p3c5265c.kz,homoglyph,,no
homebank.kz,xn--hebank-p3c9029c.kz,homoglyph,,no
homebank.kz,xn--hebank-pgb0140d.kz,homoglyph,,no
homebank.kz,xn--hebank-pgb0397c.kz,homoglyph,,no
homebank.kz,xn--hebank-pgb43u.kz,homoglyph,,no
homebank.kz,xn--hebank-pgb4930d.kz,homoglyph,,no
homebank.kz,xn--hebank-pgb8730d.kz,homoglyph,,no
homebank.kz,xn--hebank-ps7b50c.kz,homoglyph,,no
homebank.kz,xn--hebank-ps7bp0c.kz,homoglyph,,no
homebank.kz,xn--hebank-pxa0311d.kz,homoglyph,,no
homebank.kz,xn--hebank-pxa0568c.kz,homoglyph,,no
homebank.kz,xn--hebank-pxa4111d.kz,homoglyph,,no
homebank.kz,xn--hebank-pxa451a.kz,homoglyph,,no
homebank.kz,xn--hebank-pxa8901d.kz,homoglyph,,no
homebank.kz,xn--hebank-wxa0901d.kz,homoglyph,,no
homebank.kz,xn--hebank-wxa2211d.kz,homoglyph,,no
homebank.kz,xn--hebank-wxa2468c.kz,homoglyph,,no
homebank.kz,xn--hebank-wxa6011d.kz,homoglyph,,no
homebank.kz,xn--hebank-wxa641a.kz,homoglyph,,no
homebank.kz,xn--hmbank-3gb34o.kz,homoglyph,,no
homebank.kz,xn--hmbank-3gb38q.kz,homoglyph,,no
homebank.kz,xn--hmbank-3gb5700d.kz,homoglyph,,no
homebank.kz,xn--hmbank-3gb9331d.kz,homoglyph,,no
homebank.kz,xn--hmbank-3wa11a.kz,homoglyph,,no
homebank.kz,xn--hmbank-3wa30w.kz,homoglyph,,no
homebank.kz,xn--hmbank-3wa34a.kz,homoglyph,,no
homebank.kz,xn--hmbank-3wa34y.kz,homoglyph,,no
homebank.kz,xn--hmbank-3wa5380d.kz,homoglyph,,no
homebank.kz,xn--hmbank-3wa5z.kz,homoglyph,,no
homebank.kz,xn--hmbank-3wa72a.kz,homoglyph,,no
homebank.kz,xn--hmbank-3wa9902d.kz,homoglyph,,no
homebank.kz,xn--hmbank-3wa9x.kz,homoglyph,,no
homebank.kz,xn--hmbank-3wb30i.kz,homoglyph,,no
homebank.kz,xn--hmbank-3wb34k.kz,homoglyph,,no
homebank.kz,xn--hmbank-3wb5349c.kz,homoglyph,,no
homebank.kz,xn--hmbank-3wb9960d.kz,homoglyph,,no
homebank.kz,xn--hmbank-43a06b.kz,homoglyph,,no
homebank.kz,xn--hmbank-43a23i.kz,homoglyph,,no
homebank.kz,xn--hmbank-43a2991d.kz,homoglyph,,no
homebank.kz,xn--hmbank-43a29b.kz,homoglyph,,no
homebank.kz,xn--hmbank-43a6791d.kz,homoglyph,,no
homebank.kz,xn--hmbank-43a67b.kz,homoglyph,,no
homebank.kz,xn--hmbank-43a8048c.kz,homoglyph,,no
homebank.kz,xn--hmbank-43a86t.kz,homoglyph,,no
homebank.kz,xn--hmbank-4k7b42d.kz,homoglyph,,no
homebank.kz,xn--hmbank-4k7bw3d.kz,homoglyph,,no
homebank.kz,xn--hmbank-4ua02f.kz,homoglyph,,no
homebank.kz,xn--hmbank-4ua0g.kz,homoglyph,,no
homebank.kz,xn--hmbank-4ua0k.kz,homoglyph,,no
homebank.kz,xn--hmbank-4ua2532d.kz,homoglyph,,no
homebank.kz,xn--hmbank-4ua25f.kz,homoglyph,,no
homebank.kz,xn--hmbank-4ua29l.kz,homoglyph,,no
homebank.kz,xn--hmbank-4ua2f.kz,homoglyph,,no
homebank.kz,xn--hmbank-4ua4i.kz,homoglyph,,no
homebank.kz,xn--hmbank-4ua6332d.kz,homoglyph,,no
homebank.kz,xn--hmbank-4ua63f.kz,homoglyph,,no
homebank.kz,xn--hmbank-4ua6h.kz,homoglyph,,no
homebank.kz,xn--hmbank-4ua82x.kz,homoglyph,,no
homebank.kz,xn--hmbank-4ua8678c.kz,homoglyph,,no
homebank.kz,xn--hmbank-4ua8g.kz,homoglyph,,no
homebank.kz,xn--hmbank-bgb1731d.kz,homoglyph,,no
homebank.kz,xn--hmbank-bgb51r.kz,homoglyph,,no
homebank.kz,xn--hmbank-bgb57o.kz,homoglyph,,no
homebank.kz,xn--hmbank-bgb7010d.kz,homoglyph,,no
homebank.kz,xn--hmbank-bxa1902d.kz,homoglyph,,no
homebank.kz,xn--hmbank-bxa1x.kz,homoglyph,,no
homebank.kz,xn--hmbank-bxa30a.kz,homoglyph,,no
homebank.kz,xn--hmbank-bxa53a.kz,homoglyph,,no
homebank.kz,xn--hmbank-bxa53y.kz,homoglyph,,no
homebank.kz,xn--hmbank-bxa59v.kz,homoglyph,,no
homebank.kz,xn--hmbank-bxa7280d.kz,homoglyph,,no
homebank.kz,xn--hmbank-bxa7y.kz,homoglyph,,no
homebank.kz,xn--hmbank-bxa91a.kz,homoglyph,,no
homebank.kz,xn--hmbank-bya1502d.kz,homoglyph,,no
homebank.kz,xn--hmbank-bya1t.kz,homoglyph,,no
homebank.kz,xn--hmbank-bya3w.kz,homoglyph,,no
homebank.kz,xn--hmbank-bya55v.kz,homoglyph,,no
homebank.kz,xn--hmbank-bya59x.kz,homoglyph,,no
homebank.kz,xn--hmbank-bya5z.kz,homoglyph,,no
homebank.kz,xn--hmbank-bya7870d.kz,homoglyph,,no
homebank.kz,xn--hmbank-bya7u.kz,homoglyph,,no
homebank.kz,xn--hmbank-bya9x.kz,homoglyph,,no
homebank.kz,xn--hmbank-c5a02t.kz,homoglyph,,no
homebank.kz,xn--hmbank-c5a0638c.kz,homoglyph,,no
homebank.kz,xn--hmbank-c5a21b.kz,homoglyph,,no
homebank.kz,xn--hmbank-c5a4491d.kz,homoglyph,,no
homebank.kz,xn--hmbank-c5a44b.kz,homoglyph,,no
homebank.kz,xn--hmbank-c5a48h.kz,homoglyph,,no
homebank.kz,xn--hmbank-c5a8291d.kz,homoglyph,,no
homebank.kz,xn--hmbank-c5a82b.kz,homoglyph,,no
homebank.kz,xn--hmbank-cpc0026c.kz,homoglyph,,no
homebank.kz,xn--hmbank-cpc0c.kz,homoglyph,,no
homebank.kz,xn--hmbank-cpc4879c.kz,homoglyph,,no
homebank.kz,xn--hmbank-cpc8679c.kz,homoglyph,,no
homebank.kz,xn--hmbank-cva02x.kz,homoglyph,,no
homebank.kz,xn--hmbank-cva0678c.kz,homoglyph,,no
homebank.kz,xn--hmbank-cva0g.kz,homoglyph,,no
homebank.kz,xn--hmbank-cva21f.kz,homoglyph,,no
homebank.kz,xn--hmbank-cva2f.kz,homoglyph,,no
homebank.kz,xn--hmbank-cva2j.kz,homoglyph,,no
homebank.kz,xn--hmbank-cva4432d.kz,homoglyph,,no
homebank.kz,xn--hmbank-cva44f.kz,homoglyph,,no
homebank.kz,xn--hmbank-cva48l.kz,homoglyph,,no
homebank.kz,xn--hmbank-cva4e.kz,homoglyph,,no
homebank.kz,xn--hmbank-cva6h.kz,homoglyph,,no
homebank.kz,xn--hmbank-cva8232d.kz,homoglyph,,no
homebank.kz,xn--hmbank-cva82f.kz,homoglyph,,no
homebank.kz,xn--hmbank-cva8g.kz,homoglyph,,no
homebank.kz,xn--hmbank-cvc0695c.kz,homoglyph,,no
homebank.kz,xn--hmbank-cvc4459c.kz,homoglyph,,no
homebank.kz,xn--hmbank-cvc8259c.kz,homoglyph,,no
homebank.kz,xn--hmbank-i15b72g.kz,homoglyph,,no
homebank.kz,xn--hmbank-i15bz5l.kz,homoglyph,,no
homebank.kz,xn--hmbank-iqc3659c.kz,homoglyph,,no
homebank.kz,xn--hmbank-iqc7q.kz,homoglyph,,no
homebank.kz,xn--hmbank-iqc9928c.kz,homoglyph,,no
homebank.kz,xn--hmbank-ixa11a.kz,homoglyph,,no
homebank.kz,xn--hmbank-ixa3802d.kz,homoglyph,,no
homebank.kz,xn--hmbank-ixa3w.kz,homoglyph,,no
homebank.kz,xn--hmbank-ixa5z.kz,homoglyph,,no
homebank.kz,xn--hmbank-ixa72a.kz,homoglyph,,no
homebank.kz,xn--hmbank-ixa72y.kz,homoglyph,,no
homebank.kz,xn--hmbank-ixa78v.kz,homoglyph,,no
homebank.kz,xn--hmbank-ixa9180d.kz,homoglyph,,no
homebank.kz,xn--hmbank-ixa9x.kz,homoglyph,,no
homebank.kz,xn--hmbank-j4a0691d.kz,homoglyph,,no
homebank.kz,xn--hmbank-j4a06b.kz,homoglyph,,no
homebank.kz,xn--hmbank-j4a25t.kz,homoglyph,,no
homebank.kz,xn--hmbank-j4a2938c.kz,homoglyph,,no
homebank.kz,xn--hmbank-j4a44b.kz,homoglyph,,no
homebank.kz,xn--hmbank-j4a61i.kz,homoglyph,,no
homebank.kz,xn--hmbank-j4a6791d.kz,homoglyph,,no
homebank.kz,xn--hmbank-j4a67b.kz,homoglyph,,no
homebank.kz,xn--hmbank-jva0232d.kz,homoglyph,,no
homebank.kz,xn--hmbank-jva02f.kz,homoglyph,,no
homebank.kz,xn--hmbank-jva0g.kz,homoglyph,,no
homebank.kz,xn--hmbank-jva21x.kz,homoglyph,,no
homebank.kz,xn--hmbank-jva2578c.kz,homoglyph,,no
homebank.kz,xn--hmbank-jva2f.kz,homoglyph,,no
homebank.kz,xn--hmbank-jva40f.kz,homoglyph,,no
homebank.kz,xn--hmbank-jva4e.kz,homoglyph,,no
homebank.kz,xn--hmbank-jva4i.kz,homoglyph,,no
homebank.kz,xn--hmbank-jva6332d.kz,homoglyph,,no
homebank.kz,xn--hmbank-jva63f.kz,homoglyph,,no
homebank.kz,xn--hmbank-jva67l.kz,homoglyph,,no
homebank.kz,xn--hmbank-jva6d.kz,homoglyph,,no
homebank.kz,xn--hmbank-jva8g.kz,homoglyph,,no
homebank.kz,xn--hmbank-pgb1900d.kz,homoglyph,,no
homebank.kz,xn--hmbank-pgb5531d.kz,homoglyph,,no
homebank.kz,xn--hmbank-pgb95o.kz,homoglyph,,no
homebank.kz,xn--hmbank-pgb99q.kz,homoglyph,,no
homebank.kz,xn--hmbank-pxa1180d.kz,homoglyph,,no
homebank.kz,xn--hmbank-pxa1x.kz,homoglyph,,no
homebank.kz,xn--hmbank-pxa30a.kz,homoglyph,,no
homebank.kz,xn--hmbank-pxa5702d.kz,homoglyph,,no
homebank.kz,xn--hmbank-pxa5v.kz,homoglyph,,no
homebank.kz,xn--hmbank-pxa7y.kz,homoglyph,,no
homebank.kz,xn--hmbank-pxa91a.kz,homoglyph,,no
homebank.kz,xn--hmbank-pxa91y.kz,homoglyph,,no
homebank.kz,xn--hmbank-pxa97v.kz,homoglyph,,no
homebank.kz,xn--hmbank-q3a2991d.kz,homoglyph,,no
homebank.kz,xn--hmbank-q3a29b.kz,homoglyph,,no
homebank.kz,xn--hmbank-q3a4248c.kz,homoglyph,,no
homebank.kz,xn--hmbank-q3a48t.kz,homoglyph,,no
homebank.kz,xn--hmbank-q3a67b.kz,homoglyph,,no
homebank.kz,xn--hmbank-q3a8002d.kz,homoglyph,,no
homebank.kz,xn--hmbank-q3a80c.kz,homoglyph,,no
homebank.kz,xn--hmbank-q3a84i.kz,homoglyph,,no
homebank.kz,xn--hmbank-qh8b7f.kz,homoglyph,,no
homebank.kz,xn--hmbank-qh8byg.kz,homoglyph,,no
homebank.kz,xn--hmbank-qva0g.kz,homoglyph,,no
homebank.kz,xn--hmbank-qva2132d.kz,homoglyph,,no
homebank.kz,xn--hmbank-qva21f.kz,homoglyph,,no
homebank.kz,xn--hmbank-qva2f.kz,homoglyph,,no
homebank.kz,xn--hmbank-qva40x.kz,homoglyph,,no
homebank.kz,xn--hmbank-qva4478c.kz,homoglyph,,no
homebank.kz,xn--hmbank-qva4e.kz,homoglyph,,no
homebank.kz,xn--hmbank-qva69e.kz,homoglyph,,no
homebank.kz,xn--hmbank-qva6d.kz,homoglyph,,no
homebank.kz,xn--hmbank-qva6h.kz,homoglyph,,no
homebank.kz,xn--hmbank-qva8232d.kz,homoglyph,,no
homebank.kz,xn--hmbank-qva82f.kz,homoglyph,,no
homebank.kz,xn--hmbank-qva86l.kz,homoglyph,,no
homebank.kz,xn--hmbank-qva8c.kz,homoglyph,,no
homebank.kz,xn--hmbank-wxa11a.kz,homoglyph,,no
homebank.kz,xn--hmbank-wxa11y.kz,homoglyph,,no
homebank.kz,xn--hmbank-wxa17v.kz,homoglyph,,no
homebank.kz,xn--hmbank-wxa3080d.kz,homoglyph,,no
homebank.kz,xn--hmbank-wxa3w.kz,homoglyph,,no
homebank.kz,xn--hmbank-wxa5z.kz,homoglyph,,no
homebank.kz,xn--hmbank-wxa7602d.kz,homoglyph,,no
homebank.kz,xn--hmbank-wxa7u.kz,homoglyph,,no
homebank.kz,xn--hmbank-wxa9x.kz,homoglyph,,no
homebank.kz,xn--hmbank-x4a00i.kz,homoglyph,,no
homebank.kz,xn--hmbank-x4a0691d.kz,homoglyph,,no
homebank.kz,xn--hmbank-x4a06b.kz,homoglyph,,no
homebank.kz,xn--hmbank-x4a4491d.kz,homoglyph,,no
homebank.kz,xn--hmbank-x4a44b.kz,homoglyph,,no
homebank.kz,xn--hmbank-x4a63t.kz,homoglyph,,no
homebank.kz,xn--hmbank-x4a6738c.kz,homoglyph,,no
homebank.kz,xn--hmbank-x4a82b.kz,homoglyph,,no
homebank.kz,xn--hmcbank-10a.kz,homoglyph,,no
homebank.kz,xn--hmcbank-2mb.kz,homoglyph,,no
homebank.kz,xn--hmcbank-5lb.kz,homoglyph,,no
homebank.kz,xn--hmcbank-90a.kz,homoglyph,,no
homebank.kz,xn--hmcbank-cx4c.kz,homoglyph,,no
homebank.kz,xn--hmcbank-d0a.kz,homoglyph,,no
homebank.kz,xn--hmcbank-d5b.kz,homoglyph,,no
homebank.kz,xn--hmcbank-e01c.kz,homoglyph,,no
homebank.kz,xn--hmcbank-l0a.kz,homoglyph,,no
homebank.kz,xn--hmcbank-mmb.kz,homoglyph,,no
homebank.kz,xn--hmcbank-q1a.kz,homoglyph,,no
homebank.kz,xn--hmcbank-sx4c.kz,homoglyph,,no
homebank.kz,xn--hmcbank-t0a.kz,homoglyph,,no
homebank.kz,xn--hmcbank-t2c.kz,homoglyph,,no
homebank.kz,xn--hmeank-3gb0099c.kz,homoglyph,,no
homebank.kz,xn--hmeank-3gb04x.kz,homoglyph,,no
homebank.kz,xn--hmeank-3gb08r.kz,homoglyph,,no
homebank.kz,xn--hmeank-3gb23b.kz,homoglyph,,no
homebank.kz,xn--hmeank-3gb4889c.kz,homoglyph,,no
homebank.kz,xn--hmeank-3gb6199c.kz,homoglyph,,no
homebank.kz,xn--hmeank-3wa005a.kz,homoglyph,,no
homebank.kz,xn--hmeank-3wa04z.kz,homoglyph,,no
homebank.kz,xn--hmeank-3wa0660d.kz,homoglyph,,no
homebank.kz,xn--hmeank-3wa29i.kz,homoglyph,,no
homebank.kz,xn--hmeank-3wa4460d.kz,homoglyph,,no
homebank.kz,xn--hmeank-3wa6760d.kz,homoglyph,,no
homebank.kz,xn--hmeank-3wb00r.kz,homoglyph,,no
homebank.kz,xn--hmeank-3wb04l.kz,homoglyph,,no
homebank.kz,xn--hmeank-3wb0629c.kz,homoglyph,,no
homebank.kz,xn--hmeank-3wb4429c.kz,homoglyph,,no
homebank.kz,xn--hmeank-3wb6729c.kz,homoglyph,,no
homebank.kz,xn--hmeank-5g7bn0e.kz,homoglyph,,no
homebank.kz,xn--hmeank-5g7bv9d.kz,homoglyph,,no
homebank.kz,xn--hmeank-bgb21s.kz,homoglyph,,no
homebank.kz,xn--hmeank-bgb2399c.kz,homoglyph,,no
homebank.kz,xn--hmeank-bgb27x.kz,homoglyph,,no
homebank.kz,xn--hmeank-bgb46b.kz,homoglyph,,no
homebank.kz,xn--hmeank-bgb6199c.kz,homoglyph,,no
homebank.kz,xn--hmeank-bgb8499c.kz,homoglyph,,no
homebank.kz,xn--hmeank-bxa23z.kz,homoglyph,,no
homebank.kz,xn--hmeank-bxa2560d.kz,homoglyph,,no
homebank.kz,xn--hmeank-bxa294a.kz,homoglyph,,no
homebank.kz,xn--hmeank-bxa48i.kz,homoglyph,,no
homebank.kz,xn--hmeank-bxa6360d.kz,homoglyph,,no
homebank.kz,xn--hmeank-bxa8660d.kz,homoglyph,,no
homebank.kz,xn--hmeank-bya2160d.kz,homoglyph,,no
homebank.kz,xn--hmeank-bya254a.kz,homoglyph,,no
homebank.kz,xn--hmeank-bya29y.kz,homoglyph,,no
homebank.kz,xn--hmeank-bya44i.kz,homoglyph,,no
homebank.kz,xn--hmeank-bya6950d.kz,homoglyph,,no
homebank.kz,xn--hmeank-bya8260d.kz,homoglyph,,no
homebank.kz,xn--hmeank-dg7b30e.kz,homoglyph,,no
homebank.kz,xn--hmeank-dg7bv1e.kz,homoglyph,,no
homebank.kz,xn--hmeank-i15b05f.kz,homoglyph,,no
homebank.kz,xn--hmeank-i15b84f.kz,homoglyph,,no
homebank.kz,xn--hmeank-i15bs6f.kz,homoglyph,,no
homebank.kz,xn--hmeank-iqc0418c.kz,homoglyph,,no
homebank.kz,xn--hmeank-iqc40a.kz,homoglyph,,no
homebank.kz,xn--hmeank-iqc4218c.kz,homoglyph,,no
homebank.kz,xn--hmeank-iqc46f.kz,homoglyph,,no
homebank.kz,xn--hmeank-iqc8018c.kz,homoglyph,,no
homebank.kz,xn--hmeank-ixa0660d.kz,homoglyph,,no
homebank.kz,xn--hmeank-ixa42z.kz,homoglyph,,no
homebank.kz,xn--hmeank-ixa4460d.kz,homoglyph,,no
homebank.kz,xn--hmeank-ixa484a.kz,homoglyph,,no
homebank.kz,xn--hmeank-ixa67i.kz,homoglyph,,no
homebank.kz,xn--hmeank-ixa8260d.kz,homoglyph,,no
homebank.kz,xn--hmeank-krb1157c.kz,homoglyph,,no
homebank.kz,xn--hmeank-krb17k.kz,homoglyph,,no
homebank.kz,xn--hmeank-krb5901d.kz,homoglyph,,no
homebank.kz,xn--hmeank-krb5t.kz,homoglyph,,no
homebank.kz,xn--hmeank-krb9701d.kz,homoglyph,,no
homebank.kz,xn--hmeank-pgb0099c.kz,homoglyph,,no
homebank.kz,xn--hmeank-pgb2399c.kz,homoglyph,,no
homebank.kz,xn--hmeank-pgb6199c.kz,homoglyph,,no
homebank.kz,xn--hmeank-pgb65x.kz,homoglyph,,no
homebank.kz,xn--hmeank-pgb69r.kz,homoglyph,,no
homebank.kz,xn--hmeank-pgb84b.kz,homoglyph,,no
homebank.kz,xn--hmeank-pxa0260d.kz,homoglyph,,no
homebank.kz,xn--hmeank-pxa2560d.kz,homoglyph,,no
homebank.kz,xn--hmeank-pxa61z.kz,homoglyph,,no
homebank.kz,xn--hmeank-pxa6360d.kz,homoglyph,,no
homebank.kz,xn--hmeank-pxa674a.kz,homoglyph,,no
homebank.kz,xn--hmeank-pxa86i.kz,homoglyph,,no
homebank.kz,xn--hmeank-rcd1788c.kz,homoglyph,,no
homebank.kz,xn--hmeank-rcd3035c.kz,homoglyph,,no
homebank.kz,xn--hmeank-rcd7888c.kz,homoglyph,,no
homebank.kz,xn--hmeank-rg7b30e.kz,homoglyph,,no
homebank.kz,xn--hmeank-rg7bn0e.kz,homoglyph,,no
homebank.kz,xn--hmeank-rxc1349c.kz,homoglyph,,no
homebank.kz,xn--hmeank-rxc3685c.kz,homoglyph,,no
homebank.kz,xn--hmeank-rxc7449c.kz,homoglyph,,no
homebank.kz,xn--hmeank-wxa06i.kz,homoglyph,,no
homebank.kz,xn--hmeank-wxa2160d.kz,homoglyph,,no
homebank.kz,xn--hmeank-wxa4460d.kz,homoglyph,,no
homebank.kz,xn--hmeank-wxa80z.kz,homoglyph,,no
homebank.kz,xn--hmeank-wxa8260d.kz,homoglyph,,no
homebank.kz,xn--hmeank-wxa864a.kz,homoglyph,,no
homebank.kz,xn--hmebak-0eb1851d.kz,homoglyph,,no
homebank.kz,xn--hmebak-0eb1e.kz,homoglyph,,no
homebank.kz,xn--hmebak-0eb3108c.kz,homoglyph,,no
homebank.kz,xn--hmebak-0eb37p.kz,homoglyph,,no
homebank.kz,xn--hmebak-0eb5c.kz,homoglyph,,no
homebank.kz,xn--hmebak-0eb73e.kz,homoglyph,,no
homebank.kz,xn--hmebak-0eb7951d.kz,homoglyph,,no
homebank.kz,xn--hmebak-0eb7f.kz,homoglyph,,no
homebank.kz,xn--hmebak-0fb1451d.kz,homoglyph,,no
homebank.kz,xn--hmebak-0fb1a.kz,homoglyph,,no
homebank.kz,xn--hmebak-0fb33p.kz,homoglyph,,no
homebank.kz,xn--hmebak-0fb3797c.kz,homoglyph,,no
homebank.kz,xn--hmebak-0fb7551d.kz,homoglyph,,no
homebank.kz,xn--hmebak-0fb79d.kz,homoglyph,,no
homebank.kz,xn--hmebak-0fb7b.kz,homoglyph,,no
homebank.kz,xn--hmebak-0fbl.kz,homoglyph,,no
homebank.kz,xn--hmebak-0t7b18b.kz,homoglyph,,no
homebank.kz,xn--hmebak-0t7b97b.kz,homoglyph,,no
homebank.kz,xn--hmebak-0wa1622d.kz,homoglyph,,no
homebank.kz,xn--hmebak-0wa16e.kz,homoglyph,,no
homebank.kz,xn--hmebak-0wa1a.kz,homoglyph,,no
homebank.kz,xn--hmebak-0wa35w.kz,homoglyph,,no
homebank.kz,xn--hmebak-0wa3968c.kz,homoglyph,,no
homebank.kz,xn--hmebak-0wa54e.kz,homoglyph,,no
homebank.kz,xn--hmebak-0wa5c.kz,homoglyph,,no
homebank.kz,xn--hmebak-0wa71l.kz,homoglyph,,no
homebank.kz,xn--hmebak-0wa7722d.kz,homoglyph,,no
homebank.kz,xn--hmebak-0wa77e.kz,homoglyph,,no
homebank.kz,xn--hmebak-0wa9a.kz,homoglyph,,no
homebank.kz,xn--hmebak-0wad.kz,homoglyph,,no
homebank.kz,xn--hmebak-0wal.kz,homoglyph,,no
homebank.kz,xn--hmebak-0wat.kz,homoglyph,,no
homebank.kz,xn--hmebak-3gb0340d.kz,homoglyph,,no
homebank.kz,xn--hmebak-3gb26k.kz,homoglyph,,no
homebank.kz,xn--hmebak-3gb4140d.kz,homoglyph,,no
homebank.kz,xn--hmebak-3gb6440d.kz,homoglyph,,no
homebank.kz,xn--hmebak-3gb89515a.kz,homoglyph,,no
homebank.kz,xn--hmebak-3l8b8613i.kz,homoglyph,,no
homebank.kz,xn--hmebak-3wa03e.kz,homoglyph,,no
homebank.kz,xn--hmebak-3wa0911d.kz,homoglyph,,no
homebank.kz,xn--hmebak-3wa09d.kz,homoglyph,,no
homebank.kz,xn--hmebak-3wa22s.kz,homoglyph,,no
homebank.kz,xn--hmebak-3wa4711d.kz,homoglyph,,no
homebank.kz,xn--hmebak-3wa47d.kz,homoglyph,,no
homebank.kz,xn--hmebak-3wa6021d.kz,homoglyph,,no
homebank.kz,xn--hmebak-3wa60e.kz,homoglyph,,no
homebank.kz,xn--hmebak-3wa85325a.kz,homoglyph,,no
homebank.kz,xn--hmebak-3wb0979c.kz,homoglyph,,no
homebank.kz,xn--hmebak-3wb22e.kz,homoglyph,,no
homebank.kz,xn--hmebak-3wb4779c.kz,homoglyph,,no
homebank.kz,xn--hmebak-3wb6089c.kz,homoglyph,,no
homebank.kz,xn--hmebak-3wb85905a.kz,homoglyph,,no
homebank.kz,xn--hmebak-bgb03615a.kz,homoglyph,,no
homebank.kz,xn--hmebak-bgb2640d.kz,homoglyph,,no
homebank.kz,xn--hmebak-bgb49k.kz,homoglyph,,no
homebank.kz,xn--hmebak-bgb6440d.kz,homoglyph,,no
homebank.kz,xn--hmebak-bgb8740d.kz,homoglyph,,no
homebank.kz,xn--hmebak-bxa05325a.kz,homoglyph,,no
homebank.kz,xn--hmebak-bxa22e.kz,homoglyph,,no
homebank.kz,xn--hmebak-bxa2811d.kz,homoglyph,,no
homebank.kz,xn--hmebak-bxa28d.kz,homoglyph,,no
homebank.kz,xn--hmebak-bxa41s.kz,homoglyph,,no
homebank.kz,xn--hmebak-bxa6611d.kz,homoglyph,,no
homebank.kz,xn--hmebak-bxa66d.kz,homoglyph,,no
homebank.kz,xn--hmebak-bxa8911d.kz,homoglyph,,no
homebank.kz,xn--hmebak-bxa89d.kz,homoglyph,,no
homebank.kz,xn--hmebak-bya01325a.kz,homoglyph,,no
homebank.kz,xn--hmebak-bya2411d.kz,homoglyph,,no
homebank.kz,xn--hmebak-bya24d.kz,homoglyph,,no
homebank.kz,xn--hmebak-bya28d.kz,homoglyph,,no
homebank.kz,xn--hmebak-bya47r.kz,homoglyph,,no
homebank.kz,xn--hmebak-bya6211d.kz,homoglyph,,no
homebank.kz,xn--hmebak-bya62d.kz,homoglyph,,no
homebank.kz,xn--hmebak-bya8511d.kz,homoglyph,,no
homebank.kz,xn--hmebak-bya85d.kz,homoglyph,,no
homebank.kz,xn--hmebak-ffb12e.kz,homoglyph,,no
homebank.kz,xn--hmebak-ffb1851d.kz,homoglyph,,no
homebank.kz,xn--hmebak-ffb1e.kz,homoglyph,,no
homebank.kz,xn--hmebak-ffb5651d.kz,homoglyph,,no
homebank.kz,xn--hmebak-ffb5c.kz,homoglyph,,no
homebank.kz,xn--hmebak-ffb75p.kz,homoglyph,,no
homebank.kz,xn--hmebak-ffb7997c.kz,homoglyph,,no
homebank.kz,xn--hmebak-ffb9a.kz,homoglyph,,no
homebank.kz,xn--hmebak-fu7b97b.kz,homoglyph,,no
homebank.kz,xn--hmebak-fu7bt7b.kz,homoglyph,,no
homebank.kz,xn--hmebak-i15b27h.kz,homoglyph,,no
homebank.kz,xn--hmebak-i15bm339i.kz,homoglyph,,no
homebank.kz,xn--hmebak-i15bm7h.kz,homoglyph,,no
homebank.kz,xn--hmebak-i15bu8h.kz,homoglyph,,no
homebank.kz,xn--hmebak-iqc0768c.kz,homoglyph,,no
homebank.kz,xn--hmebak-iqc22894a.kz,homoglyph,,no
homebank.kz,xn--hmebak-iqc4568c.kz,homoglyph,,no
homebank.kz,xn--hmebak-iqc8368c.kz,homoglyph,,no
homebank.kz,xn--hmebak-ixa0911d.kz,homoglyph,,no
homebank.kz,xn--hmebak-ixa09d.kz,homoglyph,,no
homebank.kz,xn--hmebak-ixa24325a.kz,homoglyph,,no
homebank.kz,xn--hmebak-ixa41e.kz,homoglyph,,no
homebank.kz,xn--hmebak-ixa4711d.kz,homoglyph,,no
homebank.kz,xn--hmebak-ixa47d.kz,homoglyph,,no
homebank.kz,xn--hmebak-ixa60s.kz,homoglyph,,no
homebank.kz,xn--hmebak-ixa8511d.kz,homoglyph,,no
homebank.kz,xn--hmebak-ixa85d.kz,homoglyph,,no
homebank.kz,xn--hmebak-meb1e.kz,homoglyph,,no
homebank.kz,xn--hmebak-meb3161d.kz,homoglyph,,no
homebank.kz,xn--hmebak-meb35e.kz,homoglyph,,no
homebank.kz,xn--hmebak-meb3h.kz,homoglyph,,no
homebank.kz,xn--hmebak-meb7951d.kz,homoglyph,,no
homebank.kz,xn--hmebak-meb7f.kz,homoglyph,,no
homebank.kz,xn--hmebak-meb9208c.kz,homoglyph,,no
homebank.kz,xn--hmebak-meb98p.kz,homoglyph,,no
homebank.kz,xn--hmebak-mt7b18b.kz,homoglyph,,no
homebank.kz,xn--hmebak-mt7bt9b.kz,homoglyph,,no
homebank.kz,xn--hmebak-pgb0340d.kz,homoglyph,,no
homebank.kz,xn--hmebak-pgb2640d.kz,homoglyph,,no
homebank.kz,xn--hmebak-pgb41615a.kz,homoglyph,,no
homebank.kz,xn--hmebak-pgb6440d.kz,homoglyph,,no
homebank.kz,xn--hmebak-pgb87k.kz,homoglyph,,no
homebank.kz,xn--hmebak-pl8bz713i.kz,homoglyph,,no
homebank.kz,xn--hmebak-pxa0511d.kz,homoglyph,,no
homebank.kz,xn--hmebak-pxa05d.kz,homoglyph,,no
homebank.kz,xn--hmebak-pxa2811d.kz,homoglyph,,no
homebank.kz,xn--hmebak-pxa28d.kz,homoglyph,,no
homebank.kz,xn--hmebak-pxa43325a.kz,homoglyph,,no
homebank.kz,xn--hmebak-pxa60e.kz,homoglyph,,no
homebank.kz,xn--hmebak-pxa6611d.kz,homoglyph,,no
homebank.kz,xn--hmebak-pxa66d.kz,homoglyph,,no
homebank.kz,xn--hmebak-pxa89r.kz,homoglyph,,no
homebank.kz,xn--hmebak-tfc14b.kz,homoglyph,,no
homebank.kz,xn--hmebak-tfc1856c.kz,homoglyph,,no
homebank.kz,xn--hmebak-tfc5610d.kz,homoglyph,,no
homebank.kz,xn--hmebak-tfc9410d.kz,homoglyph,,no
homebank.kz,xn--hmebak-wxa09r.kz,homoglyph,,no
homebank.kz,xn--hmebak-wxa2411d.kz,homoglyph,,no
homebank.kz,xn--hmebak-wxa24d.kz,homoglyph,,no
homebank.kz,xn--hmebak-wxa4711d.kz,homoglyph,,no
homebank.kz,xn--hmebak-wxa47d.kz,homoglyph,,no
homebank.kz,xn--hmebak-wxa62325a.kz,homoglyph,,no
homebank.kz,xn--hmebak-wxa8511d.kz,homoglyph,,no
homebank.kz,xn--hmebak-wxa85d.kz,homoglyph,,no
homebank.kz,xn--hmebak-wxa89d.kz,homoglyph,,no
homebank.kz,xn--hmebamk-10a.kz,homoglyph,,no
homebank.kz,xn--hmebamk-2mb.kz,homoglyph,,no
homebank.kz,xn--hmebamk-5lb.kz,homoglyph,,no
homebank.kz,xn--hmebamk-90a.kz,homoglyph,,no
homebank.kz,xn--hmebamk-cx4c.kz,homoglyph,,no
homebank.kz,xn--hmebamk-d0a.kz,homoglyph,,no
homebank.kz,xn--hmebamk-d5b.kz,homoglyph,,no
homebank.kz,xn--hmebamk-e01c.kz,homoglyph,,no
homebank.kz,xn--hmebamk-l0a.kz,homoglyph,,no
homebank.kz,xn--hmebamk-mmb.kz,homoglyph,,no
homebank.kz,xn--hmebamk-q1a.kz,homoglyph,,no
homebank.kz,xn--hmebamk-sx4c.kz,homoglyph,,no
homebank.kz,xn--hmebamk-t0a.kz,homoglyph,,no
homebank.kz,xn--hmebamk-t2c.kz,homoglyph,,no
homebank.kz,xn--hmeban-1bb0071d.kz,homoglyph,,no
homebank.kz,xn--hmeban-1bb0q.kz,homoglyph,,no
homebank.kz,xn--hmeban-1bb2318c.kz,homoglyph,,no
homebank.kz,xn--hmeban-1bb29q.kz,homoglyph,,no
homebank.kz,xn--hmeban-1bb4o.kz,homoglyph,,no
homebank.kz,xn--hmeban-1bb6171d.kz,homoglyph,,no
homebank.kz,xn--hmeban-1bb65f.kz,homoglyph,,no
homebank.kz,xn--hmeban-1bb6r.kz,homoglyph,,no
homebank.kz,xn--hmeban-1p7b04c.kz,homoglyph,,no
homebank.kz,xn--hmeban-1p7bs5c.kz,homoglyph,,no
homebank.kz,xn--hmeban-3gb1720d.kz,homoglyph,,no
homebank.kz,xn--hmeban-3gb3097c.kz,homoglyph,,no
homebank.kz,xn--hmeban-3gb3839f.kz,homoglyph,,no
homebank.kz,xn--hmeban-3gb53j.kz,homoglyph,,no
homebank.kz,xn--hmeban-3gb7820d.kz,homoglyph,,no
homebank.kz,xn--hmeban-3l8bt82i.kz,homoglyph,,no
homebank.kz,xn--hmeban-3wa1301d.kz,homoglyph,,no
homebank.kz,xn--hmeban-3wa17c.kz,homoglyph,,no
homebank.kz,xn--hmeban-3wa3410g.kz,homoglyph,,no
homebank.kz,xn--hmeban-3wa3668c.kz,homoglyph,,no
homebank.kz,xn--hmeban-3wa59q.kz,homoglyph,,no
homebank.kz,xn--hmeban-3wa7401d.kz,homoglyph,,no
homebank.kz,xn--hmeban-3wa97c.kz,homoglyph,,no
homebank.kz,xn--hmeban-3wb1369c.kz,homoglyph,,no
homebank.kz,xn--hmeban-3wb3478f.kz,homoglyph,,no
homebank.kz,xn--hmeban-3wb3627c.kz,homoglyph,,no
homebank.kz,xn--hmeban-3wb59c.kz,homoglyph,,no
homebank.kz,xn--hmeban-3wb7469c.kz,homoglyph,,no
homebank.kz,xn--hmeban-8bb2961d.kz,homoglyph,,no
homebank.kz,xn--hmeban-8bb2p.kz,homoglyph,,no
homebank.kz,xn--hmeban-8bb4218c.kz,homoglyph,,no
homebank.kz,xn--hmeban-8bb48q.kz,homoglyph,,no
homebank.kz,xn--hmeban-8bb6n.kz,homoglyph,,no
homebank.kz,xn--hmeban-8bb8071d.kz,homoglyph,,no
homebank.kz,xn--hmeban-8bb84f.kz,homoglyph,,no
homebank.kz,xn--hmeban-8bb8q.kz,homoglyph,,no
homebank.kz,xn--hmeban-bgb3030d.kz,homoglyph,,no
homebank.kz,xn--hmeban-bgb5149f.kz,homoglyph,,no
homebank.kz,xn--hmeban-bgb5397c.kz,homoglyph,,no
homebank.kz,xn--hmeban-bgb76j.kz,homoglyph,,no
homebank.kz,xn--hmeban-bgb9130d.kz,homoglyph,,no
homebank.kz,xn--hmeban-bxa17c.kz,homoglyph,,no
homebank.kz,xn--hmeban-bxa3201d.kz,homoglyph,,no
homebank.kz,xn--hmeban-bxa36c.kz,homoglyph,,no
homebank.kz,xn--hmeban-bxa5310g.kz,homoglyph,,no
homebank.kz,xn--hmeban-bxa5568c.kz,homoglyph,,no
homebank.kz,xn--hmeban-bxa78q.kz,homoglyph,,no
homebank.kz,xn--hmeban-bxa9301d.kz,homoglyph,,no
homebank.kz,xn--hmeban-bya13c.kz,homoglyph,,no
homebank.kz,xn--hmeban-bya32c.kz,homoglyph,,no
homebank.kz,xn--hmeban-bya3890d.kz,homoglyph,,no
homebank.kz,xn--hmeban-bya5168c.kz,homoglyph,,no
homebank.kz,xn--hmeban-bya5900g.kz,homoglyph,,no
homebank.kz,xn--hmeban-bya74q.kz,homoglyph,,no
homebank.kz,xn--hmeban-bya9990d.kz,homoglyph,,no
homebank.kz,xn--hmeban-gq7b04c.kz,homoglyph,,no
homebank.kz,xn--hmeban-gq7b83c.kz,homoglyph,,no
homebank.kz,xn--hmeban-i15b31h.kz,homoglyph,,no
homebank.kz,xn--hmeban-i15bn1h.kz,homoglyph,,no
homebank.kz,xn--hmeban-i15bn42k.kz,homoglyph,,no
homebank.kz,xn--hmeban-iqc1158c.kz,homoglyph,,no
homebank.kz,xn--hmeban-iqc5948c.kz,homoglyph,,no
homebank.kz,xn--hmeban-iqc7067f.kz,homoglyph,,no
homebank.kz,xn--hmeban-iqc7216c.kz,homoglyph,,no
homebank.kz,xn--hmeban-ixa1301d.kz,homoglyph,,no
homebank.kz,xn--hmeban-ixa36c.kz,homoglyph,,no
homebank.kz,xn--hmeban-ixa5101d.kz,homoglyph,,no
homebank.kz,xn--hmeban-ixa55c.kz,homoglyph,,no
homebank.kz,xn--hmeban-ixa7210g.kz,homoglyph,,no
homebank.kz,xn--hmeban-ixa7468c.kz,homoglyph,,no
homebank.kz,xn--hmeban-ixa97q.kz,homoglyph,,no
homebank.kz,xn--hmeban-ncc2920d.kz,homoglyph,,no
homebank.kz,xn--hmeban-ncc6720d.kz,homoglyph,,no
homebank.kz,xn--hmeban-ncc8076c.kz,homoglyph,,no
homebank.kz,xn--hmeban-ncc86c.kz,homoglyph,,no
homebank.kz,xn--hmeban-pgb15j.kz,homoglyph,,no
homebank.kz,xn--hmeban-pgb3030d.kz,homoglyph,,no
homebank.kz,xn--hmeban-pgb7820d.kz,homoglyph,,no
homebank.kz,xn--hmeban-pgb9197c.kz,homoglyph,,no
homebank.kz,xn--hmeban-pgb9939f.kz,homoglyph,,no
homebank.kz,xn--hmeban-pl8b982i.kz,homoglyph,,no
homebank.kz,xn--hmeban-pxa17q.kz,homoglyph,,no
homebank.kz,xn--hmeban-pxa3201d.kz,homoglyph,,no
homebank.kz,xn--hmeban-pxa55c.kz,homoglyph,,no
homebank.kz,xn--hmeban-pxa7001d.kz,homoglyph,,no
homebank.kz,xn--hmeban-pxa74c.kz,homoglyph,,no
homebank.kz,xn--hmeban-pxa9110g.kz,homoglyph,,no
homebank.kz,xn--hmeban-pxa9368c.kz,homoglyph,,no
homebank.kz,xn--hmeban-u05b0a.kz,homoglyph,,no
homebank.kz,xn--hmeban-u05b83m.kz,homoglyph,,no
homebank.kz,xn--hmeban-u05bs3m.kz,homoglyph,,no
homebank.kz,xn--hmeban-wxa1110g.kz,homoglyph,,no
homebank.kz,xn--hmeban-wxa1368c.kz,homoglyph,,no
homebank.kz,xn--hmeban-wxa36q.kz,homoglyph,,no
homebank.kz,xn--hmeban-wxa5101d.kz,homoglyph,,no
homebank.kz,xn--hmeban-wxa74c.kz,homoglyph,,no
homebank.kz,xn--hmeban-wxa93c.kz,homoglyph,,no
homebank.kz,xn--hmeban-wxa9990d.kz,homoglyph,,no
homebank.kz,xn--hmebank-10a.kz,homoglyph,,no
homebank.kz,xn--hmebank-2mb.kz,homoglyph,,no
homebank.kz,xn--hmebank-5lb.kz,homoglyph,,no
homebank.kz,xn--hmebank-90a.kz,homoglyph,,no
homebank.kz,xn--hmebank-cx4c.kz,homoglyph,,no
homebank.kz,xn--hmebank-d0a.kz,homoglyph,,no
homebank.kz,xn--hmebank-d5b.kz,homoglyph,,no
homebank.kz,xn--hmebank-e01c.kz,homoglyph,,no
homebank.kz,xn--hmebank-l0a.kz,homoglyph,,no
homebank.kz,xn--hmebank-mmb.kz,homoglyph,,no
homebank.kz,xn--hmebank-q1a.kz,homoglyph,,no
homebank.kz,xn--hmebank-sx4c.kz,homoglyph,,no
homebank.kz,xn--hmebank-t0a.kz,homoglyph,,no
homebank.kz,xn--hmebank-t2c.kz,homoglyph,,no
homebank.kz,xn--hmebanlc-0rb.kz,homoglyph,,no
homebank.kz,xn--hmebanlc-1sb.kz,homoglyph,,no
homebank.kz,xn--hmebanlc-43a.kz,homoglyph,,no
homebank.kz,xn--hmebanlc-4fd.kz,homoglyph,,no
homebank.kz,xn--hmebanlc-54a.kz,homoglyph,,no
homebank.kz,xn--hmebanlc-9y7c.kz,homoglyph,,no
homebank.kz,xn--hmebanlc-e4a.kz,homoglyph,,no
homebank.kz,xn--hmebanlc-h90d.kz,homoglyph,,no
homebank.kz,xn--hmebanlc-jsb.kz,homoglyph,,no
homebank.kz,xn--hmebanlc-m3a.kz,homoglyph,,no
homebank.kz,xn--hmebanlc-mec.kz,homoglyph,,no
homebank.kz,xn--hmebanlc-n4a.kz,homoglyph,,no
homebank.kz,xn--hmebanlc-v3a.kz,homoglyph,,no
homebank.kz,xn--hmebanlc-y80d.kz,homoglyph,,no
homebank.kz,xn--hmebark-10a.kz,homoglyph,,no
homebank.kz,xn--hmebark-2mb.kz,homoglyph,,no
homebank.kz,xn--hmebark-5lb.kz,homoglyph,,no
homebank.kz,xn--hmebark-90a.kz,homoglyph,,no
homebank.kz,xn--hmebark-cx4c.kz,homoglyph,,no
homebank.kz,xn--hmebark-d0a.kz,homoglyph,,no
homebank.kz,xn--hmebark-d5b.kz,homoglyph,,no
homebank.kz,xn--hmebark-e01c.kz,homoglyph,,no
homebank.kz,xn--hmebark-l0a.kz,homoglyph,,no
homebank.kz,xn--hmebark-mmb.kz,homoglyph,,no
homebank.kz,xn--hmebark-q1a.kz,homoglyph,,no
homebank.kz,xn--hmebark-sx4c.kz,homoglyph,,no
homebank.kz,xn--hmebark-t0a.kz,homoglyph,,no
homebank.kz,xn--hmebark-t2c.kz,homoglyph,,no
homebank.kz,xn--hmebnk-3gb56r.kz,homoglyph,,no
homebank.kz,xn--hmebnk-3gb71h.kz,homoglyph,,no
homebank.kz,xn--hmebnk-3gb92o.kz,homoglyph,,no
homebank.kz,xn--hmebnk-3gb92s.kz,homoglyph,,no
homebank.kz,xn--hmebnk-3gb9411d.kz,homoglyph,,no
homebank.kz,xn--hmebnk-3wa3l.kz,homoglyph,,no
homebank.kz,xn--hmebnk-3wa52z.kz,homoglyph,,no
homebank.kz,xn--hmebnk-3wa77o.kz,homoglyph,,no
homebank.kz,xn--hmebnk-3wa7j.kz,homoglyph,,no
homebank.kz,xn--hmebnk-3wa9091d.kz,homoglyph,,no
homebank.kz,xn--hmebnk-3wa98v.kz,homoglyph,,no
homebank.kz,xn--hmebnk-3wa98z.kz,homoglyph,,no
homebank.kz,xn--hmebnk-3wa9m.kz,homoglyph,,no
homebank.kz,xn--hmebnk-3wb52l.kz,homoglyph,,no
homebank.kz,xn--hmebnk-3wb77a.kz,homoglyph,,no
homebank.kz,xn--hmebnk-3wb9050d.kz,homoglyph,,no
homebank.kz,xn--hmebnk-3wb98h.kz,homoglyph,,no
homebank.kz,xn--hmebnk-3wb98l.kz,homoglyph,,no
homebank.kz,xn--hmebnk-65b0150d.kz,homoglyph,,no
homebank.kz,xn--hmebnk-65b4940d.kz,homoglyph,,no
homebank.kz,xn--hmebnk-65b6296c.kz,homoglyph,,no
homebank.kz,xn--hmebnk-65b68e.kz,homoglyph,,no
homebank.kz,xn--hmebnk-6ta03m.kz,homoglyph,,no
homebank.kz,xn--hmebnk-6ta0932d.kz,homoglyph,,no
homebank.kz,xn--hmebnk-6ta09f.kz,homoglyph,,no
homebank.kz,xn--hmebnk-6ta0j.kz,homoglyph,,no
homebank.kz,xn--hmebnk-6ta2m.kz,homoglyph,,no
homebank.kz,xn--hmebnk-6ta4732d.kz,homoglyph,,no
homebank.kz,xn--hmebnk-6ta47f.kz,homoglyph,,no
homebank.kz,xn--hmebnk-6ta4l.kz,homoglyph,,no
homebank.kz,xn--hmebnk-6ta6088c.kz,homoglyph,,no
homebank.kz,xn--hmebnk-6ta66x.kz,homoglyph,,no
homebank.kz,xn--hmebnk-6ta6k.kz,homoglyph,,no
homebank.kz,xn--hmebnk-6ta85f.kz,homoglyph,,no
homebank.kz,xn--hmebnk-6ta8j.kz,homoglyph,,no
homebank.kz,xn--hmebnk-6ta8n.kz,homoglyph,,no
homebank.kz,xn--hmebnk-6za0512d.kz,homoglyph,,no
homebank.kz,xn--hmebnk-6za05d.kz,homoglyph,,no
homebank.kz,xn--hmebnk-6za09j.kz,homoglyph,,no
homebank.kz,xn--hmebnk-6za4312d.kz,homoglyph,,no
homebank.kz,xn--hmebnk-6za43d.kz,homoglyph,,no
homebank.kz,xn--hmebnk-6za62v.kz,homoglyph,,no
homebank.kz,xn--hmebnk-6za6658c.kz,homoglyph,,no
homebank.kz,xn--hmebnk-6za81d.kz,homoglyph,,no
homebank.kz,xn--hmebnk-bgb16o.kz,homoglyph,,no
homebank.kz,xn--hmebnk-bgb16s.kz,homoglyph,,no
homebank.kz,xn--hmebnk-bgb1811d.kz,homoglyph,,no
homebank.kz,xn--hmebnk-bgb79r.kz,homoglyph,,no
homebank.kz,xn--hmebnk-bgb94h.kz,homoglyph,,no
homebank.kz,xn--hmebnk-bxa1091d.kz,homoglyph,,no
homebank.kz,xn--hmebnk-bxa18v.kz,homoglyph,,no
homebank.kz,xn--hmebnk-bxa18z.kz,homoglyph,,no
homebank.kz,xn--hmebnk-bxa1m.kz,homoglyph,,no
homebank.kz,xn--hmebnk-bxa5k.kz,homoglyph,,no
homebank.kz,xn--hmebnk-bxa71z.kz,homoglyph,,no
homebank.kz,xn--hmebnk-bxa96o.kz,homoglyph,,no
homebank.kz,xn--hmebnk-bxa9i.kz,homoglyph,,no
homebank.kz,xn--hmebnk-bya14v.kz,homoglyph,,no
homebank.kz,xn--hmebnk-bya14z.kz,homoglyph,,no
homebank.kz,xn--hmebnk-bya1681d.kz,homoglyph,,no
homebank.kz,xn--hmebnk-bya1i.kz,homoglyph,,no
homebank.kz,xn--hmebnk-bya5g.kz,homoglyph,,no
homebank.kz,xn--hmebnk-bya77y.kz,homoglyph,,no
homebank.kz,xn--hmebnk-bya92o.kz,homoglyph,,no
homebank.kz,xn--hmebnk-bya9e.kz,homoglyph,,no
homebank.kz,xn--hmebnk-eua05f.kz,homoglyph,,no
homebank.kz,xn--hmebnk-eua0j.kz,homoglyph,,no
homebank.kz,xn--hmebnk-eua0n.kz,homoglyph,,no
homebank.kz,xn--hmebnk-eua22m.kz,homoglyph,,no
homebank.kz,xn--hmebnk-eua2832d.kz,homoglyph,,no
homebank.kz,xn--hmebnk-eua28f.kz,homoglyph,,no
homebank.kz,xn--hmebnk-eua2i.kz,homoglyph,,no
homebank.kz,xn--hmebnk-eua4l.kz,homoglyph,,no
homebank.kz,xn--hmebnk-eua6632d.kz,homoglyph,,no
homebank.kz,xn--hmebnk-eua66f.kz,homoglyph,,no
homebank.kz,xn--hmebnk-eua6k.kz,homoglyph,,no
homebank.kz,xn--hmebnk-eua85x.kz,homoglyph,,no
homebank.kz,xn--hmebnk-eua8978c.kz,homoglyph,,no
homebank.kz,xn--hmebnk-eua8j.kz,homoglyph,,no
homebank.kz,xn--hmebnk-exc2649c.kz,homoglyph,,no
homebank.kz,xn--hmebnk-exc6449c.kz,homoglyph,,no
homebank.kz,xn--hmebnk-exc8785c.kz,homoglyph,,no
homebank.kz,xn--hmebnk-i15b17k.kz,homoglyph,,no
homebank.kz,xn--hmebnk-iqc35a.kz,homoglyph,,no
homebank.kz,xn--hmebnk-iqc3739c.kz,homoglyph,,no
homebank.kz,xn--hmebnk-iqc9y.kz,homoglyph,,no
homebank.kz,xn--hmebnk-ixa16o.kz,homoglyph,,no
homebank.kz,xn--hmebnk-ixa1i.kz,homoglyph,,no
homebank.kz,xn--hmebnk-ixa37v.kz,homoglyph,,no
homebank.kz,xn--hmebnk-ixa37z.kz,homoglyph,,no
homebank.kz,xn--hmebnk-ixa3981d.kz,homoglyph,,no
homebank.kz,xn--hmebnk-ixa3l.kz,homoglyph,,no
homebank.kz,xn--hmebnk-ixa7j.kz,homoglyph,,no
homebank.kz,xn--hmebnk-ixa90z.kz,homoglyph,,no
homebank.kz,xn--hmebnk-l0a01v.kz,homoglyph,,no
homebank.kz,xn--hmebnk-l0a0558c.kz,homoglyph,,no
homebank.kz,xn--hmebnk-l0a20d.kz,homoglyph,,no
homebank.kz,xn--hmebnk-l0a4312d.kz,homoglyph,,no
homebank.kz,xn--hmebnk-l0a43d.kz,homoglyph,,no
homebank.kz,xn--hmebnk-l0a47j.kz,homoglyph,,no
homebank.kz,xn--hmebnk-l0a8112d.kz,homoglyph,,no
homebank.kz,xn--hmebnk-l0a81d.kz,homoglyph,,no
homebank.kz,xn--hmebnk-lta0388c.kz,homoglyph,,no
homebank.kz,xn--hmebnk-lta09x.kz,homoglyph,,no
homebank.kz,xn--hmebnk-lta0n.kz,homoglyph,,no
homebank.kz,xn--hmebnk-lta28f.kz,homoglyph,,no
homebank.kz,xn--hmebnk-lta2m.kz,homoglyph,,no
homebank.kz,xn--hmebnk-lta2q.kz,homoglyph,,no
homebank.kz,xn--hmebnk-lta4142d.kz,homoglyph,,no
homebank.kz,xn--hmebnk-lta41g.kz,homoglyph,,no
homebank.kz,xn--hmebnk-lta45m.kz,homoglyph,,no
homebank.kz,xn--hmebnk-lta4l.kz,homoglyph,,no
homebank.kz,xn--hmebnk-lta6o.kz,homoglyph,,no
homebank.kz,xn--hmebnk-lta8932d.kz,homoglyph,,no
homebank.kz,xn--hmebnk-lta89f.kz,homoglyph,,no
homebank.kz,xn--hmebnk-lta8n.kz,homoglyph,,no
homebank.kz,xn--hmebnk-lua05x.kz,homoglyph,,no
homebank.kz,xn--hmebnk-lua0978c.kz,homoglyph,,no
homebank.kz,xn--hmebnk-lua0j.kz,homoglyph,,no
homebank.kz,xn--hmebnk-lua24f.kz,homoglyph,,no
homebank.kz,xn--hmebnk-lua2i.kz,homoglyph,,no
homebank.kz,xn--hmebnk-lua2m.kz,homoglyph,,no
homebank.kz,xn--hmebnk-lua41m.kz,homoglyph,,no
homebank.kz,xn--hmebnk-lua4732d.kz,homoglyph,,no
homebank.kz,xn--hmebnk-lua47f.kz,homoglyph,,no
homebank.kz,xn--hmebnk-lua4h.kz,homoglyph,,no
homebank.kz,xn--hmebnk-lua6k.kz,homoglyph,,no
homebank.kz,xn--hmebnk-lua8532d.kz,homoglyph,,no
homebank.kz,xn--hmebnk-lua85f.kz,homoglyph,,no
homebank.kz,xn--hmebnk-lua8j.kz,homoglyph,,no
homebank.kz,xn--hmebnk-pgb18r.kz,homoglyph,,no
homebank.kz,xn--hmebnk-pgb33h.kz,homoglyph,,no
homebank.kz,xn--hmebnk-pgb54o.kz,homoglyph,,no
homebank.kz,xn--hmebnk-pgb54s.kz,homoglyph,,no
homebank.kz,xn--hmebnk-pgb5611d.kz,homoglyph,,no
homebank.kz,xn--hmebnk-pxa10z.kz,homoglyph,,no
homebank.kz,xn--hmebnk-pxa35o.kz,homoglyph,,no
homebank.kz,xn--hmebnk-pxa3h.kz,homoglyph,,no
homebank.kz,xn--hmebnk-pxa56v.kz,homoglyph,,no
homebank.kz,xn--hmebnk-pxa56z.kz,homoglyph,,no
homebank.kz,xn--hmebnk-pxa5881d.kz,homoglyph,,no
homebank.kz,xn--hmebnk-pxa5k.kz,homoglyph,,no
homebank.kz,xn--hmebnk-pxa9i.kz,homoglyph,,no
homebank.kz,xn--hmebnk-sta0932d.kz,homoglyph,,no
homebank.kz,xn--hmebnk-sta09f.kz,homoglyph,,no
homebank.kz,xn--hmebnk-sta0n.kz,homoglyph,,no
homebank.kz,xn--hmebnk-sta2288c.kz,homoglyph,,no
homebank.kz,xn--hmebnk-sta28x.kz,homoglyph,,no
homebank.kz,xn--hmebnk-sta2m.kz,homoglyph,,no
homebank.kz,xn--hmebnk-sta47f.kz,homoglyph,,no
homebank.kz,xn--hmebnk-sta4l.kz,homoglyph,,no
homebank.kz,xn--hmebnk-sta4p.kz,homoglyph,,no
homebank.kz,xn--hmebnk-sta6042d.kz,homoglyph,,no
homebank.kz,xn--hmebnk-sta60g.kz,homoglyph,,no
homebank.kz,xn--hmebnk-sta64m.kz,homoglyph,,no
homebank.kz,xn--hmebnk-sta6k.kz,homoglyph,,no
homebank.kz,xn--hmebnk-sta8n.kz,homoglyph,,no
homebank.kz,xn--hmebnk-wxa1i.kz,homoglyph,,no
homebank.kz,xn--hmebnk-wxa39y.kz,homoglyph,,no
homebank.kz,xn--hmebnk-wxa54o.kz,homoglyph,,no
homebank.kz,xn--hmebnk-wxa5g.kz,homoglyph,,no
homebank.kz,xn--hmebnk-wxa75v.kz,homoglyph,,no
homebank.kz,xn--hmebnk-wxa75z.kz,homoglyph,,no
homebank.kz,xn--hmebnk-wxa7781d.kz,homoglyph,,no
homebank.kz,xn--hmebnk-wxa7j.kz,homoglyph,,no
homebank.kz,xn--hmebnk-z0a2012d.kz,homoglyph,,no
homebank.kz,xn--hmebnk-z0a20d.kz,homoglyph,,no
homebank.kz,xn--hmebnk-z0a4358c.kz,homoglyph,,no
homebank.kz,xn--hmebnk-z0a49u.kz,homoglyph,,no
homebank.kz,xn--hmebnk-z0a68c.kz,homoglyph,,no
homebank.kz,xn--hmebnk-z0a8112d.kz,homoglyph,,no
homebank.kz,xn--hmebnk-z0a81d.kz,homoglyph,,no
homebank.kz,xn--hmebnk-z0a85j.kz,homoglyph,,no
homebank.kz,xn--hmebnk-zc8boo.kz,homoglyph,,no
homebank.kz,xn--hmebnk-zc8bxn.kz,homoglyph,,no
homebank.kz,xn--hmebnk-zoc2879c.kz,homoglyph,,no
homebank.kz,xn--hmebnk-zoc4126c.kz,homoglyph,,no
homebank.kz,xn--hmebnk-zoc4d.kz,homoglyph,,no
homebank.kz,xn--hmebnk-zoc8979c.kz,homoglyph,,no
homebank.kz,xn--hmebnk-zta0n.kz,homoglyph,,no
homebank.kz,xn--hmebnk-zta2832d.kz,homoglyph,,no
homebank.kz,xn--hmebnk-zta28f.kz,homoglyph,,no
homebank.kz,xn--hmebnk-zta2m.kz,homoglyph,,no
homebank.kz,xn--hmebnk-zta4188c.kz,homoglyph,,no
homebank.kz,xn--hmebnk-zta47x.kz,homoglyph,,no
homebank.kz,xn--hmebnk-zta4l.kz,homoglyph,,no
homebank.kz,xn--hmebnk-zta66f.kz,homoglyph,,no
homebank.kz,xn--hmebnk-zta6k.kz,homoglyph,,no
homebank.kz,xn--hmebnk-zta6o.kz,homoglyph,,no
homebank.kz,xn--hmebnk-zta83m.kz,homoglyph,,no
homebank.kz,xn--hmebnk-zta8932d.kz,homoglyph,,no
homebank.kz,xn--hmebnk-zta89f.kz,homoglyph,,no
homebank.kz,xn--hmebnk-zta8j.kz,homoglyph,,no
homebank.kz,xn--hmebnk-zyc2839c.kz,homoglyph,,no
homebank.kz,xn--hmebnk-zyc4185c.kz,homoglyph,,no
homebank.kz,xn--hmebnk-zyc8939c.kz,homoglyph,,no
homebank.kz,xn--hmedank-10a.kz,homoglyph,,no
homebank.kz,xn--hmedank-2mb.kz,homoglyph,,no
homebank.kz,xn--hmedank-5lb.kz,homoglyph,,no
homebank.kz,xn--hmedank-90a.kz,homoglyph,,no
homebank.kz,xn--hmedank-cx4c.kz,homoglyph,,no
homebank.kz,xn--hmedank-d0a.kz,homoglyph,,no
homebank.kz,xn--hmedank-d5b.kz,homoglyph,,no
homebank.kz,xn--hmedank-e01c.kz,homoglyph,,no
homebank.kz,xn--hmedank-l0a.kz,homoglyph,,no
homebank.kz,xn--hmedank-mmb.kz,homoglyph,,no
homebank.kz,xn--hmedank-q1a.kz,homoglyph,,no
homebank.kz,xn--hmedank-sx4c.kz,homoglyph,,no
homebank.kz,xn--hmedank-t0a.kz,homoglyph,,no
homebank.kz,xn--hmedank-t2c.kz,homoglyph,,no
homebank.kz,xn--hmelbank-0rb.kz,homoglyph,,no
homebank.kz,xn--hmelbank-1sb.kz,homoglyph,,no
homebank.kz,xn--hmelbank-43a.kz,homoglyph,,no
homebank.kz,xn--hmelbank-4fd.kz,homoglyph,,no
homebank.kz,xn--hmelbank-54a.kz,homoglyph,,no
homebank.kz,xn--hmelbank-9y7c.kz,homoglyph,,no
homebank.kz,xn--hmelbank-e4a.kz,homoglyph,,no
homebank.kz,xn--hmelbank-h90d.kz,homoglyph,,no
homebank.kz,xn--hmelbank-jsb.kz,homoglyph,,no
homebank.kz,xn--hmelbank-m3a.kz,homoglyph,,no
homebank.kz,xn--hmelbank-mec.kz,homoglyph,,no
homebank.kz,xn--hmelbank-n4a.kz,homoglyph,,no
homebank.kz,xn--hmelbank-v3a.kz,homoglyph,,no
homebank.kz,xn--hmelbank-y80d.kz,homoglyph,,no
homebank.kz,xn--hnebank-10a.kz,homoglyph,,no
homebank.kz,xn--hnebank-2mb.kz,homoglyph,,no
homebank.kz,xn--hnebank-5lb.kz,homoglyph,,no
homebank.kz,xn--hnebank-90a.kz,homoglyph,,no
homebank.kz,xn--hnebank-cx4c.kz,homoglyph,,no
homebank.kz,xn--hnebank-d0a.kz,homoglyph,,no
homebank.kz,xn--hnebank-d5b.kz,homoglyph,,no
homebank.kz,xn--hnebank-e01c.kz,homoglyph,,no
homebank.kz,xn--hnebank-l0a.kz,homoglyph,,no
homebank.kz,xn--hnebank-mmb.kz,homoglyph,,no
homebank.kz,xn--hnebank-q1a.kz,homoglyph,,no
homebank.kz,xn--hnebank-sx4c.kz,homoglyph,,no
homebank.kz,xn--hnebank-t0a.kz,homoglyph,,no
homebank.kz,xn--hnebank-t2c.kz,homoglyph,,no
homebank.kz,xn--hnnebank-0rb.kz,homoglyph,,no
homebank.kz,xn--hnnebank-1sb.kz,homoglyph,,no
homebank.kz,xn--hnnebank-43a.kz,homoglyph,,no
homebank.kz,xn--hnnebank-4fd.kz,homoglyph,,no
homebank.kz,xn--hnnebank-54a.kz,homoglyph,,no
homebank.kz,xn--hnnebank-9y7c.kz,homoglyph,,no
homebank.kz,xn--hnnebank-e4a.kz,homoglyph,,no
homebank.kz,xn--hnnebank-h90d.kz,homoglyph,,no
homebank.kz,xn--hnnebank-jsb.kz,homoglyph,,no
homebank.kz,xn--hnnebank-m3a.kz,homoglyph,,no
homebank.kz,xn--hnnebank-mec.kz,homoglyph,,no
homebank.kz,xn--hnnebank-n4a.kz,homoglyph,,no
homebank.kz,xn--hnnebank-v3a.kz,homoglyph,,no
homebank.kz,xn--hnnebank-y80d.kz,homoglyph,,no
homebank.kz,xn--hobank-405bq6l.kz,homoglyph,,no
homebank.kz,xn--hobank-405by3g.kz,homoglyph,,no
homebank.kz,xn--hobank-43a1480d.kz,homoglyph,,no
homebank.kz,xn--hobank-43a3780d.kz,homoglyph,,no
homebank.kz,xn--hobank-43a3938c.kz,homoglyph,,no
homebank.kz,xn--hobank-43a7580d.kz,homoglyph,,no
homebank.kz,xn--hobank-43a79y.kz,homoglyph,,no
homebank.kz,xn--hobank-4k7b5m.kz,homoglyph,,no
homebank.kz,xn--hobank-4k7bpm.kz,homoglyph,,no
homebank.kz,xn--hobank-4k7bxl.kz,homoglyph,,no
homebank.kz,xn--hobank-4s7b62b.kz,homoglyph,,no
homebank.kz,xn--hobank-4ua1021d.kz,homoglyph,,no
homebank.kz,xn--hobank-4ua3321d.kz,homoglyph,,no
homebank.kz,xn--hobank-4ua3578c.kz,homoglyph,,no
homebank.kz,xn--hobank-4ua7121d.kz,homoglyph,,no
homebank.kz,xn--hobank-4ua752a.kz,homoglyph,,no
homebank.kz,xn--hobank-c5a3970d.kz,homoglyph,,no
homebank.kz,xn--hobank-c5a5280d.kz,homoglyph,,no
homebank.kz,xn--hobank-c5a5438c.kz,homoglyph,,no
homebank.kz,xn--hobank-c5a9080d.kz,homoglyph,,no
homebank.kz,xn--hobank-c5a94y.kz,homoglyph,,no
homebank.kz,xn--hobank-cpc3368c.kz,homoglyph,,no
homebank.kz,xn--hobank-cpc5668c.kz,homoglyph,,no
homebank.kz,xn--hobank-cpc5816c.kz,homoglyph,,no
homebank.kz,xn--hobank-cpc9468c.kz,homoglyph,,no
homebank.kz,xn--hobank-cpc98c.kz,homoglyph,,no
homebank.kz,xn--hobank-cs7bq4b.kz,homoglyph,,no
homebank.kz,xn--hobank-cva3911d.kz,homoglyph,,no
homebank.kz,xn--hobank-cva5221d.kz,homoglyph,,no
homebank.kz,xn--hobank-cva5478c.kz,homoglyph,,no
homebank.kz,xn--hobank-cva9021d.kz,homoglyph,,no
homebank.kz,xn--hobank-cva942a.kz,homoglyph,,no
homebank.kz,xn--hobank-cvc3938c.kz,homoglyph,,no
homebank.kz,xn--hobank-cvc5248c.kz,homoglyph,,no
homebank.kz,xn--hobank-cvc5495c.kz,homoglyph,,no
homebank.kz,xn--hobank-cvc9048c.kz,homoglyph,,no
homebank.kz,xn--hobank-cvc94a.kz,homoglyph,,no
homebank.kz,xn--hobank-j4a1480d.kz,homoglyph,,no
homebank.kz,xn--hobank-j4a18y.kz,homoglyph,,no
homebank.kz,xn--hobank-j4a5280d.kz,homoglyph,,no
homebank.kz,xn--hobank-j4a7580d.kz,homoglyph,,no
homebank.kz,xn--hobank-j4a7738c.kz,homoglyph,,no
homebank.kz,xn--hobank-jva1021d.kz,homoglyph,,no
homebank.kz,xn--hobank-jva142a.kz,homoglyph,,no
homebank.kz,xn--hobank-jva5811d.kz,homoglyph,,no
homebank.kz,xn--hobank-jva7121d.kz,homoglyph,,no
homebank.kz,xn--hobank-jva7378c.kz,homoglyph,,no
homebank.kz,xn--hobank-q3a31z.kz,homoglyph,,no
homebank.kz,xn--hobank-q3a3780d.kz,homoglyph,,no
homebank.kz,xn--hobank-q3a7580d.kz,homoglyph,,no
homebank.kz,xn--hobank-q3a9048c.kz,homoglyph,,no
homebank.kz,xn--hobank-q3a9880d.kz,homoglyph,,no
homebank.kz,xn--hobank-q3c0777c.kz,homoglyph,,no
homebank.kz,xn--hobank-q3c4309c.kz,homoglyph,,no
homebank.kz,xn--hobank-qs7by3b.kz,homoglyph,,no
homebank.kz,xn--hobank-qva332a.kz,homoglyph,,no
homebank.kz,xn--hobank-qva3911d.kz,homoglyph,,no
homebank.kz,xn--hobank-qva7711d.kz,homoglyph,,no
homebank.kz,xn--hobank-qva9021d.kz,homoglyph,,no
homebank.kz,xn--hobank-qva9278c.kz,homoglyph,,no
homebank.kz,xn--hobank-x4a1480d.kz,homoglyph,,no
homebank.kz,xn--hobank-x4a1638c.kz,homoglyph,,no
homebank.kz,xn--hobank-x4a5280d.kz,homoglyph,,no
homebank.kz,xn--hobank-x4a56y.kz,homoglyph,,no
homebank.kz,xn--hobank-x4a9080d.kz,homoglyph,,no
homebank.kz,xn--hocbank-d03c.kz,homoglyph,,no
homebank.kz,xn--hocbank-t03c.kz,homoglyph,,no
homebank.kz,xn--hocbank-wz3c.kz,homoglyph,,no
homebank.kz,xn--hocbank-xid.kz,homoglyph,,no
homebank.kz,xn--hocbank-yz1c.kz,homoglyph,,no
homebank.kz,xn--hoeank-405b76f.kz,homoglyph,,no
homebank.kz,xn--hoeank-405br6f.kz,homoglyph,,no
homebank.kz,xn--hoeank-405bz5f.kz,homoglyph,,no
homebank.kz,xn--hoeank-5g7b4s.kz,homoglyph,,no
homebank.kz,xn--hoeank-5g7bos.kz,homoglyph,,no
homebank.kz,xn--hoeank-5g7bwt.kz,homoglyph,,no
homebank.kz,xn--hoeank-dg7b4u.kz,homoglyph,,no
homebank.kz,xn--hoeank-dg7bou.kz,homoglyph,,no
homebank.kz,xn--hoeank-dg7bwt.kz,homoglyph,,no
homebank.kz,xn--hoeank-krb00q.kz,homoglyph,,no
homebank.kz,xn--hoeank-krb0699c.kz,homoglyph,,no
homebank.kz,xn--hoeank-krb4499c.kz,homoglyph,,no
homebank.kz,xn--hoeank-krb6799c.kz,homoglyph,,no
homebank.kz,xn--hoeank-krb6947c.kz,homoglyph,,no
homebank.kz,xn--hoeank-q3c1167c.kz,homoglyph,,no
homebank.kz,xn--hoeank-q3c53a.kz,homoglyph,,no
homebank.kz,xn--hoeank-q3c5957c.kz,homoglyph,,no
homebank.kz,xn--hoeank-q3c9757c.kz,homoglyph,,no
homebank.kz,xn--hoeank-rcd2577c.kz,homoglyph,,no
homebank.kz,xn--hoeank-rcd6377c.kz,homoglyph,,no
homebank.kz,xn--hoeank-rcd8677c.kz,homoglyph,,no
homebank.kz,xn--hoeank-rcd8825c.kz,homoglyph,,no
homebank.kz,xn--hoeank-rg7b4s.kz,homoglyph,,no
homebank.kz,xn--hoeank-rg7bou.kz,homoglyph,,no
homebank.kz,xn--hoeank-rg7bwt.kz,homoglyph,,no
homebank.kz,xn--hoeank-rxc2138c.kz,homoglyph,,no
homebank.kz,xn--hoeank-rxc2v.kz,homoglyph,,no
homebank.kz,xn--hoeank-rxc6928c.kz,homoglyph,,no
homebank.kz,xn--hoeank-rxc8238c.kz,homoglyph,,no
homebank.kz,xn--hoeank-rxc8485c.kz,homoglyph,,no
homebank.kz,xn--hoebak-0eb20v.kz,homoglyph,,no
homebank.kz,xn--hoebak-0eb2640d.kz,homoglyph,,no
homebank.kz,xn--hoebak-0eb6440d.kz,homoglyph,,no
homebank.kz,xn--hoebak-0eb8740d.kz,homoglyph,,no
homebank.kz,xn--hoebak-0eb8997c.kz,homoglyph,,no
homebank.kz,xn--hoebak-0fb2240d.kz,homoglyph,,no
homebank.kz,xn--hoebak-0fb26u.kz,homoglyph,,no
homebank.kz,xn--hoebak-0fb6040d.kz,homoglyph,,no
homebank.kz,xn--hoebak-0fb8340d.kz,homoglyph,,no
homebank.kz,xn--hoebak-0fb8597c.kz,homoglyph,,no
homebank.kz,xn--hoebak-0wa2411d.kz,homoglyph,,no
homebank.kz,xn--hoebak-0wa281a.kz,homoglyph,,no
homebank.kz,xn--hoebak-0wa6211d.kz,homoglyph,,no
homebank.kz,xn--hoebak-0wa8511d.kz,homoglyph,,no
homebank.kz,xn--hoebak-0wa8768c.kz,homoglyph,,no
homebank.kz,xn--hoebak-405b1339i.kz,homoglyph,,no
homebank.kz,xn--hoebak-405b17h.kz,homoglyph,,no
homebank.kz,xn--hoebak-405b98h.kz,homoglyph,,no
homebank.kz,xn--hoebak-405bt8h.kz,homoglyph,,no
homebank.kz,xn--hoebak-4s7b1b.kz,homoglyph,,no
homebank.kz,xn--hoebak-4s7b9a.kz,homoglyph,,no
homebank.kz,xn--hoebak-4s7bt038i.kz,homoglyph,,no
homebank.kz,xn--hoebak-4s7bta.kz,homoglyph,,no
homebank.kz,xn--hoebak-cs7b1138i.kz,homoglyph,,no
homebank.kz,xn--hoebak-cs7b1b.kz,homoglyph,,no
homebank.kz,xn--hoebak-cs7b9c.kz,homoglyph,,no
homebank.kz,xn--hoebak-cs7btc.kz,homoglyph,,no
homebank.kz,xn--hoebak-ffb0340d.kz,homoglyph,,no
homebank.kz,xn--hoebak-ffb2640d.kz,homoglyph,,no
homebank.kz,xn--hoebak-ffb2897c.kz,homoglyph,,no
homebank.kz,xn--hoebak-ffb6440d.kz,homoglyph,,no
homebank.kz,xn--hoebak-ffb68u.kz,homoglyph,,no
homebank.kz,xn--hoebak-meb2640d.kz,homoglyph,,no
homebank.kz,xn--hoebak-meb4108c.kz,homoglyph,,no
homebank.kz,xn--hoebak-meb4940d.kz,homoglyph,,no
homebank.kz,xn--hoebak-meb81v.kz,homoglyph,,no
homebank.kz,xn--hoebak-meb8740d.kz,homoglyph,,no
homebank.kz,xn--hoebak-q3c1418c.kz,homoglyph,,no
homebank.kz,xn--hoebak-q3c39294a.kz,homoglyph,,no
homebank.kz,xn--hoebak-q3c5218c.kz,homoglyph,,no
homebank.kz,xn--hoebak-q3c9018c.kz,homoglyph,,no
homebank.kz,xn--hoebak-qs7b1b.kz,homoglyph,,no
homebank.kz,xn--hoebak-qs7b9038i.kz,homoglyph,,no
homebank.kz,xn--hoebak-qs7b9a.kz,homoglyph,,no
homebank.kz,xn--hoebak-qs7btc.kz,homoglyph,,no
homebank.kz,xn--hoebak-tfc0309c.kz,homoglyph,,no
homebank.kz,xn--hoebak-tfc07g.kz,homoglyph,,no
homebank.kz,xn--hoebak-tfc4109c.kz,homoglyph,,no
homebank.kz,xn--hoebak-tfc6409c.kz,homoglyph,,no
homebank.kz,xn--hoebak-tfc6656c.kz,homoglyph,,no
homebank.kz,xn--hoebamk-d03c.kz,homoglyph,,no
homebank.kz,xn--hoebamk-t03c.kz,homoglyph,,no
homebank.kz,xn--hoebamk-wz3c.kz,homoglyph,,no
homebank.kz,xn--hoebamk-xid.kz,homoglyph,,no
homebank.kz,xn--hoebamk-yz1c.kz,homoglyph,,no
homebank.kz,xn--hoeban-1bb12w.kz,homoglyph,,no
homebank.kz,xn--hoeban-1bb1850d.kz,homoglyph,,no
homebank.kz,xn--hoeban-1bb5650d.kz,homoglyph,,no
homebank.kz,xn--hoeban-1bb7118c.kz,homoglyph,,no
homebank.kz,xn--hoeban-1bb7950d.kz,homoglyph,,no
homebank.kz,xn--hoeban-1p7b1e.kz,homoglyph,,no
homebank.kz,xn--hoeban-1p7b9d.kz,homoglyph,,no
homebank.kz,xn--hoeban-1p7btd.kz,homoglyph,,no
homebank.kz,xn--hoeban-405b21h.kz,homoglyph,,no
homebank.kz,xn--hoeban-405b242k.kz,homoglyph,,no
homebank.kz,xn--hoeban-405bu2h.kz,homoglyph,,no
homebank.kz,xn--hoeban-4s7bu12j.kz,homoglyph,,no
homebank.kz,xn--hoeban-8bb31w.kz,homoglyph,,no
homebank.kz,xn--hoeban-8bb3750d.kz,homoglyph,,no
homebank.kz,xn--hoeban-8bb7550d.kz,homoglyph,,no
homebank.kz,xn--hoeban-8bb9018c.kz,homoglyph,,no
homebank.kz,xn--hoeban-8bb9850d.kz,homoglyph,,no
homebank.kz,xn--hoeban-cs7b222j.kz,homoglyph,,no
homebank.kz,xn--hoeban-gq7b1c.kz,homoglyph,,no
homebank.kz,xn--hoeban-gq7b9d.kz,homoglyph,,no
homebank.kz,xn--hoeban-gq7btd.kz,homoglyph,,no
homebank.kz,xn--hoeban-ncc1419c.kz,homoglyph,,no
homebank.kz,xn--hoeban-ncc3719c.kz,homoglyph,,no
homebank.kz,xn--hoeban-ncc3966c.kz,homoglyph,,no
homebank.kz,xn--hoeban-ncc7519c.kz,homoglyph,,no
homebank.kz,xn--hoeban-ncc79h.kz,homoglyph,,no
homebank.kz,xn--hoeban-q3c2897c.kz,homoglyph,,no
homebank.kz,xn--hoeban-q3c6697c.kz,homoglyph,,no
homebank.kz,xn--hoeban-q3c8707f.kz,homoglyph,,no
homebank.kz,xn--hoeban-q3c8955c.kz,homoglyph,,no
homebank.kz,xn--hoeban-qs7bm22j.kz,homoglyph,,no
homebank.kz,xn--hoeban-u05b16h.kz,homoglyph,,no
homebank.kz,xn--hoeban-u05b95h.kz,homoglyph,,no
homebank.kz,xn--hoeban-u05bl.kz,homoglyph,,no
homebank.kz,xn--hoeban-u05bt7h.kz,homoglyph,,no
homebank.kz,xn--hoebank-1kb.kz,homoglyph,,no
homebank.kz,xn--hoebank-1kba.kz,homoglyph,,no
homebank.kz,xn--hoebank-3k3z.kz,homoglyph,,no
homebank.kz,xn--hoebank-3k3za.kz,homoglyph,,no
homebank.kz,xn--hoebank-4jb.kz,homoglyph,,no
homebank.kz,xn--hoebank-4jba.kz,homoglyph,,no
homebank.kz,xn--hoebank-5za.kz,homoglyph,,no
homebank.kz,xn--hoebank-5zaa.kz,homoglyph,,no
homebank.kz,xn--hoebank-613c.kz,homoglyph,,no
homebank.kz,xn--hoebank-613ca.kz,homoglyph,,no
homebank.kz,xn--hoebank-903c.kz,homoglyph,,no
homebank.kz,xn--hoebank-903ca.kz,homoglyph,,no
homebank.kz,xn--hoebank-d03c.kz,homoglyph,,no
homebank.kz,xn--hoebank-iqc.kz,homoglyph,,no
homebank.kz,xn--hoebank-iqca.kz,homoglyph,,no
homebank.kz,xn--hoebank-lkb.kz,homoglyph,,no
homebank.kz,xn--hoebank-lkba.kz,homoglyph,,no
homebank.kz,xn--hoebank-q13c.kz,homoglyph,,no
homebank.kz,xn--hoebank-q13ca.kz,homoglyph,,no
homebank.kz,xn--hoebank-qlb.kz,homoglyph,,no
homebank.kz,xn--hoebank-qlba.kz,homoglyph,,no
homebank.kz,xn--hoebank-t03c.kz,homoglyph,,no
homebank.kz,xn--hoebank-wz3c.kz,homoglyph,,no
homebank.kz,xn--hoebank-xid.kz,homoglyph,,no
homebank.kz,xn--hoebank-yz1c.kz,homoglyph,,no
homebank.kz,xn--hoebanlc-4wd.kz,homoglyph,,no
homebank.kz,xn--hoebanlc-h79c.kz,homoglyph,,no
homebank.kz,xn--hoebanlc-i89c.kz,homoglyph,,no
homebank.kz,xn--hoebanlc-sy7c.kz,homoglyph,,no
homebank.kz,xn--hoebanlc-z79c.kz,homoglyph,,no
homebank.kz,xn--hoebark-d03c.kz,homoglyph,,no
homebank.kz,xn--hoebark-t03c.kz,homoglyph,,no
homebank.kz,xn--hoebark-wz3c.kz,homoglyph,,no
homebank.kz,xn--hoebark-xid.kz,homoglyph,,no
homebank.kz,xn--hoebark-yz1c.kz,homoglyph,,no
homebank.kz,xn--hoebnk-405bs8k.kz,homoglyph,,no
homebank.kz,xn--hoebnk-4s7b84a.kz,homoglyph,,no
homebank.kz,xn--hoebnk-65b1196c.kz,homoglyph,,no
homebank.kz,xn--hoebnk-65b1939c.kz,homoglyph,,no
homebank.kz,xn--hoebnk-65b51k.kz,homoglyph,,no
homebank.kz,xn--hoebnk-65b5739c.kz,homoglyph,,no
homebank.kz,xn--hoebnk-65b9539c.kz,homoglyph,,no
homebank.kz,xn--hoebnk-6ta1721d.kz,homoglyph,,no
homebank.kz,xn--hoebnk-6ta1978c.kz,homoglyph,,no
homebank.kz,xn--hoebnk-6ta5521d.kz,homoglyph,,no
homebank.kz,xn--hoebnk-6ta592a.kz,homoglyph,,no
homebank.kz,xn--hoebnk-6ta9321d.kz,homoglyph,,no
homebank.kz,xn--hoebnk-6za1301d.kz,homoglyph,,no
homebank.kz,xn--hoebnk-6za1558c.kz,homoglyph,,no
homebank.kz,xn--hoebnk-6za5101d.kz,homoglyph,,no
homebank.kz,xn--hoebnk-6za550a.kz,homoglyph,,no
homebank.kz,xn--hoebnk-6za9990d.kz,homoglyph,,no
homebank.kz,xn--hoebnk-cs7bs6a.kz,homoglyph,,no
homebank.kz,xn--hoebnk-eua1321d.kz,homoglyph,,no
homebank.kz,xn--hoebnk-eua3621d.kz,homoglyph,,no
homebank.kz,xn--hoebnk-eua3878c.kz,homoglyph,,no
homebank.kz,xn--hoebnk-eua7421d.kz,homoglyph,,no
homebank.kz,xn--hoebnk-eua782a.kz,homoglyph,,no
homebank.kz,xn--hoebnk-exc1138c.kz,homoglyph,,no
homebank.kz,xn--hoebnk-exc3438c.kz,homoglyph,,no
homebank.kz,xn--hoebnk-exc3685c.kz,homoglyph,,no
homebank.kz,xn--hoebnk-exc7238c.kz,homoglyph,,no
homebank.kz,xn--hoebnk-exc7w.kz,homoglyph,,no
homebank.kz,xn--hoebnk-l0a3890d.kz,homoglyph,,no
homebank.kz,xn--hoebnk-l0a5101d.kz,homoglyph,,no
homebank.kz,xn--hoebnk-l0a5358c.kz,homoglyph,,no
homebank.kz,xn--hoebnk-l0a930a.kz,homoglyph,,no
homebank.kz,xn--hoebnk-l0a9990d.kz,homoglyph,,no
homebank.kz,xn--hoebnk-lta3621d.kz,homoglyph,,no
homebank.kz,xn--hoebnk-lta5188c.kz,homoglyph,,no
homebank.kz,xn--hoebnk-lta5921d.kz,homoglyph,,no
homebank.kz,xn--hoebnk-lta913a.kz,homoglyph,,no
homebank.kz,xn--hoebnk-lta9721d.kz,homoglyph,,no
homebank.kz,xn--hoebnk-lua3221d.kz,homoglyph,,no
homebank.kz,xn--hoebnk-lua5521d.kz,homoglyph,,no
homebank.kz,xn--hoebnk-lua5778c.kz,homoglyph,,no
homebank.kz,xn--hoebnk-lua9321d.kz,homoglyph,,no
homebank.kz,xn--hoebnk-lua972a.kz,homoglyph,,no
homebank.kz,xn--hoebnk-q3c4488c.kz,homoglyph,,no
homebank.kz,xn--hoebnk-qs7b05a.kz,homoglyph,,no
homebank.kz,xn--hoebnk-sta113a.kz,homoglyph,,no
homebank.kz,xn--hoebnk-sta1721d.kz,homoglyph,,no
homebank.kz,xn--hoebnk-sta5521d.kz,homoglyph,,no
homebank.kz,xn--hoebnk-sta7088c.kz,homoglyph,,no
homebank.kz,xn--hoebnk-sta7821d.kz,homoglyph,,no
homebank.kz,xn--hoebnk-z0a320a.kz,homoglyph,,no
homebank.kz,xn--hoebnk-z0a3890d.kz,homoglyph,,no
homebank.kz,xn--hoebnk-z0a7690d.kz,homoglyph,,no
homebank.kz,xn--hoebnk-z0a9158c.kz,homoglyph,,no
homebank.kz,xn--hoebnk-z0a9990d.kz,homoglyph,,no
homebank.kz,xn--hoebnk-zoc30d.kz,homoglyph,,no
homebank.kz,xn--hoebnk-zoc3668c.kz,homoglyph,,no
homebank.kz,xn--hoebnk-zoc7468c.kz,homoglyph,,no
homebank.kz,xn--hoebnk-zoc9768c.kz,homoglyph,,no
homebank.kz,xn--hoebnk-zoc9916c.kz,homoglyph,,no
homebank.kz,xn--hoebnk-zta303a.kz,homoglyph,,no
homebank.kz,xn--hoebnk-zta3621d.kz,homoglyph,,no
homebank.kz,xn--hoebnk-zta7421d.kz,homoglyph,,no
homebank.kz,xn--hoebnk-zta9721d.kz,homoglyph,,no
homebank.kz,xn--hoebnk-zta9978c.kz,homoglyph,,no
homebank.kz,xn--hoebnk-zyc3628c.kz,homoglyph,,no
homebank.kz,xn--hoebnk-zyc3q.kz,homoglyph,,no
homebank.kz,xn--hoebnk-zyc7428c.kz,homoglyph,,no
homebank.kz,xn--hoebnk-zyc9728c.kz,homoglyph,,no
homebank.kz,xn--hoebnk-zyc9975c.kz,homoglyph,,no
homebank.kz,xn--hoedank-d03c.kz,homoglyph,,no
homebank.kz,xn--hoedank-t03c.kz,homoglyph,,no
homebank.kz,xn--hoedank-wz3c.kz,homoglyph,,no
homebank.kz,xn--hoedank-xid.kz,homoglyph,,no
homebank.kz,xn--hoedank-yz1c.kz,homoglyph,,no
homebank.kz,xn--hoelbank-4wd.kz,homoglyph,,no
homebank.kz,xn--hoelbank-h79c.kz,homoglyph,,no
homebank.kz,xn--hoelbank-i89c.kz,homoglyph,,no
homebank.kz,xn--hoelbank-sy7c.kz,homoglyph,,no
homebank.kz,xn--hoelbank-z79c.kz,homoglyph,,no
homebank.kz,xn--homank-53a01g.kz,homoglyph,,no
homebank.kz,xn--homank-53a2630d.kz,homoglyph,,no
homebank.kz,xn--homank-53a4930d.kz,homoglyph,,no
homebank.kz,xn--homank-53a812a.kz,homoglyph,,no
homebank.kz,xn--homank-53a85w.kz,homoglyph,,no
homebank.kz,xn--homank-53a8730d.kz,homoglyph,,no
homebank.kz,xn--homank-5g7b52d.kz,homoglyph,,no
homebank.kz,xn--homank-5g7bpg.kz,homoglyph,,no
homebank.kz,xn--homank-5ua07j.kz,homoglyph,,no
homebank.kz,xn--homank-5ua2270d.kz,homoglyph,,no
homebank.kz,xn--homank-5ua4570d.kz,homoglyph,,no
homebank.kz,xn--homank-5ua810a.kz,homoglyph,,no
homebank.kz,xn--homank-5ua8370d.kz,homoglyph,,no
homebank.kz,xn--homank-5ua875a.kz,homoglyph,,no
homebank.kz,xn--homank-d5a01w.kz,homoglyph,,no
homebank.kz,xn--homank-d5a0330d.kz,homoglyph,,no
homebank.kz,xn--homank-d5a071a.kz,homoglyph,,no
homebank.kz,xn--homank-d5a26f.kz,homoglyph,,no
homebank.kz,xn--homank-d5a4130d.kz,homoglyph,,no
homebank.kz,xn--homank-d5a6430d.kz,homoglyph,,no
homebank.kz,xn--homank-dg7bp4d.kz,homoglyph,,no
homebank.kz,xn--homank-dg7bxh.kz,homoglyph,,no
homebank.kz,xn--homank-dpc01g.kz,homoglyph,,no
homebank.kz,xn--homank-dpc05a.kz,homoglyph,,no
homebank.kz,xn--homank-dpc0718c.kz,homoglyph,,no
homebank.kz,xn--homank-dpc4518c.kz,homoglyph,,no
homebank.kz,xn--homank-dpc6818c.kz,homoglyph,,no
homebank.kz,xn--homank-dva010a.kz,homoglyph,,no
homebank.kz,xn--homank-dva0370d.kz,homoglyph,,no
homebank.kz,xn--homank-dva075a.kz,homoglyph,,no
homebank.kz,xn--homank-dva26j.kz,homoglyph,,no
homebank.kz,xn--homank-dva4170d.kz,homoglyph,,no
homebank.kz,xn--homank-dva6470d.kz,homoglyph,,no
homebank.kz,xn--homank-dvc0397c.kz,homoglyph,,no
homebank.kz,xn--homank-dvc07d.kz,homoglyph,,no
homebank.kz,xn--homank-dvc0h.kz,homoglyph,,no
homebank.kz,xn--homank-dvc4197c.kz,homoglyph,,no
homebank.kz,xn--homank-dvc6497c.kz,homoglyph,,no
homebank.kz,xn--homank-k4a202a.kz,homoglyph,,no
homebank.kz,xn--homank-k4a24w.kz,homoglyph,,no
homebank.kz,xn--homank-k4a2630d.kz,homoglyph,,no
homebank.kz,xn--homank-k4a49f.kz,homoglyph,,no
homebank.kz,xn--homank-k4a6430d.kz,homoglyph,,no
homebank.kz,xn--homank-k4a8730d.kz,homoglyph,,no
homebank.kz,xn--homank-krb1290d.kz,homoglyph,,no
homebank.kz,xn--homank-krb52k.kz,homoglyph,,no
homebank.kz,xn--homank-krb56m.kz,homoglyph,,no
homebank.kz,xn--homank-krb7569c.kz,homoglyph,,no
homebank.kz,xn--homank-kva200a.kz,homoglyph,,no
homebank.kz,xn--homank-kva2270d.kz,homoglyph,,no
homebank.kz,xn--homank-kva265a.kz,homoglyph,,no
homebank.kz,xn--homank-kva45j.kz,homoglyph,,no
homebank.kz,xn--homank-kva6070d.kz,homoglyph,,no
homebank.kz,xn--homank-kva8370d.kz,homoglyph,,no
homebank.kz,xn--homank-r3a0140d.kz,homoglyph,,no
homebank.kz,xn--homank-r3a432a.kz,homoglyph,,no
homebank.kz,xn--homank-r3a47w.kz,homoglyph,,no
homebank.kz,xn--homank-r3a4930d.kz,homoglyph,,no
homebank.kz,xn--homank-r3a62g.kz,homoglyph,,no
homebank.kz,xn--homank-r3a8730d.kz,homoglyph,,no
homebank.kz,xn--homank-rcd3178c.kz,homoglyph,,no
homebank.kz,xn--homank-rcd9447c.kz,homoglyph,,no
homebank.kz,xn--homank-rg7b5g.kz,homoglyph,,no
homebank.kz,xn--homank-rg7bx3d.kz,homoglyph,,no
homebank.kz,xn--homank-rva0370d.kz,homoglyph,,no
homebank.kz,xn--homank-rva4170d.kz,homoglyph,,no
homebank.kz,xn--homank-rva455a.kz,homoglyph,,no
homebank.kz,xn--homank-rva49z.kz,homoglyph,,no
homebank.kz,xn--homank-rva64j.kz,homoglyph,,no
homebank.kz,xn--homank-rva8960d.kz,homoglyph,,no
homebank.kz,xn--homank-rxc3729c.kz,homoglyph,,no
homebank.kz,xn--homank-rxc9008c.kz,homoglyph,,no
homebank.kz,xn--homank-y4a0330d.kz,homoglyph,,no
homebank.kz,xn--homank-y4a2630d.kz,homoglyph,,no
homebank.kz,xn--homank-y4a62w.kz,homoglyph,,no
homebank.kz,xn--homank-y4a6430d.kz,homoglyph,,no
homebank.kz,xn--homank-y4a681a.kz,homoglyph,,no
homebank.kz,xn--homank-y4a87f.kz,homoglyph,,no
homebank.kz,xn--hombak-0eb3241d.kz,homoglyph,,no
homebank.kz,xn--hombak-0eb72p.kz,homoglyph,,no
homebank.kz,xn--hombak-0eb76r.kz,homoglyph,,no
homebank.kz,xn--hombak-0eb9510d.kz,homoglyph,,no
homebank.kz,xn--hombak-0fb3831d.kz,homoglyph,,no
homebank.kz,xn--hombak-0fb72r.kz,homoglyph,,no
homebank.kz,xn--hombak-0fb78o.kz,homoglyph,,no
homebank.kz,xn--hombak-0fb9110d.kz,homoglyph,,no
homebank.kz,xn--hombak-0t7bv1b.kz,homoglyph,,no
homebank.kz,xn--hombak-0wa13a.kz,homoglyph,,no
homebank.kz,xn--hombak-0wa3012d.kz,homoglyph,,no
homebank.kz,xn--hombak-0wa3y.kz,homoglyph,,no
homebank.kz,xn--hombak-0wa51a.kz,homoglyph,,no
homebank.kz,xn--hombak-0wa70w.kz,homoglyph,,no
homebank.kz,xn--hombak-0wa74a.kz,homoglyph,,no
homebank.kz,xn--hombak-0wa74y.kz,homoglyph,,no
homebank.kz,xn--hombak-0wa9380d.kz,homoglyph,,no
homebank.kz,xn--hombak-0wa9z.kz,homoglyph,,no
homebank.kz,xn--hombak-53a04p.kz,homoglyph,,no
homebank.kz,xn--hombak-53a2980d.kz,homoglyph,,no
homebank.kz,xn--hombak-53a29a.kz,homoglyph,,no
homebank.kz,xn--hombak-53a4290d.kz,homoglyph,,no
homebank.kz,xn--hombak-53a42b.kz,homoglyph,,no
homebank.kz,xn--hombak-53a67025a.kz,homoglyph,,no
homebank.kz,xn--hombak-53a8090d.kz,homoglyph,,no
homebank.kz,xn--hombak-53a80b.kz,homoglyph,,no
homebank.kz,xn--hombak-53a84b.kz,homoglyph,,no
homebank.kz,xn--hombak-5k7b0348i.kz,homoglyph,,no
homebank.kz,xn--hombak-5k7b0n.kz,homoglyph,,no
homebank.kz,xn--hombak-5k7b8o.kz,homoglyph,,no
homebank.kz,xn--hombak-5k7bso.kz,homoglyph,,no
homebank.kz,xn--hombak-5ua00t.kz,homoglyph,,no
homebank.kz,xn--hombak-5ua2521d.kz,homoglyph,,no
homebank.kz,xn--hombak-5ua25e.kz,homoglyph,,no
homebank.kz,xn--hombak-5ua4821d.kz,homoglyph,,no
homebank.kz,xn--hombak-5ua48e.kz,homoglyph,,no
homebank.kz,xn--hombak-5ua63425a.kz,homoglyph,,no
homebank.kz,xn--hombak-5ua80f.kz,homoglyph,,no
homebank.kz,xn--hombak-5ua8621d.kz,homoglyph,,no
homebank.kz,xn--hombak-5ua86e.kz,homoglyph,,no
homebank.kz,xn--hombak-5ua8e.kz,homoglyph,,no
homebank.kz,xn--hombak-d5a00b.kz,homoglyph,,no
homebank.kz,xn--hombak-d5a0680d.kz,homoglyph,,no
homebank.kz,xn--hombak-d5a06a.kz,homoglyph,,no
homebank.kz,xn--hombak-d5a29o.kz,homoglyph,,no
homebank.kz,xn--hombak-d5a4480d.kz,homoglyph,,no
homebank.kz,xn--hombak-d5a44a.kz,homoglyph,,no
homebank.kz,xn--hombak-d5a6780d.kz,homoglyph,,no
homebank.kz,xn--hombak-d5a67a.kz,homoglyph,,no
homebank.kz,xn--hombak-d5a82025a.kz,homoglyph,,no
homebank.kz,xn--hombak-dpc0078c.kz,homoglyph,,no
homebank.kz,xn--hombak-dpc4868c.kz,homoglyph,,no
homebank.kz,xn--hombak-dpc6178c.kz,homoglyph,,no
homebank.kz,xn--hombak-dpc86894a.kz,homoglyph,,no
homebank.kz,xn--hombak-dva00f.kz,homoglyph,,no
homebank.kz,xn--hombak-dva0621d.kz,homoglyph,,no
homebank.kz,xn--hombak-dva06e.kz,homoglyph,,no
homebank.kz,xn--hombak-dva0e.kz,homoglyph,,no
homebank.kz,xn--hombak-dva29s.kz,homoglyph,,no
homebank.kz,xn--hombak-dva4421d.kz,homoglyph,,no
homebank.kz,xn--hombak-dva44e.kz,homoglyph,,no
homebank.kz,xn--hombak-dva6721d.kz,homoglyph,,no
homebank.kz,xn--hombak-dva67e.kz,homoglyph,,no
homebank.kz,xn--hombak-dva82425a.kz,homoglyph,,no
homebank.kz,xn--hombak-dvc0648c.kz,homoglyph,,no
homebank.kz,xn--hombak-dvc4448c.kz,homoglyph,,no
homebank.kz,xn--hombak-dvc6748c.kz,homoglyph,,no
homebank.kz,xn--hombak-dvc82694a.kz,homoglyph,,no
homebank.kz,xn--hombak-ffb11p.kz,homoglyph,,no
homebank.kz,xn--hombak-ffb15r.kz,homoglyph,,no
homebank.kz,xn--hombak-ffb3410d.kz,homoglyph,,no
homebank.kz,xn--hombak-ffb7041d.kz,homoglyph,,no
homebank.kz,xn--hombak-fu7b30b.kz,homoglyph,,no
homebank.kz,xn--hombak-k4a06025a.kz,homoglyph,,no
homebank.kz,xn--hombak-k4a23b.kz,homoglyph,,no
homebank.kz,xn--hombak-k4a2980d.kz,homoglyph,,no
homebank.kz,xn--hombak-k4a29a.kz,homoglyph,,no
homebank.kz,xn--hombak-k4a42p.kz,homoglyph,,no
homebank.kz,xn--hombak-k4a6780d.kz,homoglyph,,no
homebank.kz,xn--hombak-k4a67a.kz,homoglyph,,no
homebank.kz,xn--hombak-k4a8090d.kz,homoglyph,,no
homebank.kz,xn--hombak-k4a80b.kz,homoglyph,,no
homebank.kz,xn--hombak-kva02425a.kz,homoglyph,,no
homebank.kz,xn--hombak-kva2521d.kz,homoglyph,,no
homebank.kz,xn--hombak-kva25e.kz,homoglyph,,no
homebank.kz,xn--hombak-kva29e.kz,homoglyph,,no
homebank.kz,xn--hombak-kva2d.kz,homoglyph,,no
homebank.kz,xn--hombak-kva48s.kz,homoglyph,,no
homebank.kz,xn--hombak-kva6321d.kz,homoglyph,,no
homebank.kz,xn--hombak-kva63e.kz,homoglyph,,no
homebank.kz,xn--hombak-kva8621d.kz,homoglyph,,no
homebank.kz,xn--hombak-kva86e.kz,homoglyph,,no
homebank.kz,xn--hombak-meb34p.kz,homoglyph,,no
homebank.kz,xn--hombak-meb38r.kz,homoglyph,,no
homebank.kz,xn--hombak-meb5710d.kz,homoglyph,,no
homebank.kz,xn--hombak-meb9341d.kz,homoglyph,,no
homebank.kz,xn--hombak-mt7bn2b.kz,homoglyph,,no
homebank.kz,xn--hombak-r3a0490d.kz,homoglyph,,no
homebank.kz,xn--hombak-r3a04b.kz,homoglyph,,no
homebank.kz,xn--hombak-r3a29025a.kz,homoglyph,,no
homebank.kz,xn--hombak-r3a4290d.kz,homoglyph,,no
homebank.kz,xn--hombak-r3a42b.kz,homoglyph,,no
homebank.kz,xn--hombak-r3a46b.kz,homoglyph,,no
homebank.kz,xn--hombak-r3a65p.kz,homoglyph,,no
homebank.kz,xn--hombak-r3a8090d.kz,homoglyph,,no
homebank.kz,xn--hombak-r3a80b.kz,homoglyph,,no
homebank.kz,xn--hombak-rh8b7323i.kz,homoglyph,,no
homebank.kz,xn--hombak-rva0621d.kz,homoglyph,,no
homebank.kz,xn--hombak-rva06e.kz,homoglyph,,no
homebank.kz,xn--hombak-rva21425a.kz,homoglyph,,no
homebank.kz,xn--hombak-rva4421d.kz,homoglyph,,no
homebank.kz,xn--hombak-rva44e.kz,homoglyph,,no
homebank.kz,xn--hombak-rva48e.kz,homoglyph,,no
homebank.kz,xn--hombak-rva4c.kz,homoglyph,,no
homebank.kz,xn--hombak-rva67s.kz,homoglyph,,no
homebank.kz,xn--hombak-rva8221d.kz,homoglyph,,no
homebank.kz,xn--hombak-rva82e.kz,homoglyph,,no
homebank.kz,xn--hombak-tfc1999c.kz,homoglyph,,no
homebank.kz,xn--hombak-tfc53d.kz,homoglyph,,no
homebank.kz,xn--hombak-tfc59a.kz,homoglyph,,no
homebank.kz,xn--hombak-tfc7278c.kz,homoglyph,,no
homebank.kz,xn--hombak-y4a0680d.kz,homoglyph,,no
homebank.kz,xn--hombak-y4a06a.kz,homoglyph,,no
homebank.kz,xn--hombak-y4a2980d.kz,homoglyph,,no
homebank.kz,xn--hombak-y4a29a.kz,homoglyph,,no
homebank.kz,xn--hombak-y4a44025a.kz,homoglyph,,no
homebank.kz,xn--hombak-y4a61b.kz,homoglyph,,no
homebank.kz,xn--hombak-y4a6780d.kz,homoglyph,,no
homebank.kz,xn--hombak-y4a67a.kz,homoglyph,,no
homebank.kz,xn--hombak-y4a80p.kz,homoglyph,,no
homebank.kz,xn--hombamk-4xa.kz,homoglyph,,no
homebank.kz,xn--hombamk-c9a.kz,homoglyph,,no
homebank.kz,xn--hombamk-d8c.kz,homoglyph,,no
homebank.kz,xn--hombamk-dya.kz,homoglyph,,no
homebank.kz,xn--hombamk-f8a.kz,homoglyph,,no
homebank.kz,xn--hombamk-i1c.kz,homoglyph,,no
homebank.kz,xn--hombamk-lya.kz,homoglyph,,no
homebank.kz,xn--hombamk-pr3c.kz,homoglyph,,no
homebank.kz,xn--hombamk-s9a.kz,homoglyph,,no
homebank.kz,xn--hombamk-ts4c.kz,homoglyph,,no
homebank.kz,xn--hombamk-tya.kz,homoglyph,,no
homebank.kz,xn--hombamk-v8a.kz,homoglyph,,no
homebank.kz,xn--hombamk-y7a.kz,homoglyph,,no
homebank.kz,xn--homban-1bb2451d.kz,homoglyph,,no
homebank.kz,xn--homban-1bb64q.kz,homoglyph,,no
homebank.kz,xn--homban-1bb68s.kz,homoglyph,,no
homebank.kz,xn--homban-1bb8720d.kz,homoglyph,,no
homebank.kz,xn--homban-1p7bm8b.kz,homoglyph,,no
homebank.kz,xn--homban-53a1689f.kz,homoglyph,,no
homebank.kz,xn--homban-53a1838c.kz,homoglyph,,no
homebank.kz,xn--homban-53a31o.kz,homoglyph,,no
homebank.kz,xn--homban-53a5670d.kz,homoglyph,,no
homebank.kz,xn--homban-53a7z.kz,homoglyph,,no
homebank.kz,xn--homban-53a9470d.kz,homoglyph,,no
homebank.kz,xn--homban-53a9y.kz,homoglyph,,no
homebank.kz,xn--homban-5k7b143j.kz,homoglyph,,no
homebank.kz,xn--homban-5k7b1h.kz,homoglyph,,no
homebank.kz,xn--homban-5k7bti.kz,homoglyph,,no
homebank.kz,xn--homban-5ua1220g.kz,homoglyph,,no
homebank.kz,xn--homban-5ua1478c.kz,homoglyph,,no
homebank.kz,xn--homban-5ua37r.kz,homoglyph,,no
homebank.kz,xn--homban-5ua5211d.kz,homoglyph,,no
homebank.kz,xn--homban-5ua75d.kz,homoglyph,,no
homebank.kz,xn--homban-5ua9011d.kz,homoglyph,,no
homebank.kz,xn--homban-5ua94d.kz,homoglyph,,no
homebank.kz,xn--homban-8bb0720d.kz,homoglyph,,no
homebank.kz,xn--homban-8bb4351d.kz,homoglyph,,no
homebank.kz,xn--homban-8bb83q.kz,homoglyph,,no
homebank.kz,xn--homban-8bb87s.kz,homoglyph,,no
homebank.kz,xn--homban-d5a1070d.kz,homoglyph,,no
homebank.kz,xn--homban-d5a1u.kz,homoglyph,,no
homebank.kz,xn--homban-d5a3189f.kz,homoglyph,,no
homebank.kz,xn--homban-d5a3338c.kz,homoglyph,,no
homebank.kz,xn--homban-d5a56n.kz,homoglyph,,no
homebank.kz,xn--homban-d5a7170d.kz,homoglyph,,no
homebank.kz,xn--homban-d5a9u.kz,homoglyph,,no
homebank.kz,xn--homban-dpc1458c.kz,homoglyph,,no
homebank.kz,xn--homban-dpc3567f.kz,homoglyph,,no
homebank.kz,xn--homban-dpc3716c.kz,homoglyph,,no
homebank.kz,xn--homban-dpc7558c.kz,homoglyph,,no
homebank.kz,xn--homban-dva1011d.kz,homoglyph,,no
homebank.kz,xn--homban-dva14d.kz,homoglyph,,no
homebank.kz,xn--homban-dva3120g.kz,homoglyph,,no
homebank.kz,xn--homban-dva3378c.kz,homoglyph,,no
homebank.kz,xn--homban-dva56r.kz,homoglyph,,no
homebank.kz,xn--homban-dva7111d.kz,homoglyph,,no
homebank.kz,xn--homban-dva94d.kz,homoglyph,,no
homebank.kz,xn--homban-dvc1038c.kz,homoglyph,,no
homebank.kz,xn--homban-dvc3147f.kz,homoglyph,,no
homebank.kz,xn--homban-dvc3395c.kz,homoglyph,,no
homebank.kz,xn--homban-dvc7138c.kz,homoglyph,,no
homebank.kz,xn--homban-gq7bu7b.kz,homoglyph,,no
homebank.kz,xn--homban-k4a1y.kz,homoglyph,,no
homebank.kz,xn--homban-k4a3370d.kz,homoglyph,,no
homebank.kz,xn--homban-k4a3x.kz,homoglyph,,no
homebank.kz,xn--homban-k4a5489f.kz,homoglyph,,no
homebank.kz,xn--homban-k4a5638c.kz,homoglyph,,no
homebank.kz,xn--homban-k4a79n.kz,homoglyph,,no
homebank.kz,xn--homban-k4a9470d.kz,homoglyph,,no
homebank.kz,xn--homban-kva14d.kz,homoglyph,,no
homebank.kz,xn--homban-kva33d.kz,homoglyph,,no
homebank.kz,xn--homban-kva3901d.kz,homoglyph,,no
homebank.kz,xn--homban-kva5020g.kz,homoglyph,,no
homebank.kz,xn--homban-kva5278c.kz,homoglyph,,no
homebank.kz,xn--homban-kva75r.kz,homoglyph,,no
homebank.kz,xn--homban-kva9011d.kz,homoglyph,,no
homebank.kz,xn--homban-ncc22c.kz,homoglyph,,no
homebank.kz,xn--homban-ncc26e.kz,homoglyph,,no
homebank.kz,xn--homban-ncc4588c.kz,homoglyph,,no
homebank.kz,xn--homban-ncc8110d.kz,homoglyph,,no
homebank.kz,xn--homban-r3a1870d.kz,homoglyph,,no
homebank.kz,xn--homban-r3a31a.kz,homoglyph,,no
homebank.kz,xn--homban-r3a50a.kz,homoglyph,,no
homebank.kz,xn--homban-r3a5670d.kz,homoglyph,,no
homebank.kz,xn--homban-r3a7789f.kz,homoglyph,,no
homebank.kz,xn--homban-r3a7938c.kz,homoglyph,,no
homebank.kz,xn--homban-r3a92o.kz,homoglyph,,no
homebank.kz,xn--homban-rh8bs53i.kz,homoglyph,,no
homebank.kz,xn--homban-rva1011d.kz,homoglyph,,no
homebank.kz,xn--homban-rva33d.kz,homoglyph,,no
homebank.kz,xn--homban-rva52d.kz,homoglyph,,no
homebank.kz,xn--homban-rva5801d.kz,homoglyph,,no
homebank.kz,xn--homban-rva7178c.kz,homoglyph,,no
homebank.kz,xn--homban-rva7910g.kz,homoglyph,,no
homebank.kz,xn--homban-rva94r.kz,homoglyph,,no
homebank.kz,xn--homban-u05b26l.kz,homoglyph,,no
homebank.kz,xn--homban-u05bm4g.kz,homoglyph,,no
homebank.kz,xn--homban-y4a18n.kz,homoglyph,,no
homebank.kz,xn--homban-y4a3370d.kz,homoglyph,,no
homebank.kz,xn--homban-y4a5w.kz,homoglyph,,no
homebank.kz,xn--homban-y4a7170d.kz,homoglyph,,no
homebank.kz,xn--homban-y4a7v.kz,homoglyph,,no
homebank.kz,xn--homban-y4a9289f.kz,homoglyph,,no
homebank.kz,xn--homban-y4a9438c.kz,homoglyph,,no
homebank.kz,xn--hombank-45a.kz,homoglyph,,no
homebank.kz,xn--hombank-4xa.kz,homoglyph,,no
homebank.kz,xn--hombank-74a.kz,homoglyph,,no
homebank.kz,xn--hombank-c9a.kz,homoglyph,,no
homebank.kz,xn--hombank-d8c.kz,homoglyph,,no
homebank.kz,xn--hombank-dya.kz,homoglyph,,no
homebank.kz,xn--hombank-f8a.kz,homoglyph,,no
homebank.kz,xn--hombank-i1c.kz,homoglyph,,no
homebank.kz,xn--hombank-l6a.kz,homoglyph,,no
homebank.kz,xn--hombank-lya.kz,homoglyph,,no
homebank.kz,xn--hombank-o5a.kz,homoglyph,,no
homebank.kz,xn--hombank-pr3c.kz,homoglyph,,no
homebank.kz,xn--hombank-pzb.kz,homoglyph,,no
homebank.kz,xn--hombank-s9a.kz,homoglyph,,no
homebank.kz,xn--hombank-ts4c.kz,homoglyph,,no
homebank.kz,xn--hombank-tya.kz,homoglyph,,no
homebank.kz,xn--hombank-v8a.kz,homoglyph,,no
homebank.kz,xn--hombank-wxa.kz,homoglyph,,no
homebank.kz,xn--hombank-xx1c.kz,homoglyph,,no
homebank.kz,xn--hombank-y7a.kz,homoglyph,,no
homebank.kz,xn--hombanlc-30a.kz,homoglyph,,no
homebank.kz,xn--hombanlc-5cb.kz,homoglyph,,no
homebank.kz,xn--hombanlc-6db.kz,homoglyph,,no
homebank.kz,xn--hombanlc-7eb.kz,homoglyph,,no
homebank.kz,xn--hombanlc-8x9c.kz,homoglyph,,no
homebank.kz,xn--hombanlc-d1a.kz,homoglyph,,no
homebank.kz,xn--hombanlc-dmd.kz,homoglyph,,no
homebank.kz,xn--hombanlc-m1a.kz,homoglyph,,no
homebank.kz,xn--hombanlc-ned.kz,homoglyph,,no
homebank.kz,xn--hombanlc-odb.kz,homoglyph,,no
homebank.kz,xn--hombanlc-peb.kz,homoglyph,,no
homebank.kz,xn--hombanlc-v1a.kz,homoglyph,,no
homebank.kz,xn--hombanlc-v30d.kz,homoglyph,,no
homebank.kz,xn--hombark-4xa.kz,homoglyph,,no
homebank.kz,xn--hombark-c9a.kz,homoglyph,,no
homebank.kz,xn--hombark-d8c.kz,homoglyph,,no
homebank.kz,xn--hombark-dya.kz,homoglyph,,no
homebank.kz,xn--hombark-f8a.kz,homoglyph,,no
homebank.kz,xn--hombark-i1c.kz,homoglyph,,no
homebank.kz,xn--hombark-lya.kz,homoglyph,,no
homebank.kz,xn--hombark-pr3c.kz,homoglyph,,no
homebank.kz,xn--hombark-s9a.kz,homoglyph,,no
homebank.kz,xn--hombark-ts4c.kz,homoglyph,,no
homebank.kz,xn--hombark-tya.kz,homoglyph,,no
homebank.kz,xn--hombark-v8a.kz,homoglyph,,no
homebank.kz,xn--hombark-y7a.kz,homoglyph,,no
homebank.kz,xn--hombnk-53a34w.kz,homoglyph,,no
homebank.kz,xn--hombnk-53a59l.kz,homoglyph,,no
homebank.kz,xn--hombnk-53a70t.kz,homoglyph,,no
homebank.kz,xn--hombnk-53a70x.kz,homoglyph,,no
homebank.kz,xn--hombnk-53a7261d.kz,homoglyph,,no
homebank.kz,xn--hombnk-5k7br8b.kz,homoglyph,,no
homebank.kz,xn--hombnk-5ua1t.kz,homoglyph,,no
homebank.kz,xn--hombnk-5ua300a.kz,homoglyph,,no
homebank.kz,xn--hombnk-5ua55p.kz,homoglyph,,no
homebank.kz,xn--hombnk-5ua5r.kz,homoglyph,,no
homebank.kz,xn--hombnk-5ua760a.kz,homoglyph,,no
homebank.kz,xn--hombnk-5ua76w.kz,homoglyph,,no
homebank.kz,xn--hombnk-5ua7891d.kz,homoglyph,,no
homebank.kz,xn--hombnk-5ua7u.kz,homoglyph,,no
homebank.kz,xn--hombnk-65b04e.kz,homoglyph,,no
homebank.kz,xn--hombnk-65b08g.kz,homoglyph,,no
homebank.kz,xn--hombnk-65b2709c.kz,homoglyph,,no
homebank.kz,xn--hombnk-65b6330d.kz,homoglyph,,no
homebank.kz,xn--hombnk-6ta02x.kz,homoglyph,,no
homebank.kz,xn--hombnk-6ta06b.kz,homoglyph,,no
homebank.kz,xn--hombnk-6ta06z.kz,homoglyph,,no
homebank.kz,xn--hombnk-6ta0c.kz,homoglyph,,no
homebank.kz,xn--hombnk-6ta21b.kz,homoglyph,,no
homebank.kz,xn--hombnk-6ta2590d.kz,homoglyph,,no
homebank.kz,xn--hombnk-6ta2b.kz,homoglyph,,no
homebank.kz,xn--hombnk-6ta44b.kz,homoglyph,,no
homebank.kz,xn--hombnk-6ta6122d.kz,homoglyph,,no
homebank.kz,xn--hombnk-6ta69a.kz,homoglyph,,no
homebank.kz,xn--hombnk-6ta6d.kz,homoglyph,,no
homebank.kz,xn--hombnk-6ta82b.kz,homoglyph,,no
homebank.kz,xn--hombnk-6ta8c.kz,homoglyph,,no
homebank.kz,xn--hombnk-6za02x.kz,homoglyph,,no
homebank.kz,xn--hombnk-6za08u.kz,homoglyph,,no
homebank.kz,xn--hombnk-6za0s.kz,homoglyph,,no
homebank.kz,xn--hombnk-6za2170d.kz,homoglyph,,no
homebank.kz,xn--hombnk-6za2n.kz,homoglyph,,no
homebank.kz,xn--hombnk-6za4q.kz,homoglyph,,no
homebank.kz,xn--hombnk-6za6791d.kz,homoglyph,,no
homebank.kz,xn--hombnk-6za6l.kz,homoglyph,,no
homebank.kz,xn--hombnk-6za8o.kz,homoglyph,,no
homebank.kz,xn--hombnk-d5a59v.kz,homoglyph,,no
homebank.kz,xn--hombnk-d5a74l.kz,homoglyph,,no
homebank.kz,xn--hombnk-d5a95s.kz,homoglyph,,no
homebank.kz,xn--hombnk-d5a95w.kz,homoglyph,,no
homebank.kz,xn--hombnk-d5a9751d.kz,homoglyph,,no
homebank.kz,xn--hombnk-dpc53a.kz,homoglyph,,no
homebank.kz,xn--hombnk-dpc9149c.kz,homoglyph,,no
homebank.kz,xn--hombnk-dpc99a.kz,homoglyph,,no
homebank.kz,xn--hombnk-dva3s.kz,homoglyph,,no
homebank.kz,xn--hombnk-dva59z.kz,homoglyph,,no
homebank.kz,xn--hombnk-dva74p.kz,homoglyph,,no
homebank.kz,xn--hombnk-dva7q.kz,homoglyph,,no
homebank.kz,xn--hombnk-dva950a.kz,homoglyph,,no
homebank.kz,xn--hombnk-dva95w.kz,homoglyph,,no
homebank.kz,xn--hombnk-dva9791d.kz,homoglyph,,no
homebank.kz,xn--hombnk-dva9t.kz,homoglyph,,no
homebank.kz,xn--hombnk-dvc5f.kz,homoglyph,,no
homebank.kz,xn--hombnk-dvc9719c.kz,homoglyph,,no
homebank.kz,xn--hombnk-dvc9l.kz,homoglyph,,no
homebank.kz,xn--hombnk-eua02b.kz,homoglyph,,no
homebank.kz,xn--hombnk-eua0c.kz,homoglyph,,no
homebank.kz,xn--hombnk-eua21x.kz,homoglyph,,no
homebank.kz,xn--hombnk-eua25b.kz,homoglyph,,no
homebank.kz,xn--hombnk-eua25z.kz,homoglyph,,no
homebank.kz,xn--hombnk-eua2b.kz,homoglyph,,no
homebank.kz,xn--hombnk-eua40b.kz,homoglyph,,no
homebank.kz,xn--hombnk-eua4490d.kz,homoglyph,,no
homebank.kz,xn--hombnk-eua4a.kz,homoglyph,,no
homebank.kz,xn--hombnk-eua63b.kz,homoglyph,,no
homebank.kz,xn--hombnk-eua8022d.kz,homoglyph,,no
homebank.kz,xn--hombnk-eua88a.kz,homoglyph,,no
homebank.kz,xn--hombnk-eua8c.kz,homoglyph,,no
homebank.kz,xn--hombnk-exc4208c.kz,homoglyph,,no
homebank.kz,xn--hombnk-exc8829c.kz,homoglyph,,no
homebank.kz,xn--hombnk-k4a1161d.kz,homoglyph,,no
homebank.kz,xn--hombnk-k4a19s.kz,homoglyph,,no
homebank.kz,xn--hombnk-k4a19w.kz,homoglyph,,no
homebank.kz,xn--hombnk-k4a72w.kz,homoglyph,,no
homebank.kz,xn--hombnk-k4a97l.kz,homoglyph,,no
homebank.kz,xn--hombnk-kva150a.kz,homoglyph,,no
homebank.kz,xn--hombnk-kva15w.kz,homoglyph,,no
homebank.kz,xn--hombnk-kva1791d.kz,homoglyph,,no
homebank.kz,xn--hombnk-kva1t.kz,homoglyph,,no
homebank.kz,xn--hombnk-kva5r.kz,homoglyph,,no
homebank.kz,xn--hombnk-kva78z.kz,homoglyph,,no
homebank.kz,xn--hombnk-kva93p.kz,homoglyph,,no
homebank.kz,xn--hombnk-kva9p.kz,homoglyph,,no
homebank.kz,xn--hombnk-l0a0691d.kz,homoglyph,,no
homebank.kz,xn--hombnk-l0a0k.kz,homoglyph,,no
homebank.kz,xn--hombnk-l0a2n.kz,homoglyph,,no
homebank.kz,xn--hombnk-l0a40x.kz,homoglyph,,no
homebank.kz,xn--hombnk-l0a46u.kz,homoglyph,,no
homebank.kz,xn--hombnk-l0a4q.kz,homoglyph,,no
homebank.kz,xn--hombnk-l0a6960d.kz,homoglyph,,no
homebank.kz,xn--hombnk-l0a6l.kz,homoglyph,,no
homebank.kz,xn--hombnk-l0a8o.kz,homoglyph,,no
homebank.kz,xn--hombnk-lta02b.kz,homoglyph,,no
homebank.kz,xn--hombnk-lta0422d.kz,homoglyph,,no
homebank.kz,xn--hombnk-lta0g.kz,homoglyph,,no
homebank.kz,xn--hombnk-lta25b.kz,homoglyph,,no
homebank.kz,xn--hombnk-lta2f.kz,homoglyph,,no
homebank.kz,xn--hombnk-lta44x.kz,homoglyph,,no
homebank.kz,xn--hombnk-lta48b.kz,homoglyph,,no
homebank.kz,xn--hombnk-lta48z.kz,homoglyph,,no
homebank.kz,xn--hombnk-lta4e.kz,homoglyph,,no
homebank.kz,xn--hombnk-lta63b.kz,homoglyph,,no
homebank.kz,xn--hombnk-lta6790d.kz,homoglyph,,no
homebank.kz,xn--hombnk-lta6d.kz,homoglyph,,no
homebank.kz,xn--hombnk-lta86b.kz,homoglyph,,no
homebank.kz,xn--hombnk-lua0022d.kz,homoglyph,,no
homebank.kz,xn--hombnk-lua08a.kz,homoglyph,,no
homebank.kz,xn--hombnk-lua0c.kz,homoglyph,,no
homebank.kz,xn--hombnk-lua21b.kz,homoglyph,,no
homebank.kz,xn--hombnk-lua2b.kz,homoglyph,,no
homebank.kz,xn--hombnk-lua40x.kz,homoglyph,,no
homebank.kz,xn--hombnk-lua44b.kz,homoglyph,,no
homebank.kz,xn--hombnk-lua44z.kz,homoglyph,,no
homebank.kz,xn--hombnk-lua4a.kz,homoglyph,,no
homebank.kz,xn--hombnk-lua6390d.kz,homoglyph,,no
homebank.kz,xn--hombnk-lua69a.kz,homoglyph,,no
homebank.kz,xn--hombnk-lua82b.kz,homoglyph,,no
homebank.kz,xn--hombnk-luaw.kz,homoglyph,,no
homebank.kz,xn--hombnk-r3a11m.kz,homoglyph,,no
homebank.kz,xn--hombnk-r3a32t.kz,homoglyph,,no
homebank.kz,xn--hombnk-r3a32x.kz,homoglyph,,no
homebank.kz,xn--hombnk-r3a3461d.kz,homoglyph,,no
homebank.kz,xn--hombnk-r3a95w.kz,homoglyph,,no
homebank.kz,xn--hombnk-rva13p.kz,homoglyph,,no
homebank.kz,xn--hombnk-rva1p.kz,homoglyph,,no
homebank.kz,xn--hombnk-rva340a.kz,homoglyph,,no
homebank.kz,xn--hombnk-rva34w.kz,homoglyph,,no
homebank.kz,xn--hombnk-rva3691d.kz,homoglyph,,no
homebank.kz,xn--hombnk-rva3s.kz,homoglyph,,no
homebank.kz,xn--hombnk-rva7q.kz,homoglyph,,no
homebank.kz,xn--hombnk-rva97z.kz,homoglyph,,no
homebank.kz,xn--hombnk-sta06b.kz,homoglyph,,no
homebank.kz,xn--hombnk-sta21b.kz,homoglyph,,no
homebank.kz,xn--hombnk-sta2322d.kz,homoglyph,,no
homebank.kz,xn--hombnk-sta2f.kz,homoglyph,,no
homebank.kz,xn--hombnk-sta44b.kz,homoglyph,,no
homebank.kz,xn--hombnk-sta4e.kz,homoglyph,,no
homebank.kz,xn--hombnk-sta63x.kz,homoglyph,,no
homebank.kz,xn--hombnk-sta67b.kz,homoglyph,,no
homebank.kz,xn--hombnk-sta67z.kz,homoglyph,,no
homebank.kz,xn--hombnk-sta6d.kz,homoglyph,,no
homebank.kz,xn--hombnk-sta82b.kz,homoglyph,,no
homebank.kz,xn--hombnk-sta8690d.kz,homoglyph,,no
homebank.kz,xn--hombnk-sta8c.kz,homoglyph,,no
homebank.kz,xn--hombnk-y4a11w.kz,homoglyph,,no
homebank.kz,xn--hombnk-y4a36l.kz,homoglyph,,no
homebank.kz,xn--hombnk-y4a57s.kz,homoglyph,,no
homebank.kz,xn--hombnk-y4a57w.kz,homoglyph,,no
homebank.kz,xn--hombnk-y4a5951d.kz,homoglyph,,no
homebank.kz,xn--hombnk-z0a0860d.kz,homoglyph,,no
homebank.kz,xn--hombnk-z0a0k.kz,homoglyph,,no
homebank.kz,xn--hombnk-z0a2n.kz,homoglyph,,no
homebank.kz,xn--hombnk-z0a4491d.kz,homoglyph,,no
homebank.kz,xn--hombnk-z0a4i.kz,homoglyph,,no
homebank.kz,xn--hombnk-z0a6l.kz,homoglyph,,no
homebank.kz,xn--hombnk-z0a84u.kz,homoglyph,,no
homebank.kz,xn--hombnk-z0a88w.kz,homoglyph,,no
homebank.kz,xn--hombnk-z0a8o.kz,homoglyph,,no
homebank.kz,xn--hombnk-zc8bph.kz,homoglyph,,no
homebank.kz,xn--hombnk-zoc0638c.kz,homoglyph,,no
homebank.kz,xn--hombnk-zoc4269c.kz,homoglyph,,no
homebank.kz,xn--hombnk-zoc8w.kz,homoglyph,,no
homebank.kz,xn--hombnk-zoco.kz,homoglyph,,no
homebank.kz,xn--hombnk-zta02b.kz,homoglyph,,no
homebank.kz,xn--hombnk-zta0690d.kz,homoglyph,,no
homebank.kz,xn--hombnk-zta0c.kz,homoglyph,,no
homebank.kz,xn--hombnk-zta25b.kz,homoglyph,,no
homebank.kz,xn--hombnk-zta40b.kz,homoglyph,,no
homebank.kz,xn--hombnk-zta4222d.kz,homoglyph,,no
homebank.kz,xn--hombnk-zta4e.kz,homoglyph,,no
homebank.kz,xn--hombnk-zta63b.kz,homoglyph,,no
homebank.kz,xn--hombnk-zta6d.kz,homoglyph,,no
homebank.kz,xn--hombnk-zta82x.kz,homoglyph,,no
homebank.kz,xn--hombnk-zta86b.kz,homoglyph,,no
homebank.kz,xn--hombnk-zta86z.kz,homoglyph,,no
homebank.kz,xn--hombnk-zta8c.kz,homoglyph,,no
homebank.kz,xn--hombnk-zyc0697c.kz,homoglyph,,no
homebank.kz,xn--hombnk-zyc4229c.kz,homoglyph,,no
homebank.kz,xn--homcank-1yb.kz,homoglyph,,no
homebank.kz,xn--homcank-4bd.kz,homoglyph,,no
homebank.kz,xn--homcank-4rd.kz,homoglyph,,no
homebank.kz,xn--homcank-5m3c.kz,homoglyph,,no
homebank.kz,xn--homcank-8l3c.kz,homoglyph,,no
homebank.kz,xn--homcank-pm3c.kz,homoglyph,,no
homebank.kz,xn--homcbak-5kb.kz,homoglyph,,no
homebank.kz,xn--homcbak-7k3z.kz,homoglyph,,no
homebank.kz,xn--homcbak-8jb.kz,homoglyph,,no
homebank.kz,xn--homcbak-9za.kz,homoglyph,,no
homebank.kz,xn--homcbak-b23c.kz,homoglyph,,no
homebank.kz,xn--homcbak-e13c.kz,homoglyph,,no
homebank.kz,xn--homcbak-mqc.kz,homoglyph,,no
homebank.kz,xn--homcbak-pkb.kz,homoglyph,,no
homebank.kz,xn--homcbak-u13c.kz,homoglyph,,no
homebank.kz,xn--homcbak-ulb.kz,homoglyph,,no
homebank.kz,xn--homcban-2o7e.kz,homoglyph,,no
homebank.kz,xn--homcban-bhb.kz,homoglyph,,no
homebank.kz,xn--homcban-bx3c.kz,homoglyph,,no
homebank.kz,xn--homcban-jhb.kz,homoglyph,,no
homebank.kz,xn--homcban-nz1c.kz,homoglyph,,no
homebank.kz,xn--homcban-rx3c.kz,homoglyph,,no
homebank.kz,xn--homcban-zmc.kz,homoglyph,,no
homebank.kz,xn--homcbnk-1wa.kz,homoglyph,,no
homebank.kz,xn--homcbnk-30c.kz,homoglyph,,no
homebank.kz,xn--homcbnk-9wa.kz,homoglyph,,no
homebank.kz,xn--homcbnk-d4a.kz,homoglyph,,no
homebank.kz,xn--homcbnk-dwa.kz,homoglyph,,no
homebank.kz,xn--homcbnk-en4c.kz,homoglyph,,no
homebank.kz,xn--homcbnk-ixa.kz,homoglyph,,no
homebank.kz,xn--homcbnk-jdd.kz,homoglyph,,no
homebank.kz,xn--homcbnk-lwa.kz,homoglyph,,no
homebank.kz,xn--homcbnk-pbd.kz,homoglyph,,no
homebank.kz,xn--homcbnk-rgc.kz,homoglyph,,no
homebank.kz,xn--homcbnk-t4a.kz,homoglyph,,no
homebank.kz,xn--homcbnk-twa.kz,homoglyph,,no
homebank.kz,xn--homcbnk-w3a.kz,homoglyph,,no
homebank.kz,xn--homdank-4xa.kz,homoglyph,,no
homebank.kz,xn--homdank-c9a.kz,homoglyph,,no
homebank.kz,xn--homdank-d8c.kz,homoglyph,,no
homebank.kz,xn--homdank-dya.kz,homoglyph,,no
homebank.kz,xn--homdank-f8a.kz,homoglyph,,no
homebank.kz,xn--homdank-i1c.kz,homoglyph,,no
homebank.kz,xn--homdank-lya.kz,homoglyph,,no
homebank.kz,xn--homdank-pr3c.kz,homoglyph,,no
homebank.kz,xn--homdank-s9a.kz,homoglyph,,no
homebank.kz,xn--homdank-ts4c.kz,homoglyph,,no
homebank.kz,xn--homdank-tya.kz,homoglyph,,no
homebank.kz,xn--homdank-v8a.kz,homoglyph,,no
homebank.kz,xn--homdank-y7a.kz,homoglyph,,no
homebank.kz,xn--homeak-0eb0000d.kz,homoglyph,,no
homebank.kz,xn--homeak-0eb42y.kz,homoglyph,,no
homebank.kz,xn--homeak-0eb46s.kz,homoglyph,,no
homebank.kz,xn--homeak-0eb4899c.kz,homoglyph,,no
homebank.kz,xn--homeak-0eb61c.kz,homoglyph,,no
homebank.kz,xn--homeak-0eb8699c.kz,homoglyph,,no
homebank.kz,xn--homeak-0fb0699c.kz,homoglyph,,no
homebank.kz,xn--homeak-0fb42s.kz,homoglyph,,no
homebank.kz,xn--homeak-0fb4499c.kz,homoglyph,,no
homebank.kz,xn--homeak-0fb48x.kz,homoglyph,,no
homebank.kz,xn--homeak-0fb67b.kz,homoglyph,,no
homebank.kz,xn--homeak-0fb8299c.kz,homoglyph,,no
homebank.kz,xn--homeak-0wa0860d.kz,homoglyph,,no
homebank.kz,xn--homeak-0wa405a.kz,homoglyph,,no
homebank.kz,xn--homeak-0wa44z.kz,homoglyph,,no
homebank.kz,xn--homeak-0wa4660d.kz,homoglyph,,no
homebank.kz,xn--homeak-0wa69i.kz,homoglyph,,no
homebank.kz,xn--homeak-0wa8460d.kz,homoglyph,,no
homebank.kz,xn--homeak-6g7b7u.kz,homoglyph,,no
homebank.kz,xn--homeak-6g7br058i.kz,homoglyph,,no
homebank.kz,xn--homeak-6g7bru.kz,homoglyph,,no
homebank.kz,xn--homeak-6g7bzv.kz,homoglyph,,no
homebank.kz,xn--homeak-eg7b7w.kz,homoglyph,,no
homebank.kz,xn--homeak-eg7brw.kz,homoglyph,,no
homebank.kz,xn--homeak-eg7bz158i.kz,homoglyph,,no
homebank.kz,xn--homeak-eg7bzv.kz,homoglyph,,no
homebank.kz,xn--homeak-ffb00c.kz,homoglyph,,no
homebank.kz,xn--homeak-ffb2599c.kz,homoglyph,,no
homebank.kz,xn--homeak-ffb4899c.kz,homoglyph,,no
homebank.kz,xn--homeak-ffb80y.kz,homoglyph,,no
homebank.kz,xn--homeak-ffb84s.kz,homoglyph,,no
homebank.kz,xn--homeak-ffb8699c.kz,homoglyph,,no
homebank.kz,xn--homeak-lrb1100d.kz,homoglyph,,no
homebank.kz,xn--homeak-lrb34g.kz,homoglyph,,no
homebank.kz,xn--homeak-lrb5999c.kz,homoglyph,,no
homebank.kz,xn--homeak-lrb7200d.kz,homoglyph,,no
homebank.kz,xn--homeak-lrb97115a.kz,homoglyph,,no
homebank.kz,xn--homeak-meb0000d.kz,homoglyph,,no
homebank.kz,xn--homeak-meb04y.kz,homoglyph,,no
homebank.kz,xn--homeak-meb08s.kz,homoglyph,,no
homebank.kz,xn--homeak-meb23c.kz,homoglyph,,no
homebank.kz,xn--homeak-meb4899c.kz,homoglyph,,no
homebank.kz,xn--homeak-meb6100d.kz,homoglyph,,no
homebank.kz,xn--homeak-scd17984a.kz,homoglyph,,no
homebank.kz,xn--homeak-scd3087c.kz,homoglyph,,no
homebank.kz,xn--homeak-scd7877c.kz,homoglyph,,no
homebank.kz,xn--homeak-scd9187c.kz,homoglyph,,no
homebank.kz,xn--homeak-sg7b7058i.kz,homoglyph,,no
homebank.kz,xn--homeak-sg7b7u.kz,homoglyph,,no
homebank.kz,xn--homeak-sg7brw.kz,homoglyph,,no
homebank.kz,xn--homeak-sg7bzv.kz,homoglyph,,no
homebank.kz,xn--homeak-sxc13594a.kz,homoglyph,,no
homebank.kz,xn--homeak-sxc3638c.kz,homoglyph,,no
homebank.kz,xn--homeak-sxc7438c.kz,homoglyph,,no
homebank.kz,xn--homeak-sxc9738c.kz,homoglyph,,no
homebank.kz,xn--homeak-tfc23e.kz,homoglyph,,no
homebank.kz,xn--homeak-tfc2558c.kz,homoglyph,,no
homebank.kz,xn--homeak-tfc29j.kz,homoglyph,,no
homebank.kz,xn--homeak-tfc6358c.kz,homoglyph,,no
homebank.kz,xn--homeak-tfc8658c.kz,homoglyph,,no
homebank.kz,xn--homeamk-1yb.kz,homoglyph,,no
homebank.kz,xn--homeamk-4bd.kz,homoglyph,,no
homebank.kz,xn--homeamk-4rd.kz,homoglyph,,no
homebank.kz,xn--homeamk-5m3c.kz,homoglyph,,no
homebank.kz,xn--homeamk-8l3c.kz,homoglyph,,no
homebank.kz,xn--homeamk-pm3c.kz,homoglyph,,no
homebank.kz,xn--homean-1bb3010d.kz,homoglyph,,no
homebank.kz,xn--homean-1bb34z.kz,homoglyph,,no
homebank.kz,xn--homean-1bb38t.kz,homoglyph,,no
homebank.kz,xn--homean-1bb53d.kz,homoglyph,,no
homebank.kz,xn--homean-1bb7800d.kz,homoglyph,,no
homebank.kz,xn--homean-1bb9110d.kz,homoglyph,,no
homebank.kz,xn--homean-6g7b8o.kz,homoglyph,,no
homebank.kz,xn--homean-6g7bs14j.kz,homoglyph,,no
homebank.kz,xn--homean-6g7bso.kz,homoglyph,,no
homebank.kz,xn--homean-8bb1110d.kz,homoglyph,,no
homebank.kz,xn--homean-8bb53z.kz,homoglyph,,no
homebank.kz,xn--homean-8bb57t.kz,homoglyph,,no
homebank.kz,xn--homean-8bb5900d.kz,homoglyph,,no
homebank.kz,xn--homean-8bb72d.kz,homoglyph,,no
homebank.kz,xn--homean-8bb9700d.kz,homoglyph,,no
homebank.kz,xn--homean-eg7b024j.kz,homoglyph,,no
homebank.kz,xn--homean-eg7b0p.kz,homoglyph,,no
homebank.kz,xn--homean-eg7bsq.kz,homoglyph,,no
homebank.kz,xn--homean-lrb2589c.kz,homoglyph,,no
homebank.kz,xn--homean-lrb4698f.kz,homoglyph,,no
homebank.kz,xn--homean-lrb4847c.kz,homoglyph,,no
homebank.kz,xn--homean-lrb61f.kz,homoglyph,,no
homebank.kz,xn--homean-lrb8689c.kz,homoglyph,,no
homebank.kz,xn--homean-ncc3668c.kz,homoglyph,,no
homebank.kz,xn--homean-ncc5968c.kz,homoglyph,,no
homebank.kz,xn--homean-ncc91l.kz,homoglyph,,no
homebank.kz,xn--homean-ncc95f.kz,homoglyph,,no
homebank.kz,xn--homean-ncc9768c.kz,homoglyph,,no
homebank.kz,xn--homean-scd0667c.kz,homoglyph,,no
homebank.kz,xn--homean-scd4467c.kz,homoglyph,,no
homebank.kz,xn--homean-scd6576f.kz,homoglyph,,no
homebank.kz,xn--homean-scd6725c.kz,homoglyph,,no
homebank.kz,xn--homean-sg7b0p.kz,homoglyph,,no
homebank.kz,xn--homean-sg7b814j.kz,homoglyph,,no
homebank.kz,xn--homean-sg7b8o.kz,homoglyph,,no
homebank.kz,xn--homean-sxc0228c.kz,homoglyph,,no
homebank.kz,xn--homean-sxc4028c.kz,homoglyph,,no
homebank.kz,xn--homean-sxc6137f.kz,homoglyph,,no
homebank.kz,xn--homean-sxc6385c.kz,homoglyph,,no
homebank.kz,xn--homean-u05b36f.kz,homoglyph,,no
homebank.kz,xn--homean-u05bn6f.kz,homoglyph,,no
homebank.kz,xn--homean-u05bv7f.kz,homoglyph,,no
homebank.kz,xn--homeank-1cd.kz,homoglyph,,no
homebank.kz,xn--homeank-1yb.kz,homoglyph,,no
homebank.kz,xn--homeank-26a.kz,homoglyph,,no
homebank.kz,xn--homeank-2n3c.kz,homoglyph,,no
homebank.kz,xn--homeank-4bd.kz,homoglyph,,no
homebank.kz,xn--homeank-4rd.kz,homoglyph,,no
homebank.kz,xn--homeank-5m3c.kz,homoglyph,,no
homebank.kz,xn--homeank-8l3c.kz,homoglyph,,no
homebank.kz,xn--homeank-gp3c.kz,homoglyph,,no
homebank.kz,xn--homeank-j7a.kz,homoglyph,,no
homebank.kz,xn--homeank-jo3c.kz,homoglyph,,no
homebank.kz,xn--homeank-pm3c.kz,homoglyph,,no
homebank.kz,xn--homeank-tcd.kz,homoglyph,,no
homebank.kz,xn--homeank-wp3c.kz,homoglyph,,no
homebank.kz,xn--homeank-zo3c.kz,homoglyph,,no
homebank.kz,xn--homeanlc-3r9c.kz,homoglyph,,no
homebank.kz,xn--homeanlc-4s9c.kz,homoglyph,,no
homebank.kz,xn--homeanlc-h7d.kz,homoglyph,,no
homebank.kz,xn--homeanlc-hpd.kz,homoglyph,,no
homebank.kz,xn--homeanlc-i6b.kz,homoglyph,,no
homebank.kz,xn--homeanlc-ms9c.kz,homoglyph,,no
homebank.kz,xn--homeark-1yb.kz,homoglyph,,no
homebank.kz,xn--homeark-4bd.kz,homoglyph,,no
homebank.kz,xn--homeark-4rd.kz,homoglyph,,no
homebank.kz,xn--homeark-5m3c.kz,homoglyph,,no
homebank.kz,xn--homeark-8l3c.kz,homoglyph,,no
homebank.kz,xn--homeark-pm3c.kz,homoglyph,,no
homebank.kz,xn--homeba-1bb10815a.kz,homoglyph,,no
homebank.kz,xn--homeba-1bb3360d.kz,homoglyph,,no
homebank.kz,xn--homeba-1bb3j.kz,homoglyph,,no
homebank.kz,xn--homeba-1bb3n.kz,homoglyph,,no
homebank.kz,xn--homeba-1bb56m.kz,homoglyph,,no
homebank.kz,xn--homeba-1bb7160d.kz,homoglyph,,no
homebank.kz,xn--homeba-1bb7h.kz,homoglyph,,no
homebank.kz,xn--homeba-1bb9460d.kz,homoglyph,,no
homebank.kz,xn--homeba-1bb9k.kz,homoglyph,,no
homebank.kz,xn--homeba-1eb0730d.kz,homoglyph,,no
homebank.kz,xn--homeba-1eb4530d.kz,homoglyph,,no
homebank.kz,xn--homeba-1eb6649f.kz,homoglyph,,no
homebank.kz,xn--homeba-1eb6897c.kz,homoglyph,,no
homebank.kz,xn--homeba-1eb81k.kz,homoglyph,,no
homebank.kz,xn--homeba-1fb0330d.kz,homoglyph,,no
homebank.kz,xn--homeba-1fb4130d.kz,homoglyph,,no
homebank.kz,xn--homeba-1fb6249f.kz,homoglyph,,no
homebank.kz,xn--homeba-1fb6497c.kz,homoglyph,,no
homebank.kz,xn--homeba-1fb87j.kz,homoglyph,,no
homebank.kz,xn--homeba-1p7b5g.kz,homoglyph,,no
homebank.kz,xn--homeba-1p7bpg.kz,homoglyph,,no
homebank.kz,xn--homeba-1p7bx538i.kz,homoglyph,,no
homebank.kz,xn--homeba-1p7bxf.kz,homoglyph,,no
homebank.kz,xn--homeba-1t7b691j.kz,homoglyph,,no
homebank.kz,xn--homeba-1wa0501d.kz,homoglyph,,no
homebank.kz,xn--homeba-1wa28c.kz,homoglyph,,no
homebank.kz,xn--homeba-1wa4301d.kz,homoglyph,,no
homebank.kz,xn--homeba-1wa47c.kz,homoglyph,,no
homebank.kz,xn--homeba-1wa6410g.kz,homoglyph,,no
homebank.kz,xn--homeba-1wa6668c.kz,homoglyph,,no
homebank.kz,xn--homeba-1wa89q.kz,homoglyph,,no
homebank.kz,xn--homeba-8bb1460d.kz,homoglyph,,no
homebank.kz,xn--homeba-8bb1k.kz,homoglyph,,no
homebank.kz,xn--homeba-8bb39715a.kz,homoglyph,,no
homebank.kz,xn--homeba-8bb5260d.kz,homoglyph,,no
homebank.kz,xn--homeba-8bb5i.kz,homoglyph,,no
homebank.kz,xn--homeba-8bb5m.kz,homoglyph,,no
homebank.kz,xn--homeba-8bb75m.kz,homoglyph,,no
homebank.kz,xn--homeba-8bb9060d.kz,homoglyph,,no
homebank.kz,xn--homeba-8bb9g.kz,homoglyph,,no
homebank.kz,xn--homeba-gfb0549f.kz,homoglyph,,no
homebank.kz,xn--homeba-gfb0797c.kz,homoglyph,,no
homebank.kz,xn--homeba-gfb20k.kz,homoglyph,,no
homebank.kz,xn--homeba-gfb4530d.kz,homoglyph,,no
homebank.kz,xn--homeba-gfb8330d.kz,homoglyph,,no
homebank.kz,xn--homeba-gq7b5438i.kz,homoglyph,,no
homebank.kz,xn--homeba-gq7b5e.kz,homoglyph,,no
homebank.kz,xn--homeba-gq7bpg.kz,homoglyph,,no
homebank.kz,xn--homeba-gq7bxf.kz,homoglyph,,no
homebank.kz,xn--homeba-gu7bq91j.kz,homoglyph,,no
homebank.kz,xn--homeba-ncc1k.kz,homoglyph,,no
homebank.kz,xn--homeba-ncc3919c.kz,homoglyph,,no
homebank.kz,xn--homeba-ncc5229c.kz,homoglyph,,no
homebank.kz,xn--homeba-ncc77305a.kz,homoglyph,,no
homebank.kz,xn--homeba-ncc9029c.kz,homoglyph,,no
homebank.kz,xn--homeba-neb0730d.kz,homoglyph,,no
homebank.kz,xn--homeba-neb2008c.kz,homoglyph,,no
homebank.kz,xn--homeba-neb2849f.kz,homoglyph,,no
homebank.kz,xn--homeba-neb43k.kz,homoglyph,,no
homebank.kz,xn--homeba-neb6830d.kz,homoglyph,,no
homebank.kz,xn--homeba-nt7by02j.kz,homoglyph,,no
homebank.kz,xn--homeba-u05b58h.kz,homoglyph,,no
homebank.kz,xn--homeba-u05bp439i.kz,homoglyph,,no
homebank.kz,xn--homeba-u05bp8h.kz,homoglyph,,no
homebank.kz,xn--homeba-u05bx9h.kz,homoglyph,,no
homebank.kz,xn--homeba-ufc2298c.kz,homoglyph,,no
homebank.kz,xn--homeba-ufc4308f.kz,homoglyph,,no
homebank.kz,xn--homeba-ufc4556c.kz,homoglyph,,no
homebank.kz,xn--homeba-ufc8398c.kz,homoglyph,,no
homebank.kz,xn--homeba-ui8d9454g.kz,homoglyph,,no
homebank.kz,xn--homebak-0ld.kz,homoglyph,,no
homebank.kz,xn--homebak-0z3c.kz,homoglyph,,no
homebank.kz,xn--homebak-1id.kz,homoglyph,,no
homebank.kz,xn--homebak-1ob.kz,homoglyph,,no
homebank.kz,xn--homebak-2z1c.kz,homoglyph,,no
homebank.kz,xn--homebak-3vc.kz,homoglyph,,no
homebank.kz,xn--homebak-4nb.kz,homoglyph,,no
homebank.kz,xn--homebak-5kb.kz,homoglyph,,no
homebank.kz,xn--homebak-7k3z.kz,homoglyph,,no
homebank.kz,xn--homebak-8jb.kz,homoglyph,,no
homebank.kz,xn--homebak-9za.kz,homoglyph,,no
homebank.kz,xn--homebak-b23c.kz,homoglyph,,no
homebank.kz,xn--homebak-c73c.kz,homoglyph,,no
homebank.kz,xn--homebak-e13c.kz,homoglyph,,no
homebank.kz,xn--homebak-f63c.kz,homoglyph,,no
homebank.kz,xn--homebak-h03c.kz,homoglyph,,no
homebank.kz,xn--homebak-hmd.kz,homoglyph,,no
homebank.kz,xn--homebak-kld.kz,homoglyph,,no
homebank.kz,xn--homebak-kwc.kz,homoglyph,,no
homebank.kz,xn--homebak-lob.kz,homoglyph,,no
homebank.kz,xn--homebak-mqc.kz,homoglyph,,no
homebank.kz,xn--homebak-pkb.kz,homoglyph,,no
homebank.kz,xn--homebak-sld.kz,homoglyph,,no
homebank.kz,xn--homebak-t9c.kz,homoglyph,,no
homebank.kz,xn--homebak-u13c.kz,homoglyph,,no
homebank.kz,xn--homebak-ulb.kz,homoglyph,,no
homebank.kz,xn--homebak-x03c.kz,homoglyph,,no
homebank.kz,xn--homebak-y53c.kz,homoglyph,,no
homebank.kz,xn--homebalc-489c.kz,homoglyph,,no
homebank.kz,xn--homebalc-599c.kz,homoglyph,,no
homebank.kz,xn--homebalc-6h82a.kz,homoglyph,,no
homebank.kz,xn--homebalc-dqb.kz,homoglyph,,no
homebank.kz,xn--homebalc-e1c.kz,homoglyph,,no
homebank.kz,xn--homebalc-i3a.kz,homoglyph,,no
homebank.kz,xn--homebalc-n99c.kz,homoglyph,,no
homebank.kz,xn--homebalc-nrb.kz,homoglyph,,no
homebank.kz,xn--homebalc-upb.kz,homoglyph,,no
homebank.kz,xn--homebalc-vqb.kz,homoglyph,,no
homebank.kz,xn--homebam-2o7e.kz,homoglyph,,no
homebank.kz,xn--homebam-bhb.kz,homoglyph,,no
homebank.kz,xn--homebam-bx3c.kz,homoglyph,,no
homebank.kz,xn--homebam-jhb.kz,homoglyph,,no
homebank.kz,xn--homebam-nz1c.kz,homoglyph,,no
homebank.kz,xn--homebam-rx3c.kz,homoglyph,,no
homebank.kz,xn--homebam-zmc.kz,homoglyph,,no
homebank.kz,xn--homeban-2o7e.kz,homoglyph,,no
homebank.kz,xn--homeban-bhb.kz,homoglyph,,no
homebank.kz,xn--homeban-bx3c.kz,homoglyph,,no
homebank.kz,xn--homeban-jhb.kz,homoglyph,,no
homebank.kz,xn--homeban-nz1c.kz,homoglyph,,no
homebank.kz,xn--homeban-rx3c.kz,homoglyph,,no
homebank.kz,xn--homeban-zmc.kz,homoglyph,,no
homebank.kz,xn--homebanc-bnb.kz,homoglyph,,no
homebank.kz,xn--homebanc-cob.kz,homoglyph,,no
homebank.kz,xn--homebanc-dpb.kz,homoglyph,,no
homebank.kz,xn--homebanc-qvd.kz,homoglyph,,no
homebank.kz,xn--homebanc-tnb.kz,homoglyph,,no
homebank.kz,xn--homebank-3mb.kz,homoglyph,,no
homebank.kz,xn--homebank-4nb.kz,homoglyph,,no
homebank.kz,xn--homebank-5ob.kz,homoglyph,,no
homebank.kz,xn--homebank-7mb.kz,homoglyph,,no
homebank.kz,xn--homebank-8nb.kz,homoglyph,,no
homebank.kz,xn--homebank-9ob.kz,homoglyph,,no
homebank.kz,xn--homebank-jvd.kz,homoglyph,,no
homebank.kz,xn--homebank-mnb.kz,homoglyph,,no
homebank.kz,xn--homebank-nvd.kz,homoglyph,,no
homebank.kz,xn--homebank-qnb.kz,homoglyph,,no
homebank.kz,xn--homebanl-78a.kz,homoglyph,,no
homebank.kz,xn--homebanl-89a.kz,homoglyph,,no
homebank.kz,xn--homebanl-e7b.kz,homoglyph,,no
homebank.kz,xn--homebanl-nw7c.kz,homoglyph,,no
homebank.kz,xn--homebanl-q9a.kz,homoglyph,,no
homebank.kz,xn--homebanl-rbb.kz,homoglyph,,no
homebank.kz,xn--homebanl-z0a.kz,homoglyph,,no
homebank.kz,xn--homebar-2o7e.kz,homoglyph,,no
homebank.kz,xn--homebar-bhb.kz,homoglyph,,no
homebank.kz,xn--homebar-bx3c.kz,homoglyph,,no
homebank.kz,xn--homebar-jhb.kz,homoglyph,,no
homebank.kz,xn--homebar-nz1c.kz,homoglyph,,no
homebank.kz,xn--homebar-rx3c.kz,homoglyph,,no
homebank.kz,xn--homebar-zmc.kz,homoglyph,,no
homebank.kz,xn--homebk-00a0501d.kz,homoglyph,,no
homebank.kz,xn--homebk-00a05c.kz,homoglyph,,no
homebank.kz,xn--homebk-00a20225a.kz,homoglyph,,no
homebank.kz,xn--homebk-00a4301d.kz,homoglyph,,no
homebank.kz,xn--homebk-00a43c.kz,homoglyph,,no
homebank.kz,xn--homebk-00a47c.kz,homoglyph,,no
homebank.kz,xn--homebk-00a66q.kz,homoglyph,,no
homebank.kz,xn--homebk-00a8101d.kz,homoglyph,,no
homebank.kz,xn--homebk-00a81c.kz,homoglyph,,no
homebank.kz,xn--homebk-0c8bx133i.kz,homoglyph,,no
homebank.kz,xn--homebk-0eb10i.kz,homoglyph,,no
homebank.kz,xn--homebk-0eb31p.kz,homoglyph,,no
homebank.kz,xn--homebk-0eb31t.kz,homoglyph,,no
homebank.kz,xn--homebk-0eb3321d.kz,homoglyph,,no
homebank.kz,xn--homebk-0eb94s.kz,homoglyph,,no
homebank.kz,xn--homebk-0fb16h.kz,homoglyph,,no
homebank.kz,xn--homebk-0fb37o.kz,homoglyph,,no
homebank.kz,xn--homebk-0fb37s.kz,homoglyph,,no
homebank.kz,xn--homebk-0fb3911d.kz,homoglyph,,no
homebank.kz,xn--homebk-0fb90s.kz,homoglyph,,no
homebank.kz,xn--homebk-0oc0378c.kz,homoglyph,,no
homebank.kz,xn--homebk-0oc28894a.kz,homoglyph,,no
homebank.kz,xn--homebk-0oc4178c.kz,homoglyph,,no
homebank.kz,xn--homebk-0oc8968c.kz,homoglyph,,no
homebank.kz,xn--homebk-0t7bx3a.kz,homoglyph,,no
homebank.kz,xn--homebk-0ta0331d.kz,homoglyph,,no
homebank.kz,xn--homebk-0ta03f.kz,homoglyph,,no
homebank.kz,xn--homebk-0ta28425a.kz,homoglyph,,no
homebank.kz,xn--homebk-0ta4131d.kz,homoglyph,,no
homebank.kz,xn--homebk-0ta41f.kz,homoglyph,,no
homebank.kz,xn--homebk-0ta45f.kz,homoglyph,,no
homebank.kz,xn--homebk-0ta4j.kz,homoglyph,,no
homebank.kz,xn--homebk-0ta64t.kz,homoglyph,,no
homebank.kz,xn--homebk-0ta8921d.kz,homoglyph,,no
homebank.kz,xn--homebk-0ta89e.kz,homoglyph,,no
homebank.kz,xn--homebk-0wa18o.kz,homoglyph,,no
homebank.kz,xn--homebk-0wa1k.kz,homoglyph,,no
homebank.kz,xn--homebk-0wa3191d.kz,homoglyph,,no
homebank.kz,xn--homebk-0wa39v.kz,homoglyph,,no
homebank.kz,xn--homebk-0wa39z.kz,homoglyph,,no
homebank.kz,xn--homebk-0wa3n.kz,homoglyph,,no
homebank.kz,xn--homebk-0wa7l.kz,homoglyph,,no
homebank.kz,xn--homebk-0wa92z.kz,homoglyph,,no
homebank.kz,xn--homebk-0yc0338c.kz,homoglyph,,no
homebank.kz,xn--homebk-0yc28494a.kz,homoglyph,,no
homebank.kz,xn--homebk-0yc4138c.kz,homoglyph,,no
homebank.kz,xn--homebk-0yc8928c.kz,homoglyph,,no
homebank.kz,xn--homebk-75b0149c.kz,homoglyph,,no
homebank.kz,xn--homebk-75b2449c.kz,homoglyph,,no
homebank.kz,xn--homebk-75b49505a.kz,homoglyph,,no
homebank.kz,xn--homebk-75b6249c.kz,homoglyph,,no
homebank.kz,xn--homebk-75b85a.kz,homoglyph,,no
homebank.kz,xn--homebk-7ta0921d.kz,homoglyph,,no
homebank.kz,xn--homebk-7ta09e.kz,homoglyph,,no
homebank.kz,xn--homebk-7ta2231d.kz,homoglyph,,no
homebank.kz,xn--homebk-7ta22f.kz,homoglyph,,no
homebank.kz,xn--homebk-7ta47425a.kz,homoglyph,,no
homebank.kz,xn--homebk-7ta6031d.kz,homoglyph,,no
homebank.kz,xn--homebk-7ta60f.kz,homoglyph,,no
homebank.kz,xn--homebk-7ta64f.kz,homoglyph,,no
homebank.kz,xn--homebk-7ta6i.kz,homoglyph,,no
homebank.kz,xn--homebk-7ta83t.kz,homoglyph,,no
homebank.kz,xn--homebk-7za0501d.kz,homoglyph,,no
homebank.kz,xn--homebk-7za05c.kz,homoglyph,,no
homebank.kz,xn--homebk-7za2801d.kz,homoglyph,,no
homebank.kz,xn--homebk-7za28c.kz,homoglyph,,no
homebank.kz,xn--homebk-7za43225a.kz,homoglyph,,no
homebank.kz,xn--homebk-7za60d.kz,homoglyph,,no
homebank.kz,xn--homebk-7za6601d.kz,homoglyph,,no
homebank.kz,xn--homebk-7za66c.kz,homoglyph,,no
homebank.kz,xn--homebk-7za89q.kz,homoglyph,,no
homebank.kz,xn--homebk-ffb33s.kz,homoglyph,,no
homebank.kz,xn--homebk-ffb58h.kz,homoglyph,,no
homebank.kz,xn--homebk-ffb7121d.kz,homoglyph,,no
homebank.kz,xn--homebk-ffb79o.kz,homoglyph,,no
homebank.kz,xn--homebk-ffb79s.kz,homoglyph,,no
homebank.kz,xn--homebk-fu7b52a.kz,homoglyph,,no
homebank.kz,xn--homebk-fua03t.kz,homoglyph,,no
homebank.kz,xn--homebk-fua2821d.kz,homoglyph,,no
homebank.kz,xn--homebk-fua28e.kz,homoglyph,,no
homebank.kz,xn--homebk-fua4131d.kz,homoglyph,,no
homebank.kz,xn--homebk-fua41f.kz,homoglyph,,no
homebank.kz,xn--homebk-fua66425a.kz,homoglyph,,no
homebank.kz,xn--homebk-fua83f.kz,homoglyph,,no
homebank.kz,xn--homebk-fua8921d.kz,homoglyph,,no
homebank.kz,xn--homebk-fua89e.kz,homoglyph,,no
homebank.kz,xn--homebk-fua8h.kz,homoglyph,,no
homebank.kz,xn--homebk-fxc2638c.kz,homoglyph,,no
homebank.kz,xn--homebk-fxc4938c.kz,homoglyph,,no
homebank.kz,xn--homebk-fxc64594a.kz,homoglyph,,no
homebank.kz,xn--homebk-fxc8738c.kz,homoglyph,,no
homebank.kz,xn--homebk-m0a0501d.kz,homoglyph,,no
homebank.kz,xn--homebk-m0a05c.kz,homoglyph,,no
homebank.kz,xn--homebk-m0a09c.kz,homoglyph,,no
homebank.kz,xn--homebk-m0a28q.kz,homoglyph,,no
homebank.kz,xn--homebk-m0a4301d.kz,homoglyph,,no
homebank.kz,xn--homebk-m0a43c.kz,homoglyph,,no
homebank.kz,xn--homebk-m0a6601d.kz,homoglyph,,no
homebank.kz,xn--homebk-m0a66c.kz,homoglyph,,no
homebank.kz,xn--homebk-m0a81225a.kz,homoglyph,,no
homebank.kz,xn--homebk-meb56s.kz,homoglyph,,no
homebank.kz,xn--homebk-meb71i.kz,homoglyph,,no
homebank.kz,xn--homebk-meb92p.kz,homoglyph,,no
homebank.kz,xn--homebk-meb92t.kz,homoglyph,,no
homebank.kz,xn--homebk-meb9421d.kz,homoglyph,,no
homebank.kz,xn--homebk-mt7bp4a.kz,homoglyph,,no
homebank.kz,xn--homebk-mta0331d.kz,homoglyph,,no
homebank.kz,xn--homebk-mta03f.kz,homoglyph,,no
homebank.kz,xn--homebk-mta07f.kz,homoglyph,,no
homebank.kz,xn--homebk-mta0l.kz,homoglyph,,no
homebank.kz,xn--homebk-mta26t.kz,homoglyph,,no
homebank.kz,xn--homebk-mta4131d.kz,homoglyph,,no
homebank.kz,xn--homebk-mta41f.kz,homoglyph,,no
homebank.kz,xn--homebk-mta6431d.kz,homoglyph,,no
homebank.kz,xn--homebk-mta64f.kz,homoglyph,,no
homebank.kz,xn--homebk-mta89425a.kz,homoglyph,,no
homebank.kz,xn--homebk-mua03f.kz,homoglyph,,no
homebank.kz,xn--homebk-mua0921d.kz,homoglyph,,no
homebank.kz,xn--homebk-mua09e.kz,homoglyph,,no
homebank.kz,xn--homebk-mua0h.kz,homoglyph,,no
homebank.kz,xn--homebk-mua22t.kz,homoglyph,,no
homebank.kz,xn--homebk-mua4721d.kz,homoglyph,,no
homebank.kz,xn--homebk-mua47e.kz,homoglyph,,no
homebank.kz,xn--homebk-mua6031d.kz,homoglyph,,no
homebank.kz,xn--homebk-mua60f.kz,homoglyph,,no
homebank.kz,xn--homebk-mua85425a.kz,homoglyph,,no
homebank.kz,xn--homebk-tfc1089c.kz,homoglyph,,no
homebank.kz,xn--homebk-tfc18a.kz,homoglyph,,no
homebank.kz,xn--homebk-tfc18e.kz,homoglyph,,no
homebank.kz,xn--homebk-tfc71e.kz,homoglyph,,no
homebank.kz,xn--homebk-tta09425a.kz,homoglyph,,no
homebank.kz,xn--homebk-tta2231d.kz,homoglyph,,no
homebank.kz,xn--homebk-tta22f.kz,homoglyph,,no
homebank.kz,xn--homebk-tta26f.kz,homoglyph,,no
homebank.kz,xn--homebk-tta2k.kz,homoglyph,,no
homebank.kz,xn--homebk-tta45t.kz,homoglyph,,no
homebank.kz,xn--homebk-tta6031d.kz,homoglyph,,no
homebank.kz,xn--homebk-tta60f.kz,homoglyph,,no
homebank.kz,xn--homebk-tta8331d.kz,homoglyph,,no
homebank.kz,xn--homebk-tta83f.kz,homoglyph,,no
homebank.kz,xn--homebmk-1wa.kz,homoglyph,,no
homebank.kz,xn--homebmk-30c.kz,homoglyph,,no
homebank.kz,xn--homebmk-9wa.kz,homoglyph,,no
homebank.kz,xn--homebmk-d4a.kz,homoglyph,,no
homebank.kz,xn--homebmk-dwa.kz,homoglyph,,no
homebank.kz,xn--homebmk-en4c.kz,homoglyph,,no
homebank.kz,xn--homebmk-ixa.kz,homoglyph,,no
homebank.kz,xn--homebmk-jdd.kz,homoglyph,,no
homebank.kz,xn--homebmk-lwa.kz,homoglyph,,no
homebank.kz,xn--homebmk-pbd.kz,homoglyph,,no
homebank.kz,xn--homebmk-rgc.kz,homoglyph,,no
homebank.kz,xn--homebmk-t4a.kz,homoglyph,,no
homebank.kz,xn--homebmk-twa.kz,homoglyph,,no
homebank.kz,xn--homebmk-w3a.kz,homoglyph,,no
homebank.kz,xn--homebn-00a1980d.kz,homoglyph,,no
homebank.kz,xn--homebn-00a32b.kz,homoglyph,,no
homebank.kz,xn--homebn-00a51b.kz,homoglyph,,no
homebank.kz,xn--homebn-00a5780d.kz,homoglyph,,no
homebank.kz,xn--homebn-00a7058c.kz,homoglyph,,no
homebank.kz,xn--homebn-00a7899f.kz,homoglyph,,no
homebank.kz,xn--homebn-00a93p.kz,homoglyph,,no
homebank.kz,xn--homebn-0c8b724i.kz,homoglyph,,no
homebank.kz,xn--homebn-0oc1758c.kz,homoglyph,,no
homebank.kz,xn--homebn-0oc5558c.kz,homoglyph,,no
homebank.kz,xn--homebn-0oc7667f.kz,homoglyph,,no
homebank.kz,xn--homebn-0oc7816c.kz,homoglyph,,no
homebank.kz,xn--homebn-0ta1711d.kz,homoglyph,,no
homebank.kz,xn--homebn-0ta30e.kz,homoglyph,,no
homebank.kz,xn--homebn-0ta5511d.kz,homoglyph,,no
homebank.kz,xn--homebn-0ta59d.kz,homoglyph,,no
homebank.kz,xn--homebn-0ta7620g.kz,homoglyph,,no
homebank.kz,xn--homebn-0ta7878c.kz,homoglyph,,no
homebank.kz,xn--homebn-0ta91s.kz,homoglyph,,no
homebank.kz,xn--homebn-0yc1718c.kz,homoglyph,,no
homebank.kz,xn--homebn-0yc5518c.kz,homoglyph,,no
homebank.kz,xn--homebn-0yc7627f.kz,homoglyph,,no
homebank.kz,xn--homebn-0yc7875c.kz,homoglyph,,no
homebank.kz,xn--homebn-1bb02j.kz,homoglyph,,no
homebank.kz,xn--homebn-1bb23q.kz,homoglyph,,no
homebank.kz,xn--homebn-1bb23u.kz,homoglyph,,no
homebank.kz,xn--homebn-1bb2531d.kz,homoglyph,,no
homebank.kz,xn--homebn-1bb86t.kz,homoglyph,,no
homebank.kz,xn--homebn-1p7bo0b.kz,homoglyph,,no
homebank.kz,xn--homebn-75b1t.kz,homoglyph,,no
homebank.kz,xn--homebn-75b3829c.kz,homoglyph,,no
homebank.kz,xn--homebn-75b7629c.kz,homoglyph,,no
homebank.kz,xn--homebn-75b9738f.kz,homoglyph,,no
homebank.kz,xn--homebn-75b9986c.kz,homoglyph,,no
homebank.kz,xn--homebn-7ta11s.kz,homoglyph,,no
homebank.kz,xn--homebn-7ta3611d.kz,homoglyph,,no
homebank.kz,xn--homebn-7ta59d.kz,homoglyph,,no
homebank.kz,xn--homebn-7ta7411d.kz,homoglyph,,no
homebank.kz,xn--homebn-7ta78d.kz,homoglyph,,no
homebank.kz,xn--homebn-7ta9520g.kz,homoglyph,,no
homebank.kz,xn--homebn-7ta9778c.kz,homoglyph,,no
homebank.kz,xn--homebn-7za17p.kz,homoglyph,,no
homebank.kz,xn--homebn-7za3290d.kz,homoglyph,,no
homebank.kz,xn--homebn-7za55b.kz,homoglyph,,no
homebank.kz,xn--homebn-7za7090d.kz,homoglyph,,no
homebank.kz,xn--homebn-7za74b.kz,homoglyph,,no
homebank.kz,xn--homebn-7za9100g.kz,homoglyph,,no
homebank.kz,xn--homebn-7za9358c.kz,homoglyph,,no
homebank.kz,xn--homebn-8bb06t.kz,homoglyph,,no
homebank.kz,xn--homebn-8bb21j.kz,homoglyph,,no
homebank.kz,xn--homebn-8bb42q.kz,homoglyph,,no
homebank.kz,xn--homebn-8bb42u.kz,homoglyph,,no
homebank.kz,xn--homebn-8bb4431d.kz,homoglyph,,no
homebank.kz,xn--homebn-fua1520g.kz,homoglyph,,no
homebank.kz,xn--homebn-fua1778c.kz,homoglyph,,no
homebank.kz,xn--homebn-fua30s.kz,homoglyph,,no
homebank.kz,xn--homebn-fua5511d.kz,homoglyph,,no
homebank.kz,xn--homebn-fua78d.kz,homoglyph,,no
homebank.kz,xn--homebn-fua9311d.kz,homoglyph,,no
homebank.kz,xn--homebn-fua97d.kz,homoglyph,,no
homebank.kz,xn--homebn-fxc1337f.kz,homoglyph,,no
homebank.kz,xn--homebn-fxc1585c.kz,homoglyph,,no
homebank.kz,xn--homebn-fxc5328c.kz,homoglyph,,no
homebank.kz,xn--homebn-fxc9128c.kz,homoglyph,,no
homebank.kz,xn--homebn-gq7bw9a.kz,homoglyph,,no
homebank.kz,xn--homebn-m0a13b.kz,homoglyph,,no
homebank.kz,xn--homebn-m0a1980d.kz,homoglyph,,no
homebank.kz,xn--homebn-m0a3000g.kz,homoglyph,,no
homebank.kz,xn--homebn-m0a3258c.kz,homoglyph,,no
homebank.kz,xn--homebn-m0a55p.kz,homoglyph,,no
homebank.kz,xn--homebn-m0a7090d.kz,homoglyph,,no
homebank.kz,xn--homebn-m0a93b.kz,homoglyph,,no
homebank.kz,xn--homebn-mta11e.kz,homoglyph,,no
homebank.kz,xn--homebn-mta1711d.kz,homoglyph,,no
homebank.kz,xn--homebn-mta3088c.kz,homoglyph,,no
homebank.kz,xn--homebn-mta3820g.kz,homoglyph,,no
homebank.kz,xn--homebn-mta53s.kz,homoglyph,,no
homebank.kz,xn--homebn-mta7811d.kz,homoglyph,,no
homebank.kz,xn--homebn-mta91e.kz,homoglyph,,no
homebank.kz,xn--homebn-mua1311d.kz,homoglyph,,no
homebank.kz,xn--homebn-mua17d.kz,homoglyph,,no
homebank.kz,xn--homebn-mua3420g.kz,homoglyph,,no
homebank.kz,xn--homebn-mua3678c.kz,homoglyph,,no
homebank.kz,xn--homebn-mua59r.kz,homoglyph,,no
homebank.kz,xn--homebn-mua7411d.kz,homoglyph,,no
homebank.kz,xn--homebn-mua97d.kz,homoglyph,,no
homebank.kz,xn--homebn-ncc44f.kz,homoglyph,,no
homebank.kz,xn--homebn-ncc80c.kz,homoglyph,,no
homebank.kz,xn--homebn-ncc80g.kz,homoglyph,,no
homebank.kz,xn--homebn-ncc8299c.kz,homoglyph,,no
homebank.kz,xn--homebn-tta11e.kz,homoglyph,,no
homebank.kz,xn--homebn-tta30e.kz,homoglyph,,no
homebank.kz,xn--homebn-tta3611d.kz,homoglyph,,no
homebank.kz,xn--homebn-tta5720g.kz,homoglyph,,no
homebank.kz,xn--homebn-tta5978c.kz,homoglyph,,no
homebank.kz,xn--homebn-tta72s.kz,homoglyph,,no
homebank.kz,xn--homebn-tta9711d.kz,homoglyph,,no
homebank.kz,xn--homebn-u05b48k.kz,homoglyph,,no
homebank.kz,xn--homebnk-1wa.kz,homoglyph,,no
homebank.kz,xn--homebnk-30c.kz,homoglyph,,no
homebank.kz,xn--homebnk-9wa.kz,homoglyph,,no
homebank.kz,xn--homebnk-d4a.kz,homoglyph,,no
homebank.kz,xn--homebnk-dwa.kz,homoglyph,,no
homebank.kz,xn--homebnk-en4c.kz,homoglyph,,no
homebank.kz,xn--homebnk-ixa.kz,homoglyph,,no
homebank.kz,xn--homebnk-jdd.kz,homoglyph,,no
homebank.kz,xn--homebnk-lwa.kz,homoglyph,,no
homebank.kz,xn--homebnk-pbd.kz,homoglyph,,no
homebank.kz,xn--homebnk-rgc.kz,homoglyph,,no
homebank.kz,xn--homebnk-t4a.kz,homoglyph,,no
homebank.kz,xn--homebnk-twa.kz,homoglyph,,no
homebank.kz,xn--homebnk-w3a.kz,homoglyph,,no
homebank.kz,xn--homebnlc-1qd.kz,homoglyph,,no
homebank.kz,xn--homebnlc-37a.kz,homoglyph,,no
homebank.kz,xn--homebnlc-3ya.kz,homoglyph,,no
homebank.kz,xn--homebnlc-4za.kz,homoglyph,,no
homebank.kz,xn--homebnlc-6dd.kz,homoglyph,,no
homebank.kz,xn--homebnlc-bqc.kz,homoglyph,,no
homebank.kz,xn--homebnlc-dza.kz,homoglyph,,no
homebank.kz,xn--homebnlc-e0a.kz,homoglyph,,no
homebank.kz,xn--homebnlc-l7a.kz,homoglyph,,no
homebank.kz,xn--homebnlc-m8a.kz,homoglyph,,no
homebank.kz,xn--homebnlc-mza.kz,homoglyph,,no
homebank.kz,xn--homebnlc-rx0d.kz,homoglyph,,no
homebank.kz,xn--homebnlc-vza.kz,homoglyph,,no
homebank.kz,xn--homebnlc-zod.kz,homoglyph,,no
homebank.kz,xn--homebrk-1wa.kz,homoglyph,,no
homebank.kz,xn--homebrk-30c.kz,homoglyph,,no
homebank.kz,xn--homebrk-9wa.kz,homoglyph,,no
homebank.kz,xn--homebrk-d4a.kz,homoglyph,,no
homebank.kz,xn--homebrk-dwa.kz,homoglyph,,no
homebank.kz,xn--homebrk-en4c.kz,homoglyph,,no
homebank.kz,xn--homebrk-ixa.kz,homoglyph,,no
homebank.kz,xn--homebrk-jdd.kz,homoglyph,,no
homebank.kz,xn--homebrk-lwa.kz,homoglyph,,no
homebank.kz,xn--homebrk-pbd.kz,homoglyph,,no
homebank.kz,xn--homebrk-rgc.kz,homoglyph,,no
homebank.kz,xn--homebrk-t4a.kz,homoglyph,,no
homebank.kz,xn--homebrk-twa.kz,homoglyph,,no
homebank.kz,xn--homebrk-w3a.kz,homoglyph,,no
homebank.kz,xn--homedak-5kb.kz,homoglyph,,no
homebank.kz,xn--homedak-7k3z.kz,homoglyph,,no
homebank.kz,xn--homedak-8jb.kz,homoglyph,,no
homebank.kz,xn--homedak-9za.kz,homoglyph,,no
homebank.kz,xn--homedak-b23c.kz,homoglyph,,no
homebank.kz,xn--homedak-e13c.kz,homoglyph,,no
homebank.kz,xn--homedak-mqc.kz,homoglyph,,no
homebank.kz,xn--homedak-pkb.kz,homoglyph,,no
homebank.kz,xn--homedak-u13c.kz,homoglyph,,no
homebank.kz,xn--homedak-ulb.kz,homoglyph,,no
homebank.kz,xn--homedan-2o7e.kz,homoglyph,,no
homebank.kz,xn--homedan-bhb.kz,homoglyph,,no
homebank.kz,xn--homedan-bx3c.kz,homoglyph,,no
homebank.kz,xn--homedan-jhb.kz,homoglyph,,no
homebank.kz,xn--homedan-nz1c.kz,homoglyph,,no
homebank.kz,xn--homedan-rx3c.kz,homoglyph,,no
homebank.kz,xn--homedan-zmc.kz,homoglyph,,no
homebank.kz,xn--homednk-1wa.kz,homoglyph,,no
homebank.kz,xn--homednk-30c.kz,homoglyph,,no
homebank.kz,xn--homednk-9wa.kz,homoglyph,,no
homebank.kz,xn--homednk-d4a.kz,homoglyph,,no
homebank.kz,xn--homednk-dwa.kz,homoglyph,,no
homebank.kz,xn--homednk-en4c.kz,homoglyph,,no
homebank.kz,xn--homednk-ixa.kz,homoglyph,,no
homebank.kz,xn--homednk-jdd.kz,homoglyph,,no
homebank.kz,xn--homednk-lwa.kz,homoglyph,,no
homebank.kz,xn--homednk-pbd.kz,homoglyph,,no
homebank.kz,xn--homednk-rgc.kz,homoglyph,,no
homebank.kz,xn--homednk-t4a.kz,homoglyph,,no
homebank.kz,xn--homednk-twa.kz,homoglyph,,no
homebank.kz,xn--homednk-w3a.kz,homoglyph,,no
homebank.kz,xn--homelank-4r9c.kz,homoglyph,,no
homebank.kz,xn--homelank-5s9c.kz,homoglyph,,no
homebank.kz,xn--homelank-i7d.kz,homoglyph,,no
homebank.kz,xn--homelank-ipd.kz,homoglyph,,no
homebank.kz,xn--homelank-j6b.kz,homoglyph,,no
homebank.kz,xn--homelank-ns9c.kz,homoglyph,,no
homebank.kz,xn--homelbak-589c.kz,homoglyph,,no
homebank.kz,xn--homelbak-699c.kz,homoglyph,,no
homebank.kz,xn--homelbak-7h82a.kz,homoglyph,,no
homebank.kz,xn--homelbak-eqb.kz,homoglyph,,no
homebank.kz,xn--homelbak-f1c.kz,homoglyph,,no
homebank.kz,xn--homelbak-j3a.kz,homoglyph,,no
homebank.kz,xn--homelbak-o99c.kz,homoglyph,,no
homebank.kz,xn--homelbak-orb.kz,homoglyph,,no
homebank.kz,xn--homelbak-vpb.kz,homoglyph,,no
homebank.kz,xn--homelbak-wqb.kz,homoglyph,,no
homebank.kz,xn--homelban-249c.kz,homoglyph,,no
homebank.kz,xn--homelban-bv6f.kz,homoglyph,,no
homebank.kz,xn--homelban-cxc.kz,homoglyph,,no
homebank.kz,xn--homelban-gy7c.kz,homoglyph,,no
homebank.kz,xn--homelban-k49c.kz,homoglyph,,no
homebank.kz,xn--homelban-kmb.kz,homoglyph,,no
homebank.kz,xn--homelban-tmb.kz,homoglyph,,no
homebank.kz,xn--homelbnk-0od.kz,homoglyph,,no
homebank.kz,xn--homelbnk-2qd.kz,homoglyph,,no
homebank.kz,xn--homelbnk-47a.kz,homoglyph,,no
homebank.kz,xn--homelbnk-4ya.kz,homoglyph,,no
homebank.kz,xn--homelbnk-5za.kz,homoglyph,,no
homebank.kz,xn--homelbnk-7dd.kz,homoglyph,,no
homebank.kz,xn--homelbnk-cqc.kz,homoglyph,,no
homebank.kz,xn--homelbnk-eza.kz,homoglyph,,no
homebank.kz,xn--homelbnk-f0a.kz,homoglyph,,no
homebank.kz,xn--homelbnk-m7a.kz,homoglyph,,no
homebank.kz,xn--homelbnk-n8a.kz,homoglyph,,no
homebank.kz,xn--homelbnk-nza.kz,homoglyph,,no
homebank.kz,xn--homelbnk-sx0d.kz,homoglyph,,no
homebank.kz,xn--homelbnk-wza.kz,homoglyph,,no
homebank.kz,xn--homenk-65b1888c.kz,homoglyph,,no
homebank.kz,xn--homenk-65b3198c.kz,homoglyph,,no
homebank.kz,xn--homenk-65b73n.kz,homoglyph,,no
homebank.kz,xn--homenk-65b77h.kz,homoglyph,,no
homebank.kz,xn--homenk-65b7988c.kz,homoglyph,,no
homebank.kz,xn--homenk-6g7b64c.kz,homoglyph,,no
homebank.kz,xn--homenk-6ta1670d.kz,homoglyph,,no
homebank.kz,xn--homenk-6ta3970d.kz,homoglyph,,no
homebank.kz,xn--homenk-6ta716a.kz,homoglyph,,no
homebank.kz,xn--homenk-6ta750a.kz,homoglyph,,no
homebank.kz,xn--homenk-6ta7770d.kz,homoglyph,,no
homebank.kz,xn--homenk-6ta90k.kz,homoglyph,,no
homebank.kz,xn--homenk-6za1250d.kz,homoglyph,,no
homebank.kz,xn--homenk-6za3550d.kz,homoglyph,,no
homebank.kz,xn--homenk-6za71y.kz,homoglyph,,no
homebank.kz,xn--homenk-6za7350d.kz,homoglyph,,no
homebank.kz,xn--homenk-6za773a.kz,homoglyph,,no
homebank.kz,xn--homenk-6za96h.kz,homoglyph,,no
homebank.kz,xn--homenk-eg7bq6c.kz,homoglyph,,no
homebank.kz,xn--homenk-eua10k.kz,homoglyph,,no
homebank.kz,xn--homenk-eua3570d.kz,homoglyph,,no
homebank.kz,xn--homenk-eua5870d.kz,homoglyph,,no
homebank.kz,xn--homenk-eua906a.kz,homoglyph,,no
homebank.kz,xn--homenk-eua940a.kz,homoglyph,,no
homebank.kz,xn--homenk-eua9670d.kz,homoglyph,,no
homebank.kz,xn--homenk-exc3387c.kz,homoglyph,,no
homebank.kz,xn--homenk-exc5687c.kz,homoglyph,,no
homebank.kz,xn--homenk-exc9487c.kz,homoglyph,,no
homebank.kz,xn--homenk-exc98c.kz,homoglyph,,no
homebank.kz,xn--homenk-excp.kz,homoglyph,,no
homebank.kz,xn--homenk-l0a10y.kz,homoglyph,,no
homebank.kz,xn--homenk-l0a1250d.kz,homoglyph,,no
homebank.kz,xn--homenk-l0a163a.kz,homoglyph,,no
homebank.kz,xn--homenk-l0a35h.kz,homoglyph,,no
homebank.kz,xn--homenk-l0a5050d.kz,homoglyph,,no
homebank.kz,xn--homenk-l0a7350d.kz,homoglyph,,no
homebank.kz,xn--homenk-lrb01k.kz,homoglyph,,no
homebank.kz,xn--homenk-lrb01o.kz,homoglyph,,no
homebank.kz,xn--homenk-lrb0370d.kz,homoglyph,,no
homebank.kz,xn--homenk-lrb64n.kz,homoglyph,,no
homebank.kz,xn--homenk-lrb89c.kz,homoglyph,,no
homebank.kz,xn--homenk-lta1080d.kz,homoglyph,,no
homebank.kz,xn--homenk-lta146a.kz,homoglyph,,no
homebank.kz,xn--homenk-lta180a.kz,homoglyph,,no
homebank.kz,xn--homenk-lta33k.kz,homoglyph,,no
homebank.kz,xn--homenk-lta5870d.kz,homoglyph,,no
homebank.kz,xn--homenk-lta7180d.kz,homoglyph,,no
homebank.kz,xn--homenk-lua106a.kz,homoglyph,,no
homebank.kz,xn--homenk-lua140a.kz,homoglyph,,no
homebank.kz,xn--homenk-lua1670d.kz,homoglyph,,no
homebank.kz,xn--homenk-lua39j.kz,homoglyph,,no
homebank.kz,xn--homenk-lua5470d.kz,homoglyph,,no
homebank.kz,xn--homenk-lua7770d.kz,homoglyph,,no
homebank.kz,xn--homenk-scd2258c.kz,homoglyph,,no
homebank.kz,xn--homenk-sg7by5c.kz,homoglyph,,no
homebank.kz,xn--homenk-sta336a.kz,homoglyph,,no
homebank.kz,xn--homenk-sta370a.kz,homoglyph,,no
homebank.kz,xn--homenk-sta3970d.kz,homoglyph,,no
homebank.kz,xn--homenk-sta52k.kz,homoglyph,,no
homebank.kz,xn--homenk-sta7770d.kz,homoglyph,,no
homebank.kz,xn--homenk-sta9080d.kz,homoglyph,,no
homebank.kz,xn--homenk-sxc2809c.kz,homoglyph,,no
homebank.kz,xn--homenk-sxc2c.kz,homoglyph,,no
homebank.kz,xn--homenk-z0a1250d.kz,homoglyph,,no
homebank.kz,xn--homenk-z0a5050d.kz,homoglyph,,no
homebank.kz,xn--homenk-z0a543a.kz,homoglyph,,no
homebank.kz,xn--homenk-z0a58x.kz,homoglyph,,no
homebank.kz,xn--homenk-z0a73h.kz,homoglyph,,no
homebank.kz,xn--homenk-z0a9840d.kz,homoglyph,,no
homebank.kz,xn--homenk-zoc1028c.kz,homoglyph,,no
homebank.kz,xn--homenk-zoc52g.kz,homoglyph,,no
homebank.kz,xn--homenk-zoc56a.kz,homoglyph,,no
homebank.kz,xn--homenk-zoc5818c.kz,homoglyph,,no
homebank.kz,xn--homenk-zoc9618c.kz,homoglyph,,no
homebank.kz,xn--homenk-zta1080d.kz,homoglyph,,no
homebank.kz,xn--homenk-zta526a.kz,homoglyph,,no
homebank.kz,xn--homenk-zta560a.kz,homoglyph,,no
homebank.kz,xn--homenk-zta5870d.kz,homoglyph,,no
homebank.kz,xn--homenk-zta71k.kz,homoglyph,,no
homebank.kz,xn--homenk-zta9670d.kz,homoglyph,,no
homebank.kz,xn--homenk-zyc1087c.kz,homoglyph,,no
homebank.kz,xn--homenk-zyc52c.kz,homoglyph,,no
homebank.kz,xn--homenk-zyc5877c.kz,homoglyph,,no
homebank.kz,xn--homenk-zyc9677c.kz,homoglyph,,no
homebank.kz,xn--homlbank-30a.kz,homoglyph,,no
homebank.kz,xn--homlbank-5cb.kz,homoglyph,,no
homebank.kz,xn--homlbank-6db.kz,homoglyph,,no
homebank.kz,xn--homlbank-7eb.kz,homoglyph,,no
homebank.kz,xn--homlbank-8x9c.kz,homoglyph,,no
homebank.kz,xn--homlbank-d1a.kz,homoglyph,,no
homebank.kz,xn--homlbank-dmd.kz,homoglyph,,no
homebank.kz,xn--homlbank-m1a.kz,homoglyph,,no
homebank.kz,xn--homlbank-ned.kz,homoglyph,,no
homebank.kz,xn--homlbank-odb.kz,homoglyph,,no
homebank.kz,xn--homlbank-peb.kz,homoglyph,,no
homebank.kz,xn--homlbank-v1a.kz,homoglyph,,no
homebank.kz,xn--homlbank-v30d.kz,homoglyph,,no
homebank.kz,xn--honbank-4xa.kz,homoglyph,,no
homebank.kz,xn--honbank-c9a.kz,homoglyph,,no
homebank.kz,xn--honbank-d8c.kz,homoglyph,,no
homebank.kz,xn--honbank-dya.kz,homoglyph,,no
homebank.kz,xn--honbank-f8a.kz,homoglyph,,no
homebank.kz,xn--honbank-i1c.kz,homoglyph,,no
homebank.kz,xn--honbank-lya.kz,homoglyph,,no
homebank.kz,xn--honbank-pr3c.kz,homoglyph,,no
homebank.kz,xn--honbank-s9a.kz,homoglyph,,no
homebank.kz,xn--honbank-ts4c.kz,homoglyph,,no
homebank.kz,xn--honbank-tya.kz,homoglyph,,no
homebank.kz,xn--honbank-v8a.kz,homoglyph,,no
homebank.kz,xn--honbank-y7a.kz,homoglyph,,no
homebank.kz,xn--honeank-1yb.kz,homoglyph,,no
homebank.kz,xn--honeank-4bd.kz,homoglyph,,no
homebank.kz,xn--honeank-4rd.kz,homoglyph,,no
homebank.kz,xn--honeank-5m3c.kz,homoglyph,,no
homebank.kz,xn--honeank-8l3c.kz,homoglyph,,no
homebank.kz,xn--honeank-pm3c.kz,homoglyph,,no
homebank.kz,xn--honebak-5kb.kz,homoglyph,,no
homebank.kz,xn--honebak-7k3z.kz,homoglyph,,no
homebank.kz,xn--honebak-8jb.kz,homoglyph,,no
homebank.kz,xn--honebak-9za.kz,homoglyph,,no
homebank.kz,xn--honebak-b23c.kz,homoglyph,,no
homebank.kz,xn--honebak-e13c.kz,homoglyph,,no
homebank.kz,xn--honebak-mqc.kz,homoglyph,,no
homebank.kz,xn--honebak-pkb.kz,homoglyph,,no
homebank.kz,xn--honebak-u13c.kz,homoglyph,,no
homebank.kz,xn--honebak-ulb.kz,homoglyph,,no
homebank.kz,xn--honeban-2o7e.kz,homoglyph,,no
homebank.kz,xn--honeban-bhb.kz,homoglyph,,no
homebank.kz,xn--honeban-bx3c.kz,homoglyph,,no
homebank.kz,xn--honeban-jhb.kz,homoglyph,,no
homebank.kz,xn--honeban-nz1c.kz,homoglyph,,no
homebank.kz,xn--honeban-rx3c.kz,homoglyph,,no
homebank.kz,xn--honeban-zmc.kz,homoglyph,,no
homebank.kz,xn--honebank-089c.kz,homoglyph,,no
homebank.kz,xn--honebank-189c.kz,homoglyph,,no
homebank.kz,xn--honebank-199c.kz,homoglyph,,no
homebank.kz,xn--honebank-299c.kz,homoglyph,,no
homebank.kz,xn--honebank-2h82a.kz,homoglyph,,no
homebank.kz,xn--honebank-3h82a.kz,homoglyph,,no
homebank.kz,xn--honebank-3tb.kz,homoglyph,,no
homebank.kz,xn--honebank-4ub.kz,homoglyph,,no
homebank.kz,xn--honebank-5e0d.kz,homoglyph,,no
homebank.kz,xn--honebank-7zd.kz,homoglyph,,no
homebank.kz,xn--honebank-8pb.kz,homoglyph,,no
homebank.kz,xn--honebank-90c.kz,homoglyph,,no
homebank.kz,xn--honebank-9pb.kz,homoglyph,,no
homebank.kz,xn--honebank-b1c.kz,homoglyph,,no
homebank.kz,xn--honebank-e3a.kz,homoglyph,,no
homebank.kz,xn--honebank-f3a.kz,homoglyph,,no
homebank.kz,xn--honebank-g7c.kz,homoglyph,,no
homebank.kz,xn--honebank-h0d.kz,homoglyph,,no
homebank.kz,xn--honebank-j99c.kz,homoglyph,,no
homebank.kz,xn--honebank-jrb.kz,homoglyph,,no
homebank.kz,xn--honebank-k99c.kz,homoglyph,,no
homebank.kz,xn--honebank-krb.kz,homoglyph,,no
homebank.kz,xn--honebank-mub.kz,homoglyph,,no
homebank.kz,xn--honebank-of0d.kz,homoglyph,,no
homebank.kz,xn--honebank-pg0d.kz,homoglyph,,no
homebank.kz,xn--honebank-qpb.kz,homoglyph,,no
homebank.kz,xn--honebank-rpb.kz,homoglyph,,no
homebank.kz,xn--honebank-rqb.kz,homoglyph,,no
homebank.kz,xn--honebank-sqb.kz,homoglyph,,no
homebank.kz,xn--honebank-vnd.kz,homoglyph,,no
homebank.kz,xn--honebank-y7c.kz,homoglyph,,no
homebank.kz,xn--honebank-yzd.kz,homoglyph,,no
homebank.kz,xn--honebank-z0d.kz,homoglyph,,no
homebank.kz,xn--honebnk-1wa.kz,homoglyph,,no
homebank.kz,xn--honebnk-30c.kz,homoglyph,,no
homebank.kz,xn--honebnk-9wa.kz,homoglyph,,no
homebank.kz,xn--honebnk-d4a.kz,homoglyph,,no
homebank.kz,xn--honebnk-dwa.kz,homoglyph,,no
homebank.kz,xn--honebnk-en4c.kz,homoglyph,,no
homebank.kz,xn--honebnk-ixa.kz,homoglyph,,no
homebank.kz,xn--honebnk-jdd.kz,homoglyph,,no
homebank.kz,xn--honebnk-lwa.kz,homoglyph,,no
homebank.kz,xn--honebnk-pbd.kz,homoglyph,,no
homebank.kz,xn--honebnk-rgc.kz,homoglyph,,no
homebank.kz,xn--honebnk-t4a.kz,homoglyph,,no
homebank.kz,xn--honebnk-twa.kz,homoglyph,,no
homebank.kz,xn--honebnk-w3a.kz,homoglyph,,no
homebank.kz,xn--honnbank-40a.kz,homoglyph,,no
homebank.kz,xn--honnbank-6cb.kz,homoglyph,,no
homebank.kz,xn--honnbank-7db.kz,homoglyph,,no
homebank.kz,xn--honnbank-8eb.kz,homoglyph,,no
homebank.kz,xn--honnbank-9x9c.kz,homoglyph,,no
homebank.kz,xn--honnbank-e1a.kz,homoglyph,,no
homebank.kz,xn--honnbank-emd.kz,homoglyph,,no
homebank.kz,xn--honnbank-n1a.kz,homoglyph,,no
homebank.kz,xn--honnbank-oed.kz,homoglyph,,no
homebank.kz,xn--honnbank-pdb.kz,homoglyph,,no
homebank.kz,xn--honnbank-qeb.kz,homoglyph,,no
homebank.kz,xn--honnbank-w1a.kz,homoglyph,,no
homebank.kz,xn--honnbank-w30d.kz,homoglyph,,no
homebank.kz,xn--honneank-4r9c.kz,homoglyph,,no
homebank.kz,xn--honneank-5s9c.kz,homoglyph,,no
homebank.kz,xn--honneank-i7d.kz,homoglyph,,no
homebank.kz,xn--honneank-ipd.kz,homoglyph,,no
homebank.kz,xn--honneank-j6b.kz,homoglyph,,no
homebank.kz,xn--honneank-ns9c.kz,homoglyph,,no
homebank.kz,xn--honnebak-589c.kz,homoglyph,,no
homebank.kz,xn--honnebak-699c.kz,homoglyph,,no
homebank.kz,xn--honnebak-7h82a.kz,homoglyph,,no
homebank.kz,xn--honnebak-eqb.kz,homoglyph,,no
homebank.kz,xn--honnebak-f1c.kz,homoglyph,,no
homebank.kz,xn--honnebak-j3a.kz,homoglyph,,no
homebank.kz,xn--honnebak-o99c.kz,homoglyph,,no
homebank.kz,xn--honnebak-orb.kz,homoglyph,,no
homebank.kz,xn--honnebak-vpb.kz,homoglyph,,no
homebank.kz,xn--honnebak-wqb.kz,homoglyph,,no
homebank.kz,xn--honneban-249c.kz,homoglyph,,no
homebank.kz,xn--honneban-bv6f.kz,homoglyph,,no
homebank.kz,xn--honneban-cxc.kz,homoglyph,,no
homebank.kz,xn--honneban-gy7c.kz,homoglyph,,no
homebank.kz,xn--honneban-k49c.kz,homoglyph,,no
homebank.kz,xn--honneban-kmb.kz,homoglyph,,no
homebank.kz,xn--honneban-tmb.kz,homoglyph,,no
homebank.kz,xn--honnebnk-0od.kz,homoglyph,,no
homebank.kz,xn--honnebnk-2qd.kz,homoglyph,,no
homebank.kz,xn--honnebnk-47a.kz,homoglyph,,no
homebank.kz,xn--honnebnk-4ya.kz,homoglyph,,no
homebank.kz,xn--honnebnk-5za.kz,homoglyph,,no
homebank.kz,xn--honnebnk-7dd.kz,homoglyph,,no
homebank.kz,xn--honnebnk-cqc.kz,homoglyph,,no
homebank.kz,xn--honnebnk-eza.kz,homoglyph,,no
homebank.kz,xn--honnebnk-f0a.kz,homoglyph,,no
homebank.kz,xn--honnebnk-m7a.kz,homoglyph,,no
homebank.kz,xn--honnebnk-n8a.kz,homoglyph,,no
homebank.kz,xn--honnebnk-nza.kz,homoglyph,,no
homebank.kz,xn--honnebnk-sx0d.kz,homoglyph,,no
homebank.kz,xn--honnebnk-wza.kz,homoglyph,,no
homebank.kz,xn--horebank-189c.kz,homoglyph,,no
homebank.kz,xn--horebank-299c.kz,homoglyph,,no
homebank.kz,xn--horebank-3h82a.kz,homoglyph,,no
homebank.kz,xn--horebank-9pb.kz,homoglyph,,no
homebank.kz,xn--horebank-b1c.kz,homoglyph,,no
homebank.kz,xn--horebank-f3a.kz,homoglyph,,no
homebank.kz,xn--horebank-k99c.kz,homoglyph,,no
homebank.kz,xn--horebank-krb.kz,homoglyph,,no
homebank.kz,xn--horebank-rpb.kz,homoglyph,,no
homebank.kz,xn--horebank-sqb.kz,homoglyph,,no
homebank.kz,xn--hornbank-40a.kz,homoglyph,,no
homebank.kz,xn--hornbank-6cb.kz,homoglyph,,no
homebank.kz,xn--hornbank-7db.kz,homoglyph,,no
homebank.kz,xn--hornbank-8eb.kz,homoglyph,,no
homebank.kz,xn--hornbank-9x9c.kz,homoglyph,,no
homebank.kz,xn--hornbank-e1a.kz,homoglyph,,no
homebank.kz,xn--hornbank-emd.kz,homoglyph,,no
homebank.kz,xn--hornbank-n1a.kz,homoglyph,,no
homebank.kz,xn--hornbank-oed.kz,homoglyph,,no
homebank.kz,xn--hornbank-pdb.kz,homoglyph,,no
homebank.kz,xn--hornbank-qeb.kz,homoglyph,,no
homebank.kz,xn--hornbank-w1a.kz,homoglyph,,no
homebank.kz,xn--hornbank-w30d.kz,homoglyph,,no
homebank.kz,xn--horneank-4r9c.kz,homoglyph,,no
homebank.kz,xn--horneank-5s9c.kz,homoglyph,,no
homebank.kz,xn--horneank-i7d.kz,homoglyph,,no
homebank.kz,xn--horneank-ipd.kz,homoglyph,,no
homebank.kz,xn--horneank-j6b.kz,homoglyph,,no
homebank.kz,xn--horneank-ns9c.kz,homoglyph,,no
homebank.kz,xn--hornebak-589c.kz,homoglyph,,no
homebank.kz,xn--hornebak-699c.kz,homoglyph,,no
homebank.kz,xn--hornebak-7h82a.kz,homoglyph,,no
homebank.kz,xn--hornebak-eqb.kz,homoglyph,,no
homebank.kz,xn--hornebak-f1c.kz,homoglyph,,no
homebank.kz,xn--hornebak-j3a.kz,homoglyph,,no
homebank.kz,xn--hornebak-o99c.kz,homoglyph,,no
homebank.kz,xn--hornebak-orb.kz,homoglyph,,no
homebank.kz,xn--hornebak-vpb.kz,homoglyph,,no
homebank.kz,xn--hornebak-wqb.kz,homoglyph,,no
homebank.kz,xn--horneban-249c.kz,homoglyph,,no
homebank.kz,xn--horneban-bv6f.kz,homoglyph,,no
homebank.kz,xn--horneban-cxc.kz,homoglyph,,no
homebank.kz,xn--horneban-gy7c.kz,homoglyph,,no
homebank.kz,xn--horneban-k49c.kz,homoglyph,,no
homebank.kz,xn--horneban-kmb.kz,homoglyph,,no
homebank.kz,xn--horneban-tmb.kz,homoglyph,,no
homebank.kz,xn--hornebnk-0od.kz,homoglyph,,no
homebank.kz,xn--hornebnk-2qd.kz,homoglyph,,no
homebank.kz,xn--hornebnk-47a.kz,homoglyph,,no
homebank.kz,xn--hornebnk-4ya.kz,homoglyph,,no
homebank.kz,xn--hornebnk-5za.kz,homoglyph,,no
homebank.kz,xn--hornebnk-7dd.kz,homoglyph,,no
homebank.kz,xn--hornebnk-cqc.kz,homoglyph,,no
homebank.kz,xn--hornebnk-eza.kz,homoglyph,,no
homebank.kz,xn--hornebnk-f0a.kz,homoglyph,,no
homebank.kz,xn--hornebnk-m7a.kz,homoglyph,,no
homebank.kz,xn--hornebnk-n8a.kz,homoglyph,,no
homebank.kz,xn--hornebnk-nza.kz,homoglyph,,no
homebank.kz,xn--hornebnk-sx0d.kz,homoglyph,,no
homebank.kz,xn--hornebnk-wza.kz,homoglyph,,no
homebank.kz,xn--hrnebank-0rb.kz,homoglyph,,no
homebank.kz,xn--hrnebank-1sb.kz,homoglyph,,no
homebank.kz,xn--hrnebank-43a.kz,homoglyph,,no
homebank.kz,xn--hrnebank-4fd.kz,homoglyph,,no
homebank.kz,xn--hrnebank-54a.kz,homoglyph,,no
homebank.kz,xn--hrnebank-9y7c.kz,homoglyph,,no
homebank.kz,xn--hrnebank-e4a.kz,homoglyph,,no
homebank.kz,xn--hrnebank-h90d.kz,homoglyph,,no
homebank.kz,xn--hrnebank-jsb.kz,homoglyph,,no
homebank.kz,xn--hrnebank-m3a.kz,homoglyph,,no
homebank.kz,xn--hrnebank-mec.kz,homoglyph,,no
homebank.kz,xn--hrnebank-n4a.kz,homoglyph,,no
homebank.kz,xn--hrnebank-v3a.kz,homoglyph,,no
homebank.kz,xn--hrnebank-y80d.kz,homoglyph,,no
homebank.kz,xn--lhmebank-1rb.kz,homoglyph,,no
homebank.kz,xn--lhmebank-2sb.kz,homoglyph,,no
homebank.kz,xn--lhmebank-53a.kz,homoglyph,,no
homebank.kz,xn--lhmebank-5fd.kz,homoglyph,,no
homebank.kz,xn--lhmebank-64a.kz,homoglyph,,no
homebank.kz,xn--lhmebank-bz7c.kz,homoglyph,,no
homebank.kz,xn--lhmebank-f4a.kz,homoglyph,,no
homebank.kz,xn--lhmebank-i90d.kz,homoglyph,,no
homebank.kz,xn--lhmebank-ksb.kz,homoglyph,,no
homebank.kz,xn--lhmebank-n3a.kz,homoglyph,,no
homebank.kz,xn--lhmebank-nec.kz,homoglyph,,no
homebank.kz,xn--lhmebank-o4a.kz,homoglyph,,no
homebank.kz,xn--lhmebank-w3a.kz,homoglyph,,no
homebank.kz,xn--lhmebank-z80d.kz,homoglyph,,no
homebank.kz,xn--lhoebank-079c.kz,homoglyph,,no
homebank.kz,xn--lhoebank-5wd.kz,homoglyph,,no
homebank.kz,xn--lhoebank-i79c.kz,homoglyph,,no
homebank.kz,xn--lhoebank-j89c.kz,homoglyph,,no
homebank.kz,xn--lhoebank-ty7c.kz,homoglyph,,no
homebank.kz,xn--lhombank-40a.kz,homoglyph,,no
homebank.kz,xn--lhombank-6cb.kz,homoglyph,,no
homebank.kz,xn--lhombank-7db.kz,homoglyph,,no
homebank.kz,xn--lhombank-8eb.kz,homoglyph,,no
homebank.kz,xn--lhombank-9x9c.kz,homoglyph,,no
homebank.kz,xn--lhombank-e1a.kz,homoglyph,,no
homebank.kz,xn--lhombank-emd.kz,homoglyph,,no
homebank.kz,xn--lhombank-n1a.kz,homoglyph,,no
homebank.kz,xn--lhombank-oed.kz,homoglyph,,no
homebank.kz,xn--lhombank-pdb.kz,homoglyph,,no
homebank.kz,xn--lhombank-qeb.kz,homoglyph,,no
homebank.kz,xn--lhombank-w1a.kz,homoglyph,,no
homebank.kz,xn--lhombank-w30d.kz,homoglyph,,no
homebank.kz,xn--lhomeank-4r9c.kz,homoglyph,,no
homebank.kz,xn--lhomeank-5s9c.kz,homoglyph,,no
homebank.kz,xn--lhomeank-i7d.kz,homoglyph,,no
homebank.kz,xn--lhomeank-ipd.kz,homoglyph,,no
homebank.kz,xn--lhomeank-j6b.kz,homoglyph,,no
homebank.kz,xn--lhomeank-ns9c.kz,homoglyph,,no
homebank.kz,xn--lhomebak-589c.kz,homoglyph,,no
homebank.kz,xn--lhomebak-699c.kz,homoglyph,,no
homebank.kz,xn--lhomebak-7h82a.kz,homoglyph,,no
homebank.kz,xn--lhomebak-eqb.kz,homoglyph,,no
homebank.kz,xn--lhomebak-f1c.kz,homoglyph,,no
homebank.kz,xn--lhomebak-j3a.kz,homoglyph,,no
homebank.kz,xn--lhomebak-o99c.kz,homoglyph,,no
homebank.kz,xn--lhomebak-orb.kz,homoglyph,,no
homebank.kz,xn--lhomebak-vpb.kz,homoglyph,,no
homebank.kz,xn--lhomebak-wqb.kz,homoglyph,,no
homebank.kz,xn--lhomeban-249c.kz,homoglyph,,no
homebank.kz,xn--lhomeban-bv6f.kz,homoglyph,,no
homebank.kz,xn--lhomeban-cxc.kz,homoglyph,,no
homebank.kz,xn--lhomeban-gy7c.kz,homoglyph,,no
homebank.kz,xn--lhomeban-k49c.kz,homoglyph,,no
homebank.kz,xn--lhomeban-kmb.kz,homoglyph,,no
homebank.kz,xn--lhomeban-tmb.kz,homoglyph,,no
homebank.kz,xn--lhomebnk-0od.kz,homoglyph,,no
homebank.kz,xn--lhomebnk-2qd.kz,homoglyph,,no
homebank.kz,xn--lhomebnk-47a.kz,homoglyph,,no
homebank.kz,xn--lhomebnk-4ya.kz,homoglyph,,no
homebank.kz,xn--lhomebnk-5za.kz,homoglyph,,no
homebank.kz,xn--lhomebnk-7dd.kz,homoglyph,,no
homebank.kz,xn--lhomebnk-cqc.kz,homoglyph,,no
homebank.kz,xn--lhomebnk-eza.kz,homoglyph,,no
homebank.kz,xn--lhomebnk-f0a.kz,homoglyph,,no
homebank.kz,xn--lhomebnk-m7a.kz,homoglyph,,no
homebank.kz,xn--lhomebnk-n8a.kz,homoglyph,,no
homebank.kz,xn--lhomebnk-nza.kz,homoglyph,,no
homebank.kz,xn--lhomebnk-sx0d.kz,homoglyph,,no
homebank.kz,xn--lhomebnk-wza.kz,homoglyph,,no
homebank.kz,xn--lomebank-0bd.kz,homoglyph,,no
homebank.kz,xn--lomebank-8hb.kz,homoglyph,,no
homebank.kz,xn--lomebank-8z9c.kz,homoglyph,,no
homebank.kz,xn--lomebank-909c.kz,homoglyph,,no
homebank.kz,xn--lomebank-9td.kz,homoglyph,,no
homebank.kz,xn--lomebank-b29c.kz,homoglyph,,no
homebank.kz,xn--lomebank-lu6f.kz,homoglyph,,no
homebank.kz,xn--lomebank-qhb.kz,homoglyph,,no
homebank.kz,xn--lomebank-r09c.kz,homoglyph,,no
homebank.kz,xn--lomebank-s19c.kz,homoglyph,,no
homebank.kz,xn--lomebank-tu0d.kz,homoglyph,,no
homebank.kz,xn--mebank-2gb1020d.kz,homoglyph,,no
homebank.kz,xn--mebank-2gb1639f.kz,homoglyph,,no
homebank.kz,xn--mebank-2gb16n.kz,homoglyph,,no
homebank.kz,xn--mebank-2gb3510d.kz,homoglyph,,no
homebank.kz,xn--mebank-2gb5810d.kz,homoglyph,,no
homebank.kz,xn--mebank-2gb7310d.kz,homoglyph,,no
homebank.kz,xn--mebank-2gb7501d.kz,homoglyph,,no
homebank.kz,xn--mebank-2gb92t.kz,homoglyph,,no
homebank.kz,xn--mebank-2gb9610d.kz,homoglyph,,no
homebank.kz,xn--mebank-2l8bw72i.kz,homoglyph,,no
homebank.kz,xn--mebank-2m7bq0d.kz,homoglyph,,no
homebank.kz,xn--mebank-2m7by9c.kz,homoglyph,,no
homebank.kz,xn--mebank-2wa1210g.kz,homoglyph,,no
homebank.kz,xn--mebank-2wa12b.kz,homoglyph,,no
homebank.kz,xn--mebank-2wa12v.kz,homoglyph,,no
homebank.kz,xn--mebank-2wa1690d.kz,homoglyph,,no
homebank.kz,xn--mebank-2wa3190d.kz,homoglyph,,no
homebank.kz,xn--mebank-2wa5490d.kz,homoglyph,,no
homebank.kz,xn--mebank-2wa7181d.kz,homoglyph,,no
homebank.kz,xn--mebank-2wa73b.kz,homoglyph,,no
homebank.kz,xn--mebank-2wa7980d.kz,homoglyph,,no
homebank.kz,xn--mebank-2wa9290d.kz,homoglyph,,no
homebank.kz,xn--mebank-2wa980a.kz,homoglyph,,no
homebank.kz,xn--mebank-2wb1278f.kz,homoglyph,,no
homebank.kz,xn--mebank-2wb12h.kz,homoglyph,,no
homebank.kz,xn--mebank-2wb1659c.kz,homoglyph,,no
homebank.kz,xn--mebank-2wb3159c.kz,homoglyph,,no
homebank.kz,xn--mebank-2wb5459c.kz,homoglyph,,no
homebank.kz,xn--mebank-2wb7140d.kz,homoglyph,,no
homebank.kz,xn--mebank-2wb7949c.kz,homoglyph,,no
homebank.kz,xn--mebank-2wb9259c.kz,homoglyph,,no
homebank.kz,xn--mebank-2wb98m.kz,homoglyph,,no
homebank.kz,xn--mebank-96a0581d.kz,homoglyph,,no
homebank.kz,xn--mebank-96a05a.kz,homoglyph,,no
homebank.kz,xn--mebank-96a24s.kz,homoglyph,,no
homebank.kz,xn--mebank-96a2828c.kz,homoglyph,,no
homebank.kz,xn--mebank-96a43a.kz,homoglyph,,no
homebank.kz,xn--mebank-96a60h.kz,homoglyph,,no
homebank.kz,xn--mebank-96a6681d.kz,homoglyph,,no
homebank.kz,xn--mebank-96a66a.kz,homoglyph,,no
homebank.kz,xn--mebank-9fb1020d.kz,homoglyph,,no
homebank.kz,xn--mebank-9fb16t.kz,homoglyph,,no
homebank.kz,xn--mebank-9fb3320d.kz,homoglyph,,no
homebank.kz,xn--mebank-9fb3939f.kz,homoglyph,,no
homebank.kz,xn--mebank-9fb39n.kz,homoglyph,,no
homebank.kz,xn--mebank-9fb5810d.kz,homoglyph,,no
homebank.kz,xn--mebank-9fb7120d.kz,homoglyph,,no
homebank.kz,xn--mebank-9fb9610d.kz,homoglyph,,no
homebank.kz,xn--mebank-9fb9801d.kz,homoglyph,,no
homebank.kz,xn--mebank-9mc0589c.kz,homoglyph,,no
homebank.kz,xn--mebank-9mc2826c.kz,homoglyph,,no
homebank.kz,xn--mebank-9mc2k.kz,homoglyph,,no
homebank.kz,xn--mebank-9mc6689c.kz,homoglyph,,no
homebank.kz,xn--mebank-9n7bq8c.kz,homoglyph,,no
homebank.kz,xn--mebank-9n7by7c.kz,homoglyph,,no
homebank.kz,xn--mebank-9wa1290d.kz,homoglyph,,no
homebank.kz,xn--mebank-9wa180a.kz,homoglyph,,no
homebank.kz,xn--mebank-9wa3110g.kz,homoglyph,,no
homebank.kz,xn--mebank-9wa31b.kz,homoglyph,,no
homebank.kz,xn--mebank-9wa31v.kz,homoglyph,,no
homebank.kz,xn--mebank-9wa3590d.kz,homoglyph,,no
homebank.kz,xn--mebank-9wa5090d.kz,homoglyph,,no
homebank.kz,xn--mebank-9wa7390d.kz,homoglyph,,no
homebank.kz,xn--mebank-9wa9081d.kz,homoglyph,,no
homebank.kz,xn--mebank-9wa92b.kz,homoglyph,,no
homebank.kz,xn--mebank-9wa9880d.kz,homoglyph,,no
homebank.kz,xn--mebank-9xa140a.kz,homoglyph,,no
homebank.kz,xn--mebank-9xa1880d.kz,homoglyph,,no
homebank.kz,xn--mebank-9xa3190d.kz,homoglyph,,no
homebank.kz,xn--mebank-9xa3700g.kz,homoglyph,,no
homebank.kz,xn--mebank-9xa37a.kz,homoglyph,,no
homebank.kz,xn--mebank-9xa37u.kz,homoglyph,,no
homebank.kz,xn--mebank-9xa5680d.kz,homoglyph,,no
homebank.kz,xn--mebank-9xa7980d.kz,homoglyph,,no
homebank.kz,xn--mebank-9xa9480d.kz,homoglyph,,no
homebank.kz,xn--mebank-9xa9671d.kz,homoglyph,,no
homebank.kz,xn--mebank-9xa98a.kz,homoglyph,,no
homebank.kz,xn--mebank-h15b53k.kz,homoglyph,,no
homebank.kz,xn--mebank-h15b56g.kz,homoglyph,,no
homebank.kz,xn--mebank-h15bp32k.kz,homoglyph,,no
homebank.kz,xn--mebank-h15bp6g.kz,homoglyph,,no
homebank.kz,xn--mebank-h15bp8g.kz,homoglyph,,no
homebank.kz,xn--mebank-h15bx5g.kz,homoglyph,,no
homebank.kz,xn--mebank-h15bx7g.kz,homoglyph,,no
homebank.kz,xn--mebank-h1c2829c.kz,homoglyph,,no
homebank.kz,xn--mebank-h1c4175c.kz,homoglyph,,no
homebank.kz,xn--mebank-h1c8929c.kz,homoglyph,,no
homebank.kz,xn--mebank-hn7b68c.kz,homoglyph,,no
homebank.kz,xn--mebank-hn7by9c.kz,homoglyph,,no
homebank.kz,xn--mebank-hqc1638c.kz,homoglyph,,no
homebank.kz,xn--mebank-hqc1829c.kz,homoglyph,,no
homebank.kz,xn--mebank-hqc35b.kz,homoglyph,,no
homebank.kz,xn--mebank-hqc3938c.kz,homoglyph,,no
homebank.kz,xn--mebank-hqc5248c.kz,homoglyph,,no
homebank.kz,xn--mebank-hqc5857f.kz,homoglyph,,no
homebank.kz,xn--mebank-hqc7738c.kz,homoglyph,,no
homebank.kz,xn--mebank-hqc9048c.kz,homoglyph,,no
homebank.kz,xn--mebank-hxa1081d.kz,homoglyph,,no
homebank.kz,xn--mebank-hxa12b.kz,homoglyph,,no
homebank.kz,xn--mebank-hxa1880d.kz,homoglyph,,no
homebank.kz,xn--mebank-hxa3190d.kz,homoglyph,,no
homebank.kz,xn--mebank-hxa370a.kz,homoglyph,,no
homebank.kz,xn--mebank-hxa5010g.kz,homoglyph,,no
homebank.kz,xn--mebank-hxa50b.kz,homoglyph,,no
homebank.kz,xn--mebank-hxa50v.kz,homoglyph,,no
homebank.kz,xn--mebank-hxa5490d.kz,homoglyph,,no
homebank.kz,xn--mebank-hxa7980d.kz,homoglyph,,no
homebank.kz,xn--mebank-hxa9290d.kz,homoglyph,,no
homebank.kz,xn--mebank-o7a0581d.kz,homoglyph,,no
homebank.kz,xn--mebank-o7a05a.kz,homoglyph,,no
homebank.kz,xn--mebank-o7a09g.kz,homoglyph,,no
homebank.kz,xn--mebank-o7a4381d.kz,homoglyph,,no
homebank.kz,xn--mebank-o7a43a.kz,homoglyph,,no
homebank.kz,xn--mebank-o7a62s.kz,homoglyph,,no
homebank.kz,xn--mebank-o7a6628c.kz,homoglyph,,no
homebank.kz,xn--mebank-o7a81a.kz,homoglyph,,no
homebank.kz,xn--mebank-o97b5r.kz,homoglyph,,no
homebank.kz,xn--mebank-o97bpr.kz,homoglyph,,no
homebank.kz,xn--mebank-ogb1020d.kz,homoglyph,,no
homebank.kz,xn--mebank-ogb3510d.kz,homoglyph,,no
homebank.kz,xn--mebank-ogb3701d.kz,homoglyph,,no
homebank.kz,xn--mebank-ogb54t.kz,homoglyph,,no
homebank.kz,xn--mebank-ogb5810d.kz,homoglyph,,no
homebank.kz,xn--mebank-ogb7120d.kz,homoglyph,,no
homebank.kz,xn--mebank-ogb7739f.kz,homoglyph,,no
homebank.kz,xn--mebank-ogb77n.kz,homoglyph,,no
homebank.kz,xn--mebank-ogb9610d.kz,homoglyph,,no
homebank.kz,xn--mebank-ol8bn82i.kz,homoglyph,,no
homebank.kz,xn--mebank-om7b60d.kz,homoglyph,,no
homebank.kz,xn--mebank-om7bq0d.kz,homoglyph,,no
homebank.kz,xn--mebank-oxa1290d.kz,homoglyph,,no
homebank.kz,xn--mebank-oxa31b.kz,homoglyph,,no
homebank.kz,xn--mebank-oxa3780d.kz,homoglyph,,no
homebank.kz,xn--mebank-oxa3971d.kz,homoglyph,,no
homebank.kz,xn--mebank-oxa5090d.kz,homoglyph,,no
homebank.kz,xn--mebank-oxa560a.kz,homoglyph,,no
homebank.kz,xn--mebank-oxa7390d.kz,homoglyph,,no
homebank.kz,xn--mebank-oxa7900g.kz,homoglyph,,no
homebank.kz,xn--mebank-oxa79a.kz,homoglyph,,no
homebank.kz,xn--mebank-oxa79u.kz,homoglyph,,no
homebank.kz,xn--mebank-oxa9880d.kz,homoglyph,,no
homebank.kz,xn--mebank-vn7b68c.kz,homoglyph,,no
homebank.kz,xn--mebank-vn7bq8c.kz,homoglyph,,no
homebank.kz,xn--mebank-vxa1880d.kz,homoglyph,,no
homebank.kz,xn--mebank-vxa3190d.kz,homoglyph,,no
homebank.kz,xn--mebank-vxa50b.kz,homoglyph,,no
homebank.kz,xn--mebank-vxa5680d.kz,homoglyph,,no
homebank.kz,xn--mebank-vxa5871d.kz,homoglyph,,no
homebank.kz,xn--mebank-vxa750a.kz,homoglyph,,no
homebank.kz,xn--mebank-vxa7980d.kz,homoglyph,,no
homebank.kz,xn--mebank-vxa9290d.kz,homoglyph,,no
homebank.kz,xn--mebank-vxa9800g.kz,homoglyph,,no
homebank.kz,xn--mebank-vxa98a.kz,homoglyph,,no
homebank.kz,xn--mebank-vxa98u.kz,homoglyph,,no
homebank.kz,xn--oebank-2m7b7i.kz,homoglyph,,no
homebank.kz,xn--oebank-2m7bri.kz,homoglyph,,no
homebank.kz,xn--oebank-2m7bzj.kz,homoglyph,,no
homebank.kz,xn--oebank-305b432k.kz,homoglyph,,no
homebank.kz,xn--oebank-305b46g.kz,homoglyph,,no
homebank.kz,xn--oebank-305b48g.kz,homoglyph,,no
homebank.kz,xn--oebank-305bo6g.kz,homoglyph,,no
homebank.kz,xn--oebank-305bo8g.kz,homoglyph,,no
homebank.kz,xn--oebank-305bw4k.kz,homoglyph,,no
homebank.kz,xn--oebank-305bw7g.kz,homoglyph,,no
homebank.kz,xn--oebank-3s7bo1a.kz,homoglyph,,no
homebank.kz,xn--oebank-3s7bw02j.kz,homoglyph,,no
homebank.kz,xn--oebank-96a1370d.kz,homoglyph,,no
homebank.kz,xn--oebank-96a17x.kz,homoglyph,,no
homebank.kz,xn--oebank-96a5170d.kz,homoglyph,,no
homebank.kz,xn--oebank-96a7470d.kz,homoglyph,,no
homebank.kz,xn--oebank-96a7628c.kz,homoglyph,,no
homebank.kz,xn--oebank-9mc1378c.kz,homoglyph,,no
homebank.kz,xn--oebank-9mc17d.kz,homoglyph,,no
homebank.kz,xn--oebank-9mc5178c.kz,homoglyph,,no
homebank.kz,xn--oebank-9mc7478c.kz,homoglyph,,no
homebank.kz,xn--oebank-9mc7626c.kz,homoglyph,,no
homebank.kz,xn--oebank-9n7b7g.kz,homoglyph,,no
homebank.kz,xn--oebank-9n7brg.kz,homoglyph,,no
homebank.kz,xn--oebank-9n7bzh.kz,homoglyph,,no
homebank.kz,xn--oebank-bs7b412j.kz,homoglyph,,no
homebank.kz,xn--oebank-bs7bw2a.kz,homoglyph,,no
homebank.kz,xn--oebank-h1c3618c.kz,homoglyph,,no
homebank.kz,xn--oebank-h1c3g.kz,homoglyph,,no
homebank.kz,xn--oebank-h1c7418c.kz,homoglyph,,no
homebank.kz,xn--oebank-h1c9718c.kz,homoglyph,,no
homebank.kz,xn--oebank-h1c9965c.kz,homoglyph,,no
homebank.kz,xn--oebank-hn7b7i.kz,homoglyph,,no
homebank.kz,xn--oebank-hn7bri.kz,homoglyph,,no
homebank.kz,xn--oebank-hn7bzh.kz,homoglyph,,no
homebank.kz,xn--oebank-o7a1370d.kz,homoglyph,,no
homebank.kz,xn--oebank-o7a1528c.kz,homoglyph,,no
homebank.kz,xn--oebank-o7a5170d.kz,homoglyph,,no
homebank.kz,xn--oebank-o7a55x.kz,homoglyph,,no
homebank.kz,xn--oebank-o7a9960d.kz,homoglyph,,no
homebank.kz,xn--oebank-om7b7i.kz,homoglyph,,no
homebank.kz,xn--oebank-om7brk.kz,homoglyph,,no
homebank.kz,xn--oebank-om7bzj.kz,homoglyph,,no
homebank.kz,xn--oebank-p3c0887c.kz,homoglyph,,no
homebank.kz,xn--oebank-p3c2387c.kz,homoglyph,,no
homebank.kz,xn--oebank-p3c2578c.kz,homoglyph,,no
homebank.kz,xn--oebank-p3c4687c.kz,homoglyph,,no
homebank.kz,xn--oebank-p3c6507f.kz,homoglyph,,no
homebank.kz,xn--oebank-p3c6987c.kz,homoglyph,,no
homebank.kz,xn--oebank-p3c8487c.kz,homoglyph,,no
homebank.kz,xn--oebank-ps7b41a.kz,homoglyph,,no
homebank.kz,xn--oebank-ps7bo12j.kz,homoglyph,,no
homebank.kz,xn--oebank-vn7b7g.kz,homoglyph,,no
homebank.kz,xn--oebank-vn7bri.kz,homoglyph,,no
homebank.kz,xn--oebank-vn7bzh.kz,homoglyph,,no
homebank.kz,xn--ombank-2m7b82c.kz,homoglyph,,no
homebank.kz,xn--ombank-43a1360d.kz,homoglyph,,no
homebank.kz,xn--ombank-43a3660d.kz,homoglyph,,no
homebank.kz,xn--ombank-43a5160d.kz,homoglyph,,no
homebank.kz,xn--ombank-43a5351d.kz,homoglyph,,no
homebank.kz,xn--ombank-43a5l.kz,homoglyph,,no
homebank.kz,xn--ombank-43a70y.kz,homoglyph,,no
homebank.kz,xn--ombank-43a7460d.kz,homoglyph,,no
homebank.kz,xn--ombank-43a9389f.kz,homoglyph,,no
homebank.kz,xn--ombank-43a93s.kz,homoglyph,,no
homebank.kz,xn--ombank-43a9760d.kz,homoglyph,,no
homebank.kz,xn--ombank-43a9j.kz,homoglyph,,no
homebank.kz,xn--ombank-4k7b333j.kz,homoglyph,,no
homebank.kz,xn--ombank-4k7b3c.kz,homoglyph,,no
homebank.kz,xn--ombank-4k7b3e.kz,homoglyph,,no
homebank.kz,xn--ombank-4k7bnc.kz,homoglyph,,no
homebank.kz,xn--ombank-4k7bne.kz,homoglyph,,no
homebank.kz,xn--ombank-4k7bv4b.kz,homoglyph,,no
homebank.kz,xn--ombank-4k7bvd.kz,homoglyph,,no
homebank.kz,xn--ombank-4ua1990d.kz,homoglyph,,no
homebank.kz,xn--ombank-4ua3201d.kz,homoglyph,,no
homebank.kz,xn--ombank-4ua51c.kz,homoglyph,,no
homebank.kz,xn--ombank-4ua5790d.kz,homoglyph,,no
homebank.kz,xn--ombank-4ua5981d.kz,homoglyph,,no
homebank.kz,xn--ombank-4ua7001d.kz,homoglyph,,no
homebank.kz,xn--ombank-4ua761a.kz,homoglyph,,no
homebank.kz,xn--ombank-4ua9301d.kz,homoglyph,,no
homebank.kz,xn--ombank-4ua9910g.kz,homoglyph,,no
homebank.kz,xn--ombank-4ua99b.kz,homoglyph,,no
homebank.kz,xn--ombank-4ua99v.kz,homoglyph,,no
homebank.kz,xn--ombank-96a2961d.kz,homoglyph,,no
homebank.kz,xn--ombank-96a63u.kz,homoglyph,,no
homebank.kz,xn--ombank-96a69r.kz,homoglyph,,no
homebank.kz,xn--ombank-96a8240d.kz,homoglyph,,no
homebank.kz,xn--ombank-9mc2969c.kz,homoglyph,,no
homebank.kz,xn--ombank-9mc63a.kz,homoglyph,,no
homebank.kz,xn--ombank-9mc6f.kz,homoglyph,,no
homebank.kz,xn--ombank-9mc8248c.kz,homoglyph,,no
homebank.kz,xn--ombank-9n7b80c.kz,homoglyph,,no
homebank.kz,xn--ombank-c5a1360d.kz,homoglyph,,no
homebank.kz,xn--ombank-c5a1979f.kz,homoglyph,,no
homebank.kz,xn--ombank-c5a19r.kz,homoglyph,,no
homebank.kz,xn--ombank-c5a1f.kz,homoglyph,,no
homebank.kz,xn--ombank-c5a3850d.kz,homoglyph,,no
homebank.kz,xn--ombank-c5a5160d.kz,homoglyph,,no
homebank.kz,xn--ombank-c5a7650d.kz,homoglyph,,no
homebank.kz,xn--ombank-c5a7841d.kz,homoglyph,,no
homebank.kz,xn--ombank-c5a7g.kz,homoglyph,,no
homebank.kz,xn--ombank-c5a95x.kz,homoglyph,,no
homebank.kz,xn--ombank-c5a9950d.kz,homoglyph,,no
homebank.kz,xn--ombank-cpc1367f.kz,homoglyph,,no
homebank.kz,xn--ombank-cpc1748c.kz,homoglyph,,no
homebank.kz,xn--ombank-cpc3248c.kz,homoglyph,,no
homebank.kz,xn--ombank-cpc5548c.kz,homoglyph,,no
homebank.kz,xn--ombank-cpc7048c.kz,homoglyph,,no
homebank.kz,xn--ombank-cpc7239c.kz,homoglyph,,no
homebank.kz,xn--ombank-cpc9348c.kz,homoglyph,,no
homebank.kz,xn--ombank-cpc99b.kz,homoglyph,,no
homebank.kz,xn--ombank-cva1301d.kz,homoglyph,,no
homebank.kz,xn--ombank-cva1910g.kz,homoglyph,,no
homebank.kz,xn--ombank-cva19b.kz,homoglyph,,no
homebank.kz,xn--ombank-cva19v.kz,homoglyph,,no
homebank.kz,xn--ombank-cva3890d.kz,homoglyph,,no
homebank.kz,xn--ombank-cva5101d.kz,homoglyph,,no
homebank.kz,xn--ombank-cva70c.kz,homoglyph,,no
homebank.kz,xn--ombank-cva7690d.kz,homoglyph,,no
homebank.kz,xn--ombank-cva7881d.kz,homoglyph,,no
homebank.kz,xn--ombank-cva951a.kz,homoglyph,,no
homebank.kz,xn--ombank-cva9990d.kz,homoglyph,,no
homebank.kz,xn--ombank-cvc1328c.kz,homoglyph,,no
homebank.kz,xn--ombank-cvc1937f.kz,homoglyph,,no
homebank.kz,xn--ombank-cvc3818c.kz,homoglyph,,no
homebank.kz,xn--ombank-cvc5128c.kz,homoglyph,,no
homebank.kz,xn--ombank-cvc7618c.kz,homoglyph,,no
homebank.kz,xn--ombank-cvc7809c.kz,homoglyph,,no
homebank.kz,xn--ombank-cvc9918c.kz,homoglyph,,no
homebank.kz,xn--ombank-cvc9v.kz,homoglyph,,no
homebank.kz,xn--ombank-h1c0687c.kz,homoglyph,,no
homebank.kz,xn--ombank-h1c4219c.kz,homoglyph,,no
homebank.kz,xn--ombank-hn7bs2c.kz,homoglyph,,no
homebank.kz,xn--ombank-j4a1360d.kz,homoglyph,,no
homebank.kz,xn--ombank-j4a19x.kz,homoglyph,,no
homebank.kz,xn--ombank-j4a3289f.kz,homoglyph,,no
homebank.kz,xn--ombank-j4a32s.kz,homoglyph,,no
homebank.kz,xn--ombank-j4a3660d.kz,homoglyph,,no
homebank.kz,xn--ombank-j4a3i.kz,homoglyph,,no
homebank.kz,xn--ombank-j4a5160d.kz,homoglyph,,no
homebank.kz,xn--ombank-j4a7460d.kz,homoglyph,,no
homebank.kz,xn--ombank-j4a9151d.kz,homoglyph,,no
homebank.kz,xn--ombank-j4a9950d.kz,homoglyph,,no
homebank.kz,xn--ombank-j4a9j.kz,homoglyph,,no
homebank.kz,xn--ombank-jva151a.kz,homoglyph,,no
homebank.kz,xn--ombank-jva1990d.kz,homoglyph,,no
homebank.kz,xn--ombank-jva3201d.kz,homoglyph,,no
homebank.kz,xn--ombank-jva3810g.kz,homoglyph,,no
homebank.kz,xn--ombank-jva38b.kz,homoglyph,,no
homebank.kz,xn--ombank-jva38v.kz,homoglyph,,no
homebank.kz,xn--ombank-jva5790d.kz,homoglyph,,no
homebank.kz,xn--ombank-jva7001d.kz,homoglyph,,no
homebank.kz,xn--ombank-jva9590d.kz,homoglyph,,no
homebank.kz,xn--ombank-jva9781d.kz,homoglyph,,no
homebank.kz,xn--ombank-jva99b.kz,homoglyph,,no
homebank.kz,xn--ombank-o7a02u.kz,homoglyph,,no
homebank.kz,xn--ombank-o7a08r.kz,homoglyph,,no
homebank.kz,xn--ombank-o7a2140d.kz,homoglyph,,no
homebank.kz,xn--ombank-o7a6761d.kz,homoglyph,,no
homebank.kz,xn--ombank-o97b6k.kz,homoglyph,,no
homebank.kz,xn--ombank-om7b03c.kz,homoglyph,,no
homebank.kz,xn--ombank-q3a1360d.kz,homoglyph,,no
homebank.kz,xn--ombank-q3a1551d.kz,homoglyph,,no
homebank.kz,xn--ombank-q3a1n.kz,homoglyph,,no
homebank.kz,xn--ombank-q3a32y.kz,homoglyph,,no
homebank.kz,xn--ombank-q3a3660d.kz,homoglyph,,no
homebank.kz,xn--ombank-q3a5589f.kz,homoglyph,,no
homebank.kz,xn--ombank-q3a55s.kz,homoglyph,,no
homebank.kz,xn--ombank-q3a5960d.kz,homoglyph,,no
homebank.kz,xn--ombank-q3a5l.kz,homoglyph,,no
homebank.kz,xn--ombank-q3a7460d.kz,homoglyph,,no
homebank.kz,xn--ombank-q3a9760d.kz,homoglyph,,no
homebank.kz,xn--ombank-qh8bv43i.kz,homoglyph,,no
homebank.kz,xn--ombank-qva1590d.kz,homoglyph,,no
homebank.kz,xn--ombank-qva1781d.kz,homoglyph,,no
homebank.kz,xn--ombank-qva19b.kz,homoglyph,,no
homebank.kz,xn--ombank-qva341a.kz,homoglyph,,no
homebank.kz,xn--ombank-qva3890d.kz,homoglyph,,no
homebank.kz,xn--ombank-qva5101d.kz,homoglyph,,no
homebank.kz,xn--ombank-qva5710g.kz,homoglyph,,no
homebank.kz,xn--ombank-qva57b.kz,homoglyph,,no
homebank.kz,xn--ombank-qva57v.kz,homoglyph,,no
homebank.kz,xn--ombank-qva7690d.kz,homoglyph,,no
homebank.kz,xn--ombank-qva9990d.kz,homoglyph,,no
homebank.kz,xn--ombank-vn7b01c.kz,homoglyph,,no
homebank.kz,xn--ombank-x4a1360d.kz,homoglyph,,no
homebank.kz,xn--ombank-x4a3051d.kz,homoglyph,,no
homebank.kz,xn--ombank-x4a3850d.kz,homoglyph,,no
homebank.kz,xn--ombank-x4a3i.kz,homoglyph,,no
homebank.kz,xn--ombank-x4a5160d.kz,homoglyph,,no
homebank.kz,xn--ombank-x4a57x.kz,homoglyph,,no
homebank.kz,xn--ombank-x4a7089f.kz,homoglyph,,no
homebank.kz,xn--ombank-x4a70s.kz,homoglyph,,no
homebank.kz,xn--ombank-x4a7460d.kz,homoglyph,,no
homebank.kz,xn--ombank-x4a7g.kz,homoglyph,,no
homebank.kz,xn--ombank-x4a9950d.kz,homoglyph,,no
homebank.kz,xn--omcbank-4yc.kz,homoglyph,,no
homebank.kz,xn--omcbank-9u3c.kz,homoglyph,,no
homebank.kz,xn--omcbank-dgd.kz,homoglyph,,no
homebank.kz,xn--omcbank-du3c.kz,homoglyph,,no
homebank.kz,xn--omcbank-fo7e.kz,homoglyph,,no
homebank.kz,xn--omcbank-gdb.kz,homoglyph,,no
homebank.kz,xn--omcbank-gt3c.kz,homoglyph,,no
homebank.kz,xn--omcbank-qk4c.kz,homoglyph,,no
homebank.kz,xn--omcbank-tu3c.kz,homoglyph,,no
homebank.kz,xn--omcbank-wt3c.kz,homoglyph,,no
homebank.kz,xn--omcbank-zcb.kz,homoglyph,,no
homebank.kz,xn--omeank-5g7b2i.kz,homoglyph,,no
homebank.kz,xn--omeank-5g7b2k.kz,homoglyph,,no
homebank.kz,xn--omeank-5g7bm1c.kz,homoglyph,,no
homebank.kz,xn--omeank-5g7bmk.kz,homoglyph,,no
homebank.kz,xn--omeank-5g7bu04j.kz,homoglyph,,no
homebank.kz,xn--omeank-5g7buj.kz,homoglyph,,no
homebank.kz,xn--omeank-5g7bul.kz,homoglyph,,no
homebank.kz,xn--omeank-96a33v.kz,homoglyph,,no
homebank.kz,xn--omeank-96a3520d.kz,homoglyph,,no
homebank.kz,xn--omeank-96a390a.kz,homoglyph,,no
homebank.kz,xn--omeank-96a58e.kz,homoglyph,,no
homebank.kz,xn--omeank-96a7320d.kz,homoglyph,,no
homebank.kz,xn--omeank-96a9620d.kz,homoglyph,,no
homebank.kz,xn--omeank-9mc33b.kz,homoglyph,,no
homebank.kz,xn--omeank-9mc3528c.kz,homoglyph,,no
homebank.kz,xn--omeank-9mc39g.kz,homoglyph,,no
homebank.kz,xn--omeank-9mc7328c.kz,homoglyph,,no
homebank.kz,xn--omeank-9mc9628c.kz,homoglyph,,no
homebank.kz,xn--omeank-dg7b214j.kz,homoglyph,,no
homebank.kz,xn--omeank-dg7b2k.kz,homoglyph,,no
homebank.kz,xn--omeank-dg7b2m.kz,homoglyph,,no
homebank.kz,xn--omeank-dg7bmk.kz,homoglyph,,no
homebank.kz,xn--omeank-dg7bmm.kz,homoglyph,,no
homebank.kz,xn--omeank-dg7bu2c.kz,homoglyph,,no
homebank.kz,xn--omeank-dg7bul.kz,homoglyph,,no
homebank.kz,xn--omeank-h1c1077c.kz,homoglyph,,no
homebank.kz,xn--omeank-h1c52b.kz,homoglyph,,no
homebank.kz,xn--omeank-h1c5867c.kz,homoglyph,,no
homebank.kz,xn--omeank-h1c9667c.kz,homoglyph,,no
homebank.kz,xn--omeank-krb01p.kz,homoglyph,,no
homebank.kz,xn--omeank-krb0579c.kz,homoglyph,,no
homebank.kz,xn--omeank-krb2498f.kz,homoglyph,,no
homebank.kz,xn--omeank-krb24j.kz,homoglyph,,no
homebank.kz,xn--omeank-krb2879c.kz,homoglyph,,no
homebank.kz,xn--omeank-krb4379c.kz,homoglyph,,no
homebank.kz,xn--omeank-krb6679c.kz,homoglyph,,no
homebank.kz,xn--omeank-krb8179c.kz,homoglyph,,no
homebank.kz,xn--omeank-krb8360d.kz,homoglyph,,no
homebank.kz,xn--omeank-o7a1220d.kz,homoglyph,,no
homebank.kz,xn--omeank-o7a3520d.kz,homoglyph,,no
homebank.kz,xn--omeank-o7a71v.kz,homoglyph,,no
homebank.kz,xn--omeank-o7a7320d.kz,homoglyph,,no
homebank.kz,xn--omeank-o7a770a.kz,homoglyph,,no
homebank.kz,xn--omeank-o7a96e.kz,homoglyph,,no
homebank.kz,xn--omeank-rcd0157c.kz,homoglyph,,no
homebank.kz,xn--omeank-rcd0348c.kz,homoglyph,,no
homebank.kz,xn--omeank-rcd2457c.kz,homoglyph,,no
homebank.kz,xn--omeank-rcd4376f.kz,homoglyph,,no
homebank.kz,xn--omeank-rcd4757c.kz,homoglyph,,no
homebank.kz,xn--omeank-rcd6257c.kz,homoglyph,,no
homebank.kz,xn--omeank-rcd8557c.kz,homoglyph,,no
homebank.kz,xn--omeank-rg7b21c.kz,homoglyph,,no
homebank.kz,xn--omeank-rg7b2k.kz,homoglyph,,no
homebank.kz,xn--omeank-rg7bm14j.kz,homoglyph,,no
homebank.kz,xn--omeank-rg7bmk.kz,homoglyph,,no
homebank.kz,xn--omeank-rg7bmm.kz,homoglyph,,no
homebank.kz,xn--omeank-rg7buj.kz,homoglyph,,no
homebank.kz,xn--omeank-rg7bul.kz,homoglyph,,no
homebank.kz,xn--omeank-rxc0708c.kz,homoglyph,,no
homebank.kz,xn--omeank-rxc0998c.kz,homoglyph,,no
homebank.kz,xn--omeank-rxc2018c.kz,homoglyph,,no
homebank.kz,xn--omeank-rxc2m.kz,homoglyph,,no
homebank.kz,xn--omeank-rxc4318c.kz,homoglyph,,no
homebank.kz,xn--omeank-rxc4927f.kz,homoglyph,,no
homebank.kz,xn--omeank-rxc6808c.kz,homoglyph,,no
homebank.kz,xn--omeank-rxc8118c.kz,homoglyph,,no
homebank.kz,xn--omebak-0eb0220d.kz,homoglyph,,no
homebank.kz,xn--omebak-0eb0411d.kz,homoglyph,,no
homebank.kz,xn--omebak-0eb21u.kz,homoglyph,,no
homebank.kz,xn--omebak-0eb2520d.kz,homoglyph,,no
homebank.kz,xn--omebak-0eb4449f.kz,homoglyph,,no
homebank.kz,xn--omebak-0eb44o.kz,homoglyph,,no
homebank.kz,xn--omebak-0eb4820d.kz,homoglyph,,no
homebank.kz,xn--omebak-0eb6320d.kz,homoglyph,,no
homebank.kz,xn--omebak-0eb8620d.kz,homoglyph,,no
homebank.kz,xn--omebak-0fb0011d.kz,homoglyph,,no
homebank.kz,xn--omebak-0fb0810d.kz,homoglyph,,no
homebank.kz,xn--omebak-0fb2120d.kz,homoglyph,,no
homebank.kz,xn--omebak-0fb27t.kz,homoglyph,,no
homebank.kz,xn--omebak-0fb4049f.kz,homoglyph,,no
homebank.kz,xn--omebak-0fb40o.kz,homoglyph,,no
homebank.kz,xn--omebak-0fb4420d.kz,homoglyph,,no
homebank.kz,xn--omebak-0fb6910d.kz,homoglyph,,no
homebank.kz,xn--omebak-0fb8220d.kz,homoglyph,,no
homebank.kz,xn--omebak-0t7b0z.kz,homoglyph,,no
homebank.kz,xn--omebak-0t7b881j.kz,homoglyph,,no
homebank.kz,xn--omebak-0wa0090d.kz,homoglyph,,no
homebank.kz,xn--omebak-0wa0281d.kz,homoglyph,,no
homebank.kz,xn--omebak-0wa04b.kz,homoglyph,,no
homebank.kz,xn--omebak-0wa2390d.kz,homoglyph,,no
homebank.kz,xn--omebak-0wa290a.kz,homoglyph,,no
homebank.kz,xn--omebak-0wa4210g.kz,homoglyph,,no
homebank.kz,xn--omebak-0wa42b.kz,homoglyph,,no
homebank.kz,xn--omebak-0wa42v.kz,homoglyph,,no
homebank.kz,xn--omebak-0wa4690d.kz,homoglyph,,no
homebank.kz,xn--omebak-0wa6190d.kz,homoglyph,,no
homebank.kz,xn--omebak-0wa8490d.kz,homoglyph,,no
homebank.kz,xn--omebak-2m7b3l.kz,homoglyph,,no
homebank.kz,xn--omebak-2m7bnl.kz,homoglyph,,no
homebank.kz,xn--omebak-2m7bv048i.kz,homoglyph,,no
homebank.kz,xn--omebak-2m7bvk.kz,homoglyph,,no
homebank.kz,xn--omebak-96a15915a.kz,homoglyph,,no
homebank.kz,xn--omebak-96a32a.kz,homoglyph,,no
homebank.kz,xn--omebak-96a3870d.kz,homoglyph,,no
homebank.kz,xn--omebak-96a3y.kz,homoglyph,,no
homebank.kz,xn--omebak-96a51o.kz,homoglyph,,no
homebank.kz,xn--omebak-96a7670d.kz,homoglyph,,no
homebank.kz,xn--omebak-96a7w.kz,homoglyph,,no
homebank.kz,xn--omebak-96a9970d.kz,homoglyph,,no
homebank.kz,xn--omebak-96a9z.kz,homoglyph,,no
homebank.kz,xn--omebak-9h8d4554g.kz,homoglyph,,no
homebank.kz,xn--omebak-9mc15994a.kz,homoglyph,,no
homebank.kz,xn--omebak-9mc3878c.kz,homoglyph,,no
homebank.kz,xn--omebak-9mc7678c.kz,homoglyph,,no
homebank.kz,xn--omebak-9mc9978c.kz,homoglyph,,no
homebank.kz,xn--omebak-9n7b3j.kz,homoglyph,,no
homebank.kz,xn--omebak-9n7bnj.kz,homoglyph,,no
homebank.kz,xn--omebak-9n7bv838i.kz,homoglyph,,no
homebank.kz,xn--omebak-9n7bvi.kz,homoglyph,,no
homebank.kz,xn--omebak-ffb0220d.kz,homoglyph,,no
homebank.kz,xn--omebak-ffb2520d.kz,homoglyph,,no
homebank.kz,xn--omebak-ffb4020d.kz,homoglyph,,no
homebank.kz,xn--omebak-ffb4211d.kz,homoglyph,,no
homebank.kz,xn--omebak-ffb6320d.kz,homoglyph,,no
homebank.kz,xn--omebak-ffb69t.kz,homoglyph,,no
homebank.kz,xn--omebak-ffb8249f.kz,homoglyph,,no
homebank.kz,xn--omebak-ffb82o.kz,homoglyph,,no
homebank.kz,xn--omebak-ffb8620d.kz,homoglyph,,no
homebank.kz,xn--omebak-fu7b8y.kz,homoglyph,,no
homebank.kz,xn--omebak-fu7bs81j.kz,homoglyph,,no
homebank.kz,xn--omebak-h1c1328c.kz,homoglyph,,no
homebank.kz,xn--omebak-h1c38394a.kz,homoglyph,,no
homebank.kz,xn--omebak-h1c5128c.kz,homoglyph,,no
homebank.kz,xn--omebak-h1c9918c.kz,homoglyph,,no
homebank.kz,xn--omebak-hn7b3938i.kz,homoglyph,,no
homebank.kz,xn--omebak-hn7b3j.kz,homoglyph,,no
homebank.kz,xn--omebak-hn7bnl.kz,homoglyph,,no
homebank.kz,xn--omebak-hn7bvk.kz,homoglyph,,no
homebank.kz,xn--omebak-meb0030d.kz,homoglyph,,no
homebank.kz,xn--omebak-meb0649f.kz,homoglyph,,no
homebank.kz,xn--omebak-meb06o.kz,homoglyph,,no
homebank.kz,xn--omebak-meb2520d.kz,homoglyph,,no
homebank.kz,xn--omebak-meb4820d.kz,homoglyph,,no
homebank.kz,xn--omebak-meb6320d.kz,homoglyph,,no
homebank.kz,xn--omebak-meb6511d.kz,homoglyph,,no
homebank.kz,xn--omebak-meb82u.kz,homoglyph,,no
homebank.kz,xn--omebak-meb8620d.kz,homoglyph,,no
homebank.kz,xn--omebak-mt7b091j.kz,homoglyph,,no
homebank.kz,xn--omebak-mt7bs0a.kz,homoglyph,,no
homebank.kz,xn--omebak-o7a1570d.kz,homoglyph,,no
homebank.kz,xn--omebak-o7a1v.kz,homoglyph,,no
homebank.kz,xn--omebak-o7a3870d.kz,homoglyph,,no
homebank.kz,xn--omebak-o7a3y.kz,homoglyph,,no
homebank.kz,xn--omebak-o7a53915a.kz,homoglyph,,no
homebank.kz,xn--omebak-o7a70a.kz,homoglyph,,no
homebank.kz,xn--omebak-o7a7670d.kz,homoglyph,,no
homebank.kz,xn--omebak-o7a7w.kz,homoglyph,,no
homebank.kz,xn--omebak-o7a99n.kz,homoglyph,,no
homebank.kz,xn--omebak-o97bq533i.kz,homoglyph,,no
homebank.kz,xn--omebak-om7b3l.kz,homoglyph,,no
homebank.kz,xn--omebak-om7bn148i.kz,homoglyph,,no
homebank.kz,xn--omebak-om7bnl.kz,homoglyph,,no
homebank.kz,xn--omebak-om7bvm.kz,homoglyph,,no
homebank.kz,xn--omebak-tfc0288c.kz,homoglyph,,no
homebank.kz,xn--omebak-tfc08f.kz,homoglyph,,no
homebank.kz,xn--omebak-tfc2108f.kz,homoglyph,,no
homebank.kz,xn--omebak-tfc21a.kz,homoglyph,,no
homebank.kz,xn--omebak-tfc2588c.kz,homoglyph,,no
homebank.kz,xn--omebak-tfc4088c.kz,homoglyph,,no
homebank.kz,xn--omebak-tfc6388c.kz,homoglyph,,no
homebank.kz,xn--omebak-tfc8079c.kz,homoglyph,,no
homebank.kz,xn--omebak-tfc8878c.kz,homoglyph,,no
homebank.kz,xn--omebak-vn7b3j.kz,homoglyph,,no
homebank.kz,xn--omebak-vn7bn938i.kz,homoglyph,,no
homebank.kz,xn--omebak-vn7bnj.kz,homoglyph,,no
homebank.kz,xn--omebak-vn7bvk.kz,homoglyph,,no
homebank.kz,xn--omebamk-4yc.kz,homoglyph,,no
homebank.kz,xn--omebamk-9u3c.kz,homoglyph,,no
homebank.kz,xn--omebamk-dgd.kz,homoglyph,,no
homebank.kz,xn--omebamk-du3c.kz,homoglyph,,no
homebank.kz,xn--omebamk-fo7e.kz,homoglyph,,no
homebank.kz,xn--omebamk-gdb.kz,homoglyph,,no
homebank.kz,xn--omebamk-gt3c.kz,homoglyph,,no
homebank.kz,xn--omebamk-qk4c.kz,homoglyph,,no
homebank.kz,xn--omebamk-tu3c.kz,homoglyph,,no
homebank.kz,xn--omebamk-wt3c.kz,homoglyph,,no
homebank.kz,xn--omebamk-zcb.kz,homoglyph,,no
homebank.kz,xn--omeban-1bb13v.kz,homoglyph,,no
homebank.kz,xn--omeban-1bb1730d.kz,homoglyph,,no
homebank.kz,xn--omeban-1bb3040d.kz,homoglyph,,no
homebank.kz,xn--omeban-1bb3659f.kz,homoglyph,,no
homebank.kz,xn--omeban-1bb36p.kz,homoglyph,,no
homebank.kz,xn--omeban-1bb5530d.kz,homoglyph,,no
homebank.kz,xn--omeban-1bb7830d.kz,homoglyph,,no
homebank.kz,xn--omeban-1bb9330d.kz,homoglyph,,no
homebank.kz,xn--omeban-1bb9521d.kz,homoglyph,,no
homebank.kz,xn--omeban-1p7br6a.kz,homoglyph,,no
homebank.kz,xn--omeban-1p7bz52j.kz,homoglyph,,no
homebank.kz,xn--omeban-2m7bof.kz,homoglyph,,no
homebank.kz,xn--omeban-2m7bw13j.kz,homoglyph,,no
homebank.kz,xn--omeban-2m7bwe.kz,homoglyph,,no
homebank.kz,xn--omeban-8bb1330d.kz,homoglyph,,no
homebank.kz,xn--omeban-8bb1521d.kz,homoglyph,,no
homebank.kz,xn--omeban-8bb32v.kz,homoglyph,,no
homebank.kz,xn--omeban-8bb3630d.kz,homoglyph,,no
homebank.kz,xn--omeban-8bb5559f.kz,homoglyph,,no
homebank.kz,xn--omeban-8bb55p.kz,homoglyph,,no
homebank.kz,xn--omeban-8bb5930d.kz,homoglyph,,no
homebank.kz,xn--omeban-8bb7430d.kz,homoglyph,,no
homebank.kz,xn--omeban-8bb9730d.kz,homoglyph,,no
homebank.kz,xn--omeban-96a0460d.kz,homoglyph,,no
homebank.kz,xn--omeban-96a2n.kz,homoglyph,,no
homebank.kz,xn--omeban-96a4260d.kz,homoglyph,,no
homebank.kz,xn--omeban-96a4m.kz,homoglyph,,no
homebank.kz,xn--omeban-96a6379f.kz,homoglyph,,no
homebank.kz,xn--omeban-96a6528c.kz,homoglyph,,no
homebank.kz,xn--omeban-96a88m.kz,homoglyph,,no
homebank.kz,xn--omeban-9h8dwa.kz,homoglyph,,no
homebank.kz,xn--omeban-9mc0468c.kz,homoglyph,,no
homebank.kz,xn--omeban-9mc4268c.kz,homoglyph,,no
homebank.kz,xn--omeban-9mc6377f.kz,homoglyph,,no
homebank.kz,xn--omeban-9mc6526c.kz,homoglyph,,no
homebank.kz,xn--omeban-9n7bod.kz,homoglyph,,no
homebank.kz,xn--omeban-9n7bw92j.kz,homoglyph,,no
homebank.kz,xn--omeban-9n7bwc.kz,homoglyph,,no
homebank.kz,xn--omeban-gq7b742j.kz,homoglyph,,no
homebank.kz,xn--omeban-gq7bz5a.kz,homoglyph,,no
homebank.kz,xn--omeban-h1c2708c.kz,homoglyph,,no
homebank.kz,xn--omeban-h1c6508c.kz,homoglyph,,no
homebank.kz,xn--omeban-h1c8617f.kz,homoglyph,,no
homebank.kz,xn--omeban-h1c8865c.kz,homoglyph,,no
homebank.kz,xn--omeban-hn7b403j.kz,homoglyph,,no
homebank.kz,xn--omeban-hn7b4d.kz,homoglyph,,no
homebank.kz,xn--omeban-hn7bwe.kz,homoglyph,,no
homebank.kz,xn--omeban-ncc1398c.kz,homoglyph,,no
homebank.kz,xn--omeban-ncc3698c.kz,homoglyph,,no
homebank.kz,xn--omeban-ncc5198c.kz,homoglyph,,no
homebank.kz,xn--omeban-ncc5389c.kz,homoglyph,,no
homebank.kz,xn--omeban-ncc70h.kz,homoglyph,,no
homebank.kz,xn--omeban-ncc7498c.kz,homoglyph,,no
homebank.kz,xn--omeban-ncc9318f.kz,homoglyph,,no
homebank.kz,xn--omeban-ncc93b.kz,homoglyph,,no
homebank.kz,xn--omeban-ncc9798c.kz,homoglyph,,no
homebank.kz,xn--omeban-o7a0279f.kz,homoglyph,,no
homebank.kz,xn--omeban-o7a0428c.kz,homoglyph,,no
homebank.kz,xn--omeban-o7a27m.kz,homoglyph,,no
homebank.kz,xn--omeban-o7a4260d.kz,homoglyph,,no
homebank.kz,xn--omeban-o7a6l.kz,homoglyph,,no
homebank.kz,xn--omeban-o7a8060d.kz,homoglyph,,no
homebank.kz,xn--omeban-o7a8k.kz,homoglyph,,no
homebank.kz,xn--omeban-o97b064i.kz,homoglyph,,no
homebank.kz,xn--omeban-om7b4f.kz,homoglyph,,no
homebank.kz,xn--omeban-om7bo23j.kz,homoglyph,,no
homebank.kz,xn--omeban-om7bof.kz,homoglyph,,no
homebank.kz,xn--omeban-u05b74k.kz,homoglyph,,no
homebank.kz,xn--omeban-u05b77g.kz,homoglyph,,no
homebank.kz,xn--omeban-u05br42k.kz,homoglyph,,no
homebank.kz,xn--omeban-u05br7g.kz,homoglyph,,no
homebank.kz,xn--omeban-u05br9g.kz,homoglyph,,no
homebank.kz,xn--omeban-u05bz6g.kz,homoglyph,,no
homebank.kz,xn--omeban-u05bz8g.kz,homoglyph,,no
homebank.kz,xn--omeban-vn7b4d.kz,homoglyph,,no
homebank.kz,xn--omeban-vn7bo03j.kz,homoglyph,,no
homebank.kz,xn--omeban-vn7bod.kz,homoglyph,,no
homebank.kz,xn--omebank-4yc.kz,homoglyph,,no
homebank.kz,xn--omebank-9u3c.kz,homoglyph,,no
homebank.kz,xn--omebank-dgd.kz,homoglyph,,no
homebank.kz,xn--omebank-du3c.kz,homoglyph,,no
homebank.kz,xn--omebank-fo7e.kz,homoglyph,,no
homebank.kz,xn--omebank-gdb.kz,homoglyph,,no
homebank.kz,xn--omebank-gt3c.kz,homoglyph,,no
homebank.kz,xn--omebank-qk4c.kz,homoglyph,,no
homebank.kz,xn--omebank-tu3c.kz,homoglyph,,no
homebank.kz,xn--omebank-wt3c.kz,homoglyph,,no
homebank.kz,xn--omebank-zcb.kz,homoglyph,,no
homebank.kz,xn--omebanlc-7hb.kz,homoglyph,,no
homebank.kz,xn--omebanlc-7z9c.kz,homoglyph,,no
homebank.kz,xn--omebanlc-809c.kz,homoglyph,,no
homebank.kz,xn--omebanlc-8td.kz,homoglyph,,no
homebank.kz,xn--omebanlc-919c.kz,homoglyph,,no
homebank.kz,xn--omebanlc-ku6f.kz,homoglyph,,no
homebank.kz,xn--omebanlc-phb.kz,homoglyph,,no
homebank.kz,xn--omebanlc-q09c.kz,homoglyph,,no
homebank.kz,xn--omebanlc-r19c.kz,homoglyph,,no
homebank.kz,xn--omebanlc-su0d.kz,homoglyph,,no
homebank.kz,xn--omebanlc-zbd.kz,homoglyph,,no
homebank.kz,xn--omebark-4yc.kz,homoglyph,,no
homebank.kz,xn--omebark-9u3c.kz,homoglyph,,no
homebank.kz,xn--omebark-dgd.kz,homoglyph,,no
homebank.kz,xn--omebark-du3c.kz,homoglyph,,no
homebank.kz,xn--omebark-fo7e.kz,homoglyph,,no
homebank.kz,xn--omebark-gdb.kz,homoglyph,,no
homebank.kz,xn--omebark-gt3c.kz,homoglyph,,no
homebank.kz,xn--omebark-qk4c.kz,homoglyph,,no
homebank.kz,xn--omebark-tu3c.kz,homoglyph,,no
homebank.kz,xn--omebark-wt3c.kz,homoglyph,,no
homebank.kz,xn--omebark-zcb.kz,homoglyph,,no
homebank.kz,xn--omebnk-2m7bm5b.kz,homoglyph,,no
homebank.kz,xn--omebnk-65b1819c.kz,homoglyph,,no
homebank.kz,xn--omebnk-65b3319c.kz,homoglyph,,no
homebank.kz,xn--omebnk-65b3500d.kz,homoglyph,,no
homebank.kz,xn--omebnk-65b52j.kz,homoglyph,,no
homebank.kz,xn--omebnk-65b5619c.kz,homoglyph,,no
homebank.kz,xn--omebnk-65b7538f.kz,homoglyph,,no
homebank.kz,xn--omebnk-65b75d.kz,homoglyph,,no
homebank.kz,xn--omebnk-65b7919c.kz,homoglyph,,no
homebank.kz,xn--omebnk-65b9419c.kz,homoglyph,,no
homebank.kz,xn--omebnk-6ta1601d.kz,homoglyph,,no
homebank.kz,xn--omebnk-6ta3101d.kz,homoglyph,,no
homebank.kz,xn--omebnk-6ta3391d.kz,homoglyph,,no
homebank.kz,xn--omebnk-6ta35c.kz,homoglyph,,no
homebank.kz,xn--omebnk-6ta502a.kz,homoglyph,,no
homebank.kz,xn--omebnk-6ta5401d.kz,homoglyph,,no
homebank.kz,xn--omebnk-6ta7320g.kz,homoglyph,,no
homebank.kz,xn--omebnk-6ta73c.kz,homoglyph,,no
homebank.kz,xn--omebnk-6ta73w.kz,homoglyph,,no
homebank.kz,xn--omebnk-6ta7701d.kz,homoglyph,,no
homebank.kz,xn--omebnk-6ta9201d.kz,homoglyph,,no
homebank.kz,xn--omebnk-6za1280d.kz,homoglyph,,no
homebank.kz,xn--omebnk-6za31a.kz,homoglyph,,no
homebank.kz,xn--omebnk-6za3770d.kz,homoglyph,,no
homebank.kz,xn--omebnk-6za3961d.kz,homoglyph,,no
homebank.kz,xn--omebnk-6za5080d.kz,homoglyph,,no
homebank.kz,xn--omebnk-6za56z.kz,homoglyph,,no
homebank.kz,xn--omebnk-6za7380d.kz,homoglyph,,no
homebank.kz,xn--omebnk-6za7999f.kz,homoglyph,,no
homebank.kz,xn--omebnk-6za79t.kz,homoglyph,,no
homebank.kz,xn--omebnk-6za7z.kz,homoglyph,,no
homebank.kz,xn--omebnk-6za9870d.kz,homoglyph,,no
homebank.kz,xn--omebnk-96a07k.kz,homoglyph,,no
homebank.kz,xn--omebnk-96a2051d.kz,homoglyph,,no
homebank.kz,xn--omebnk-96a28r.kz,homoglyph,,no
homebank.kz,xn--omebnk-96a28v.kz,homoglyph,,no
homebank.kz,xn--omebnk-96a81v.kz,homoglyph,,no
homebank.kz,xn--omebnk-9mc2059c.kz,homoglyph,,no
homebank.kz,xn--omebnk-9mc28b.kz,homoglyph,,no
homebank.kz,xn--omebnk-9mc2e.kz,homoglyph,,no
homebank.kz,xn--omebnk-9mc81b.kz,homoglyph,,no
homebank.kz,xn--omebnk-9n7bm3b.kz,homoglyph,,no
homebank.kz,xn--omebnk-eua1201d.kz,homoglyph,,no
homebank.kz,xn--omebnk-eua3501d.kz,homoglyph,,no
homebank.kz,xn--omebnk-eua5001d.kz,homoglyph,,no
homebank.kz,xn--omebnk-eua5291d.kz,homoglyph,,no
homebank.kz,xn--omebnk-eua54c.kz,homoglyph,,no
homebank.kz,xn--omebnk-eua7301d.kz,homoglyph,,no
homebank.kz,xn--omebnk-eua791a.kz,homoglyph,,no
homebank.kz,xn--omebnk-eua9220g.kz,homoglyph,,no
homebank.kz,xn--omebnk-eua92c.kz,homoglyph,,no
homebank.kz,xn--omebnk-eua92w.kz,homoglyph,,no
homebank.kz,xn--omebnk-eua9601d.kz,homoglyph,,no
homebank.kz,xn--omebnk-exc1018c.kz,homoglyph,,no
homebank.kz,xn--omebnk-exc3318c.kz,homoglyph,,no
homebank.kz,xn--omebnk-exc5009c.kz,homoglyph,,no
homebank.kz,xn--omebnk-exc5808c.kz,homoglyph,,no
homebank.kz,xn--omebnk-exc7118c.kz,homoglyph,,no
homebank.kz,xn--omebnk-exc7n.kz,homoglyph,,no
homebank.kz,xn--omebnk-exc9037f.kz,homoglyph,,no
homebank.kz,xn--omebnk-exc9418c.kz,homoglyph,,no
homebank.kz,xn--omebnk-h1c4398c.kz,homoglyph,,no
homebank.kz,xn--omebnk-hn7bu4b.kz,homoglyph,,no
homebank.kz,xn--omebnk-l0a1280d.kz,homoglyph,,no
homebank.kz,xn--omebnk-l0a1899f.kz,homoglyph,,no
homebank.kz,xn--omebnk-l0a18t.kz,homoglyph,,no
homebank.kz,xn--omebnk-l0a1y.kz,homoglyph,,no
homebank.kz,xn--omebnk-l0a3770d.kz,homoglyph,,no
homebank.kz,xn--omebnk-l0a5080d.kz,homoglyph,,no
homebank.kz,xn--omebnk-l0a7570d.kz,homoglyph,,no
homebank.kz,xn--omebnk-l0a7761d.kz,homoglyph,,no
homebank.kz,xn--omebnk-l0a7z.kz,homoglyph,,no
homebank.kz,xn--omebnk-l0a94z.kz,homoglyph,,no
homebank.kz,xn--omebnk-l0a9870d.kz,homoglyph,,no
homebank.kz,xn--omebnk-lta1011d.kz,homoglyph,,no
homebank.kz,xn--omebnk-lta1620g.kz,homoglyph,,no
homebank.kz,xn--omebnk-lta16c.kz,homoglyph,,no
homebank.kz,xn--omebnk-lta16w.kz,homoglyph,,no
homebank.kz,xn--omebnk-lta3501d.kz,homoglyph,,no
homebank.kz,xn--omebnk-lta5801d.kz,homoglyph,,no
homebank.kz,xn--omebnk-lta7301d.kz,homoglyph,,no
homebank.kz,xn--omebnk-lta7591d.kz,homoglyph,,no
homebank.kz,xn--omebnk-lta77c.kz,homoglyph,,no
homebank.kz,xn--omebnk-lta922a.kz,homoglyph,,no
homebank.kz,xn--omebnk-lta9601d.kz,homoglyph,,no
homebank.kz,xn--omebnk-lua1220g.kz,homoglyph,,no
homebank.kz,xn--omebnk-lua12c.kz,homoglyph,,no
homebank.kz,xn--omebnk-lua12w.kz,homoglyph,,no
homebank.kz,xn--omebnk-lua1601d.kz,homoglyph,,no
homebank.kz,xn--omebnk-lua3101d.kz,homoglyph,,no
homebank.kz,xn--omebnk-lua5401d.kz,homoglyph,,no
homebank.kz,xn--omebnk-lua7191d.kz,homoglyph,,no
homebank.kz,xn--omebnk-lua73c.kz,homoglyph,,no
homebank.kz,xn--omebnk-lua7990d.kz,homoglyph,,no
homebank.kz,xn--omebnk-lua9201d.kz,homoglyph,,no
homebank.kz,xn--omebnk-lua981a.kz,homoglyph,,no
homebank.kz,xn--omebnk-o7a20v.kz,homoglyph,,no
homebank.kz,xn--omebnk-o7a45k.kz,homoglyph,,no
homebank.kz,xn--omebnk-o7a66r.kz,homoglyph,,no
homebank.kz,xn--omebnk-o7a66v.kz,homoglyph,,no
homebank.kz,xn--omebnk-o7a6841d.kz,homoglyph,,no
homebank.kz,xn--omebnk-o97brd.kz,homoglyph,,no
homebank.kz,xn--omebnk-om7b25b.kz,homoglyph,,no
homebank.kz,xn--omebnk-sta122a.kz,homoglyph,,no
homebank.kz,xn--omebnk-sta1601d.kz,homoglyph,,no
homebank.kz,xn--omebnk-sta3520g.kz,homoglyph,,no
homebank.kz,xn--omebnk-sta35c.kz,homoglyph,,no
homebank.kz,xn--omebnk-sta35w.kz,homoglyph,,no
homebank.kz,xn--omebnk-sta3901d.kz,homoglyph,,no
homebank.kz,xn--omebnk-sta5401d.kz,homoglyph,,no
homebank.kz,xn--omebnk-sta7701d.kz,homoglyph,,no
homebank.kz,xn--omebnk-sta9201d.kz,homoglyph,,no
homebank.kz,xn--omebnk-sta9491d.kz,homoglyph,,no
homebank.kz,xn--omebnk-sta96c.kz,homoglyph,,no
homebank.kz,xn--omebnk-vn7b23b.kz,homoglyph,,no
homebank.kz,xn--omebnk-z0a1470d.kz,homoglyph,,no
homebank.kz,xn--omebnk-z0a1661d.kz,homoglyph,,no
homebank.kz,xn--omebnk-z0a1y.kz,homoglyph,,no
homebank.kz,xn--omebnk-z0a33z.kz,homoglyph,,no
homebank.kz,xn--omebnk-z0a3770d.kz,homoglyph,,no
homebank.kz,xn--omebnk-z0a5080d.kz,homoglyph,,no
homebank.kz,xn--omebnk-z0a5699f.kz,homoglyph,,no
homebank.kz,xn--omebnk-z0a56t.kz,homoglyph,,no
homebank.kz,xn--omebnk-z0a5w.kz,homoglyph,,no
homebank.kz,xn--omebnk-z0a7570d.kz,homoglyph,,no
homebank.kz,xn--omebnk-z0a9870d.kz,homoglyph,,no
homebank.kz,xn--omebnk-zc8bl24i.kz,homoglyph,,no
homebank.kz,xn--omebnk-zoc1248c.kz,homoglyph,,no
homebank.kz,xn--omebnk-zoc1439c.kz,homoglyph,,no
homebank.kz,xn--omebnk-zoc31c.kz,homoglyph,,no
homebank.kz,xn--omebnk-zoc3548c.kz,homoglyph,,no
homebank.kz,xn--omebnk-zoc5467f.kz,homoglyph,,no
homebank.kz,xn--omebnk-zoc5848c.kz,homoglyph,,no
homebank.kz,xn--omebnk-zoc7348c.kz,homoglyph,,no
homebank.kz,xn--omebnk-zoc9648c.kz,homoglyph,,no
homebank.kz,xn--omebnk-zta1201d.kz,homoglyph,,no
homebank.kz,xn--omebnk-zta1491d.kz,homoglyph,,no
homebank.kz,xn--omebnk-zta16c.kz,homoglyph,,no
homebank.kz,xn--omebnk-zta312a.kz,homoglyph,,no
homebank.kz,xn--omebnk-zta3501d.kz,homoglyph,,no
homebank.kz,xn--omebnk-zta5420g.kz,homoglyph,,no
homebank.kz,xn--omebnk-zta54c.kz,homoglyph,,no
homebank.kz,xn--omebnk-zta54w.kz,homoglyph,,no
homebank.kz,xn--omebnk-zta5801d.kz,homoglyph,,no
homebank.kz,xn--omebnk-zta7301d.kz,homoglyph,,no
homebank.kz,xn--omebnk-zta9601d.kz,homoglyph,,no
homebank.kz,xn--omebnk-zyc1208c.kz,homoglyph,,no
homebank.kz,xn--omebnk-zyc1498c.kz,homoglyph,,no
homebank.kz,xn--omebnk-zyc3508c.kz,homoglyph,,no
homebank.kz,xn--omebnk-zyc3h.kz,homoglyph,,no
homebank.kz,xn--omebnk-zyc5427f.kz,homoglyph,,no
homebank.kz,xn--omebnk-zyc5808c.kz,homoglyph,,no
homebank.kz,xn--omebnk-zyc7308c.kz,homoglyph,,no
homebank.kz,xn--omebnk-zyc9608c.kz,homoglyph,,no
homebank.kz,xn--omedank-4yc.kz,homoglyph,,no
homebank.kz,xn--omedank-9u3c.kz,homoglyph,,no
homebank.kz,xn--omedank-dgd.kz,homoglyph,,no
homebank.kz,xn--omedank-du3c.kz,homoglyph,,no
homebank.kz,xn--omedank-fo7e.kz,homoglyph,,no
homebank.kz,xn--omedank-gdb.kz,homoglyph,,no
homebank.kz,xn--omedank-gt3c.kz,homoglyph,,no
homebank.kz,xn--omedank-qk4c.kz,homoglyph,,no
homebank.kz,xn--omedank-tu3c.kz,homoglyph,,no
homebank.kz,xn--omedank-wt3c.kz,homoglyph,,no
homebank.kz,xn--omedank-zcb.kz,homoglyph,,no
homebank.kz,xn--omelbank-7hb.kz,homoglyph,,no
homebank.kz,xn--omelbank-7z9c.kz,homoglyph,,no
homebank.kz,xn--omelbank-809c.kz,homoglyph,,no
homebank.kz,xn--omelbank-8td.kz,homoglyph,,no
homebank.kz,xn--omelbank-919c.kz,homoglyph,,no
homebank.kz,xn--omelbank-ku6f.kz,homoglyph,,no
homebank.kz,xn--omelbank-phb.kz,homoglyph,,no
homebank.kz,xn--omelbank-q09c.kz,homoglyph,,no
homebank.kz,xn--omelbank-r19c.kz,homoglyph,,no
homebank.kz,xn--omelbank-su0d.kz,homoglyph,,no
homebank.kz,xn--omelbank-zbd.kz,homoglyph,,no
homebank.kz,xn--onebank-4yc.kz,homoglyph,,no
homebank.kz,xn--onebank-9u3c.kz,homoglyph,,no
homebank.kz,xn--onebank-dgd.kz,homoglyph,,no
homebank.kz,xn--onebank-du3c.kz,homoglyph,,no
homebank.kz,xn--onebank-fo7e.kz,homoglyph,,no
homebank.kz,xn--onebank-gdb.kz,homoglyph,,no
homebank.kz,xn--onebank-gt3c.kz,homoglyph,,no
homebank.kz,xn--onebank-qk4c.kz,homoglyph,,no
homebank.kz,xn--onebank-tu3c.kz,homoglyph,,no
homebank.kz,xn--onebank-wt3c.kz,homoglyph,,no
homebank.kz,xn--onebank-zcb.kz,homoglyph,,no
homebank.kz,xn--onnebank-7hb.kz,homoglyph,,no
homebank.kz,xn--onnebank-7z9c.kz,homoglyph,,no
homebank.kz,xn--onnebank-809c.kz,homoglyph,,no
homebank.kz,xn--onnebank-8td.kz,homoglyph,,no
homebank.kz,xn--onnebank-919c.kz,homoglyph,,no
homebank.kz,xn--onnebank-ku6f.kz,homoglyph,,no
homebank.kz,xn--onnebank-phb.kz,homoglyph,,no
homebank.kz,xn--onnebank-q09c.kz,homoglyph,,no
homebank.kz,xn--onnebank-r19c.kz,homoglyph,,no
homebank.kz,xn--onnebank-su0d.kz,homoglyph,,no
homebank.kz,xn--onnebank-zbd.kz,homoglyph,,no
homebank.kz,xn--ornebank-7hb.kz,homoglyph,,no
homebank.kz,xn--ornebank-7z9c.kz,homoglyph,,no
homebank.kz,xn--ornebank-809c.kz,homoglyph,,no
homebank.kz,xn--ornebank-8td.kz,homoglyph,,no
homebank.kz,xn--ornebank-919c.kz,homoglyph,,no
homebank.kz,xn--ornebank-ku6f.kz,homoglyph,,no
homebank.kz,xn--ornebank-phb.kz,homoglyph,,no
homebank.kz,xn--ornebank-q09c.kz,homoglyph,,no
homebank.kz,xn--ornebank-r19c.kz,homoglyph,,no
homebank.kz,xn--ornebank-su0d.kz,homoglyph,,no
homebank.kz,xn--ornebank-zbd.kz,homoglyph,,no
homebank.kz,h-omebank.kz,hyphenation,,no
homebank.kz,ho-mebank.kz,hyphenation,,no
homebank.kz,hom-ebank.kz,hyphenation,,no
homebank.kz,home-bank.kz,hyphenation,,no
homebank.kz,homeb-ank.kz,hyphenation,,no
homebank.kz,homeba-nk.kz,hyphenation,,no
homebank.kz,homeban-k.kz,hyphenation,,no
homebank.kz,bhomebank.kz,insertion,,no
homebank.kz,ghomebank.kz,insertion,,no
homebank.kz,h0omebank.kz,insertion,,no
homebank.kz,h9omebank.kz,insertion,,no
homebank.kz,hbomebank.kz,insertion,,no
homebank.kz,hgomebank.kz,insertion,,no
homebank.kz,hiomebank.kz,insertion,,no
homebank.kz,hjomebank.kz,insertion,,no
homebank.kz,hkomebank.kz,insertion,,no
homebank.kz,hlomebank.kz,insertion,,no
homebank.kz,hnomebank.kz,insertion,,no
homebank.kz,ho0mebank.kz,insertion,,no
homebank.kz,ho9mebank.kz,insertion,,no
homebank.kz,hoimebank.kz,insertion,,no
homebank.kz,hojmebank.kz,insertion,,no
homebank.kz,hokmebank.kz,insertion,,no
homebank.kz,holmebank.kz,insertion,,no
homebank.kz,hom3ebank.kz,insertion,,no
homebank.kz,hom4ebank.kz,insertion,,no
homebank.kz,homdebank.kz,insertion,,no
homebank.kz,home3bank.kz,insertion,,no
homebank.kz,home4bank.kz,insertion,,no
homebank.kz,homeb1ank.kz,insertion,,no
homebank.kz,homeb2ank.kz,insertion,,no
homebank.kz,homeba1nk.kz,insertion,,no
homebank.kz,homeba2nk.kz,insertion,,no
homebank.kz,homebabnk.kz,insertion,,no
homebank.kz,homebahnk.kz,insertion,,no
homebank.kz,homebajnk.kz,insertion,,no
homebank.kz,homebamnk.kz,insertion,,no
homebank.kz,homebanbk.kz,insertion,,no
homebank.kz,homebanhk.kz,insertion,,no
homebank.kz,homebanjk.kz,insertion,,no
homebank.kz,homebanmk.kz,insertion,,no
homebank.kz,homebaqnk.kz,insertion,,no
homebank.kz,homebasnk.kz,insertion,,no
homebank.kz,homebawnk.kz,insertion,,no
homebank.kz,homebaynk.kz,insertion,,no
homebank.kz,homebaznk.kz,insertion,,no
homebank.kz,homebgank.kz,insertion,,no
homebank.kz,homebhank.kz,insertion,,no
homebank.kz,homebnank.kz,insertion,,no
homebank.kz,homebqank.kz,insertion,,no
homebank.kz,homebsank.kz,insertion,,no
homebank.kz,homebvank.kz,insertion,,no
homebank.kz,homebwank.kz,insertion,,no
homebank.kz,homebyank.kz,insertion,,no
homebank.kz,homebzank.kz,insertion,,no
homebank.kz,homedbank.kz,insertion,,no
homebank.kz,homegbank.kz,insertion,,no
homebank.kz,homehbank.kz,insertion,,no
homebank.kz,homenbank.kz,insertion,,no
homebank.kz,homerbank.kz,insertion,,no
homebank.kz,homesbank.kz,insertion,,no
homebank.kz,homevbank.kz,insertion,,no
homebank.kz,homewbank.kz,insertion,,no
homebank.kz,homezbank.kz,insertion,,no
homebank.kz,homjebank.kz,insertion,,no
homebank.kz,homkebank.kz,insertion,,no
homebank.kz,homlebank.kz,insertion,,no
homebank.kz,hompebank.kz,insertion,,no
homebank.kz,homrebank.kz,insertion,,no
homebank.kz,homsebank.kz,insertion,,no
homebank.kz,homwebank.kz,insertion,,no
homebank.kz,homzebank.kz,insertion,,no
homebank.kz,hopmebank.kz,insertion,,no
homebank.kz,hpomebank.kz,insertion,,no
homebank.kz,huomebank.kz,insertion,,no
homebank.kz,hyomebank.kz,insertion,,no
homebank.kz,hzomebank.kz,insertion,,no
homebank.kz,jhomebank.kz,insertion,,no
homebank.kz,nhomebank.kz,insertion,,no
homebank.kz,uhomebank.kz,insertion,,no
homebank.kz,yhomebank.kz,insertion,,no
homebank.kz,zhomebank.kz,insertion,,no
homebank.kz,hmebank.kz,omission,,no
homebank.kz,hoebank.kz,omission,,no
homebank.kz,hombank.kz,omission,,no
homebank.kz,homeank.kz,omission,,no
homebank.kz,homebak.kz,omission,,no
homebank.kz,homeban.kz,omission,,no
homebank.kz,homebnk.kz,omission,,no
homebank.kz,omebank.kz,omission,,no
homebank.kz,hhomebank.kz,repetition,,no
homebank.kz,homebaank.kz,repetition,,no
homebank.kz,homebbank.kz,repetition,,no
homebank.kz,homeebank.kz,repetition,,no
homebank.kz,hoomebank.kz,repetition,,no
homebank.kz,bomebank.kz,replacement,,no
homebank.kz,gomebank.kz,replacement,,no
homebank.kz,h9mebank.kz,replacement,,no
homebank.kz,himebank.kz,replacement,,no
homebank.kz,hlmebank.kz,replacement,,no
homebank.kz,hojebank.kz,replacement,,no
homebank.kz,hokebank.kz,replacement,,no
homebank.kz,hom3bank.kz,replacement,,no
homebank.kz,hom4bank.kz,replacement,,no
homebank.kz,homeb1nk.kz,replacement,,no
homebank.kz,homeb2nk.kz,replacement,,no
homebank.kz,homebabk.kz,replacement,,no
homebank.kz,homebahk.kz,replacement,,no
homebank.kz,homebanl.kz,replacement,,no
homebank.kz,homebanm.kz,replacement,,no
homebank.kz,homebsnk.kz,replacement,,no
homebank.kz,homebwnk.kz,replacement,,no
homebank.kz,homebynk.kz,replacement,,no
homebank.kz,homebznk.kz,replacement,,no
homebank.kz,homegank.kz,replacement,,no
homebank.kz,homehank.kz,replacement,,no
homebank.kz,homenank.kz,replacement,,no
homebank.kz,homevank.kz,replacement,,no
homebank.kz,homrbank.kz,replacement,,no
homebank.kz,homsbank.kz,replacement,,no
homebank.kz,homwbank.kz,replacement,,no
homebank.kz,homzbank.kz,replacement,,no
homebank.kz,hopebank.kz,replacement,,no
homebank.kz,hpmebank.kz,replacement,,no
homebank.kz,nomebank.kz,replacement,,no
homebank.kz,uomebank.kz,replacement,,no
homebank.kz,yomebank.kz,replacement,,no
homebank.kz,zomebank.kz,replacement,,no
homebank.kz,h.omebank.kz,subdomain,,no
homebank.kz,ho.mebank.kz,subdomain,,no
homebank.kz,hom.ebank.kz,subdomain,,no
homebank.kz,home.bank.kz,subdomain,,no
homebank.kz,homeb.ank.kz,subdomain,,no
homebank.kz,homeba.nk.kz,subdomain,,no
homebank.kz,hmoebank.kz,transposition,,no
homebank.kz,hoembank.kz,transposition,,no
homebank.kz,hombeank.kz,transposition,,no
homebank.kz,homeabnk.kz,transposition,,no
homebank.kz,homebakn.kz,transposition,,no
homebank.kz,homebnak.kz,transposition,,no
homebank.kz,ohmebank.kz,transposition,,no
homebank.kz,homebank-kz.com,various,,no
homebank.kz,homebankkz.com,various,,no
homebank.kz,homebankkz.kz,various,,no
homebank.kz,hamebank.kz,vowel-swap,,no
homebank.kz,hemebank.kz,vowel-swap,,no
homebank.kz,homebonk.kz,vowel-swap,,no
homebank.kz,homebunk.kz,vowel-swap,,no
homebank.kz,homibank.kz,vowel-swap,,no
homebank.kz,homobank.kz,vowel-swap,,no
homebank.kz,humebank.kz,vowel-swap,,no
halykbank.kz,halykbank0.kz,addition,,no
halykbank.kz,halykbank1.kz,addition,,no
halykbank.kz,halykbank2.kz,addition,,no
halykbank.kz,halykbank3.kz,addition,,no
halykbank.kz,halykbank4.kz,addition,,no
halykbank.kz,halykbank5.kz,addition,,no
halykbank.kz,halykbank6.kz,addition,,no
halykbank.kz,halykbank7.kz,addition,,no
halykbank.kz,halykbank8.kz,addition,,no
halykbank.kz,halykbank9.kz,addition,,no
halykbank.kz,halykbanka.kz,addition,,no
halykbank.kz,halykbankb.kz,addition,,no
halykbank.kz,halykbankc.kz,addition,,no
halykbank.kz,halykbankd.kz,addition,,no
halykbank.kz,halykbanke.kz,addition,,no
halykbank.kz,halykbankf.kz,addition,,no
halykbank.kz,halykbankg.kz,addition,,no
halykbank.kz,halykbankh.kz,addition,,no
halykbank.kz,halykbanki.kz,addition,,no
halykbank.kz,halykbankj.kz,addition,,no
halykbank.kz,halykbankk.kz,addition,,no
halykbank.kz,halykbankl.kz,addition,,no
halykbank.kz,halykbankm.kz,addition,,no
halykbank.kz,halykbankn.kz,addition,,no
halykbank.kz,halykbanko.kz,addition,,no
halykbank.kz,halykbankp.kz,addition,,no
halykbank.kz,halykbankq.kz,addition,,no
halykbank.kz,halykbankr.kz,addition,,no
halykbank.kz,halykbanks.kz,addition,,no
halykbank.kz,halykbankt.kz,addition,,no
halykbank.kz,halykbanku.kz,addition,,no
halykbank.kz,halykbankv.kz,addition,,no
halykbank.kz,halykbankw.kz,addition,,no
halykbank.kz,halykbankx.kz,addition,,no
halykbank.kz,halykbanky.kz,addition,,no
halykbank.kz,halykbankz.kz,addition,,no
halykbank.kz,hadykbank.kz,bitsquatting,,no
halykbank.kz,hahykbank.kz,bitsquatting,,no
halykbank.kz,hal9kbank.kz,bitsquatting,,no
halykbank.kz,halikbank.kz,bitsquatting,,no
halykbank.kz,halqkbank.kz,bitsquatting,,no
halykbank.kz,halxkbank.kz,bitsquatting,,no
halykbank.kz,halycbank.kz,bitsquatting,,no
halykbank.kz,halyibank.kz,bitsquatting,,no
halykbank.kz,halyjbank.kz,bitsquatting,,no
halykbank.kz,halykbafk.kz,bitsquatting,,no
halykbank.kz,halykbajk.kz,bitsquatting,,no
halykbank.kz,halykbalk.kz,bitsquatting,,no
halykbank.kz,halykbanc.kz,bitsquatting,,no
halykbank.kz,halykbani.kz,bitsquatting,,no
halykbank.kz,halykbanj.kz,bitsquatting,,no
halykbank.kz,halykbano.kz,bitsquatting,,no
halykbank.kz,halykbaok.kz,bitsquatting,,no
halykbank.kz,halykbcnk.kz,bitsquatting,,no
halykbank.kz,halykbenk.kz,bitsquatting,,no
halykbank.kz,halykbink.kz,bitsquatting,,no
halykbank.kz,halykbqnk.kz,bitsquatting,,no
halykbank.kz,halykcank.kz,bitsquatting,,no
halykbank.kz,halykfank.kz,bitsquatting,,no
halykbank.kz,halykjank.kz,bitsquatting,,no
halykbank.kz,halykrank.kz,bitsquatting,,no
halykbank.kz,halyobank.kz,bitsquatting,,no
halykbank.kz,hamykbank.kz,bitsquatting,,no
halykbank.kz,hanykbank.kz,bitsquatting,,no
halykbank.kz,hclykbank.kz,bitsquatting,,no
halykbank.kz,helykbank.kz,bitsquatting,,no
halykbank.kz,hilykbank.kz,bitsquatting,,no
halykbank.kz,hqlykbank.kz,bitsquatting,,no
halykbank.kz,ialykbank.kz,bitsquatting,,no
halykbank.kz,jalykbank.kz,bitsquatting,,no
halykbank.kz,lalykbank.kz,bitsquatting,,no
halykbank.kz,xalykbank.kz,bitsquatting,,no
halykbank.kz,1halykbank.kz,homoglyph,,no
halykbank.kz,ha1ykbamk.kz,homoglyph,,no
halykbank.kz,ha1ykbank.kz,homoglyph,,no
halykbank.kz,ha1ykbanlc.kz,homoglyph,,no
halykbank.kz,ha1ykbark.kz,homoglyph,,no
halykbank.kz,ha1ykdank.kz,homoglyph,,no
halykbank.kz,ha1yklbank.kz,homoglyph,,no
halykbank.kz,ha1ylcbank.kz,homoglyph,,no
halykbank.kz,haiykbamk.kz,homoglyph,,no
halykbank.kz,haiykbank.kz,homoglyph,,no
halykbank.kz,haiykbanlc.kz,homoglyph,,no
halykbank.kz,haiykbark.kz,homoglyph,,no
halykbank.kz,haiykdank.kz,homoglyph,,no
halykbank.kz,haiyklbank.kz,homoglyph,,no
halykbank.kz,haiylcbank.kz,homoglyph,,no
halykbank.kz,haly1cbank.kz,homoglyph,,no
halykbank.kz,halyicbank.kz,homoglyph,,no
halykbank.kz,halyk1bank.kz,homoglyph,,no
halykbank.kz,halykbamk.kz,homoglyph,,no
halykbank.kz,halykbamlc.kz,homoglyph,,no
halykbank.kz,halykban1c.kz,homoglyph,,no
halykbank.kz,halykbanic.kz,homoglyph,,no
halykbank.kz,halykbanlc.kz,homoglyph,,no
halykbank.kz,halykbanle.kz,homoglyph,,no
halykbank.kz,halykbannk.kz,homoglyph,,no
halykbank.kz,halykbark.kz,homoglyph,,no
halykbank.kz,halykbarlc.kz,homoglyph,,no
halykbank.kz,halykbarnk.kz,homoglyph,,no
halykbank.kz,halykclank.kz,homoglyph,,no
halykbank.kz,halykdamk.kz,homoglyph,,no
halykbank.kz,halykdank.kz,homoglyph,,no
halykbank.kz,halykdanlc.kz,homoglyph,,no
halykbank.kz,halykdark.kz,homoglyph,,no
halykbank.kz,halykdlank.kz,homoglyph,,no
halykbank.kz,halykibank.kz,homoglyph,,no
halykbank.kz,halyklbamk.kz,homoglyph,,no
halykbank.kz,halyklbank.kz,homoglyph,,no
halykbank.kz,halyklbanlc.kz,homoglyph,,no
halykbank.kz,halyklbark.kz,homoglyph,,no
halykbank.kz,halykldank.kz,homoglyph,,no
halykbank.kz,halykllbank.kz,homoglyph,,no
halykbank.kz,halylcbamk.kz,homoglyph,,no
halykbank.kz,halylcbank.kz,homoglyph,,no
halykbank.kz,halylcbanlc.kz,homoglyph,,no
halykbank.kz,halylcbark.kz,homoglyph,,no
halykbank.kz,halylcdank.kz,homoglyph,,no
halykbank.kz,halylclbank.kz,homoglyph,,no
halykbank.kz,halylebank.kz,homoglyph,,no
halykbank.kz,ihalykbank.kz,homoglyph,,no
halykbank.kz,lha1ykbank.kz,homoglyph,,no
halykbank.kz,lhaiykbank.kz,homoglyph,,no
halykbank.kz,lhalykbamk.kz,homoglyph,,no
halykbank.kz,lhalykbank.kz,homoglyph,,no
halykbank.kz,lhalykbanlc.kz,homoglyph,,no
halykbank.kz,lhalykbark.kz,homoglyph,,no
halykbank.kz,lhalykdank.kz,homoglyph,,no
halykbank.kz,lhalyklbank.kz,homoglyph,,no
halykbank.kz,lhalylcbank.kz,homoglyph,,no
halykbank.kz,llhalykbank.kz,homoglyph,,no
halykbank.kz,xn--a1ykbank-7hb.kz,homoglyph,,no
halykbank.kz,xn--a1ykbank-7z9c.kz,homoglyph,,no
halykbank.kz,xn--a1ykbank-809c.kz,homoglyph,,no
halykbank.kz,xn--a1ykbank-8td.kz,homoglyph,,no
halykbank.kz,xn--a1ykbank-919c.kz,homoglyph,,no
halykbank.kz,xn--a1ykbank-ku6f.kz,homoglyph,,no
halykbank.kz,xn--a1ykbank-phb.kz,homoglyph,,no
halykbank.kz,xn--a1ykbank-q09c.kz,homoglyph,,no
halykbank.kz,xn--a1ykbank-r19c.kz,homoglyph,,no
halykbank.kz,xn--a1ykbank-su0d.kz,homoglyph,,no
halykbank.kz,xn--a1ykbank-zbd.kz,homoglyph,,no
halykbank.kz,xn--aiykbank-7hb.kz,homoglyph,,no
halykbank.kz,xn--aiykbank-7z9c.kz,homoglyph,,no
halykbank.kz,xn--aiykbank-809c.kz,homoglyph,,no
halykbank.kz,xn--aiykbank-8td.kz,homoglyph,,no
halykbank.kz,xn--aiykbank-919c.kz,homoglyph,,no
halykbank.kz,xn--aiykbank-ku6f.kz,homoglyph,,no
halykbank.kz,xn--aiykbank-phb.kz,homoglyph,,no
halykbank.kz,xn--aiykbank-q09c.kz,homoglyph,,no
halykbank.kz,xn--aiykbank-r19c.kz,homoglyph,,no
halykbank.kz,xn--aiykbank-su0d.kz,homoglyph,,no
halykbank.kz,xn--aiykbank-zbd.kz,homoglyph,,no
halykbank.kz,xn--alkbank-4yc42h.kz,homoglyph,,no
halykbank.kz,xn--alkbank-4yc4467d.kz,homoglyph,,no
halykbank.kz,xn--alkbank-4yc4557d.kz,homoglyph,,no
halykbank.kz,xn--alkbank-4yc6366d.kz,homoglyph,,no
halykbank.kz,xn--alkbank-4yc6p.kz,homoglyph,,no
halykbank.kz,xn--alkbank-4yc84b.kz,homoglyph,,no
halykbank.kz,xn--alkbank-59c1825d.kz,homoglyph,,no
halykbank.kz,xn--alkbank-59c2626d.kz,homoglyph,,no
halykbank.kz,xn--alkbank-59c3625d.kz,homoglyph,,no
halykbank.kz,xn--alkbank-59c4018g.kz,homoglyph,,no
halykbank.kz,xn--alkbank-59c5425d.kz,homoglyph,,no
halykbank.kz,xn--alkbank-59c7225d.kz,homoglyph,,no
halykbank.kz,xn--alkbank-59c8r.kz,homoglyph,,no
halykbank.kz,xn--alkbank-59c9925d.kz,homoglyph,,no
halykbank.kz,xn--alkbank-6i4c198j.kz,homoglyph,,no
halykbank.kz,xn--alkbank-6i4c9b.kz,homoglyph,,no
halykbank.kz,xn--alkbank-9u3c19a.kz,homoglyph,,no
halykbank.kz,xn--alkbank-9u3c99e.kz,homoglyph,,no
halykbank.kz,xn--alkbank-9u3cu6e.kz,homoglyph,,no
halykbank.kz,xn--alkbank-d3a1528d.kz,homoglyph,,no
halykbank.kz,xn--alkbank-d3a17a.kz,homoglyph,,no
halykbank.kz,xn--alkbank-d3a243a.kz,homoglyph,,no
halykbank.kz,xn--alkbank-d3a30x.kz,homoglyph,,no
halykbank.kz,xn--alkbank-d3a3238d.kz,homoglyph,,no
halykbank.kz,xn--alkbank-d3a35a.kz,homoglyph,,no
halykbank.kz,xn--alkbank-d3a5038d.kz,homoglyph,,no
halykbank.kz,xn--alkbank-d3a6829d.kz,homoglyph,,no
halykbank.kz,xn--alkbank-d3a7828d.kz,homoglyph,,no
halykbank.kz,xn--alkbank-d3a8211h.kz,homoglyph,,no
halykbank.kz,xn--alkbank-d3a9628d.kz,homoglyph,,no
halykbank.kz,xn--alkbank-dgd5007d.kz,homoglyph,,no
halykbank.kz,xn--alkbank-dgd5196d.kz,homoglyph,,no
halykbank.kz,xn--alkbank-dgd58a.kz,homoglyph,,no
halykbank.kz,xn--alkbank-dgd7995d.kz,homoglyph,,no
halykbank.kz,xn--alkbank-du3c57e.kz,homoglyph,,no
halykbank.kz,xn--alkbank-du3cn1b.kz,homoglyph,,no
halykbank.kz,xn--alkbank-du3cv1f.kz,homoglyph,,no
halykbank.kz,xn--alkbank-gdb08x.kz,homoglyph,,no
halykbank.kz,xn--alkbank-gdb58j.kz,homoglyph,,no
halykbank.kz,xn--alkbank-gdb63e.kz,homoglyph,,no
halykbank.kz,xn--alkbank-gdb653a.kz,homoglyph,,no
halykbank.kz,xn--alkbank-gdb6789d.kz,homoglyph,,no
halykbank.kz,xn--alkbank-gdb6879d.kz,homoglyph,,no
halykbank.kz,xn--alkbank-gdb82v.kz,homoglyph,,no
halykbank.kz,xn--alkbank-gdb8688d.kz,homoglyph,,no
halykbank.kz,xn--alkbank-gt3c62f.kz,homoglyph,,no
halykbank.kz,xn--alkbank-gt3cr9e.kz,homoglyph,,no
halykbank.kz,xn--alkbank-gt3cy2b.kz,homoglyph,,no
halykbank.kz,xn--alkbank-i64cs50j.kz,homoglyph,,no
halykbank.kz,xn--alkbank-q9b0466d.kz,homoglyph,,no
halykbank.kz,xn--alkbank-q9b2266d.kz,homoglyph,,no
halykbank.kz,xn--alkbank-q9b31n.kz,homoglyph,,no
halykbank.kz,xn--alkbank-q9b47g.kz,homoglyph,,no
halykbank.kz,xn--alkbank-q9b4966d.kz,homoglyph,,no
halykbank.kz,xn--alkbank-q9b6766d.kz,homoglyph,,no
halykbank.kz,xn--alkbank-q9b7567d.kz,homoglyph,,no
halykbank.kz,xn--alkbank-q9b8566d.kz,homoglyph,,no
halykbank.kz,xn--alkbank-q9b9949g.kz,homoglyph,,no
halykbank.kz,xn--alkbank-qk4cl0b.kz,homoglyph,,no
halykbank.kz,xn--alkbank-qk4cz6a.kz,homoglyph,,no
halykbank.kz,xn--alkbank-r3c07b.kz,homoglyph,,no
halykbank.kz,xn--alkbank-r3c1555d.kz,homoglyph,,no
halykbank.kz,xn--alkbank-r3c3355d.kz,homoglyph,,no
halykbank.kz,xn--alkbank-r3c4156d.kz,homoglyph,,no
halykbank.kz,xn--alkbank-r3c5155d.kz,homoglyph,,no
halykbank.kz,xn--alkbank-r3c6538g.kz,homoglyph,,no
halykbank.kz,xn--alkbank-r3c7945d.kz,homoglyph,,no
halykbank.kz,xn--alkbank-r3c9745d.kz,homoglyph,,no
halykbank.kz,xn--alkbank-s84c610j.kz,homoglyph,,no
halykbank.kz,xn--alkbank-spd1564d.kz,homoglyph,,no
halykbank.kz,xn--alkbank-spd3274d.kz,homoglyph,,no
halykbank.kz,xn--alkbank-spd5074d.kz,homoglyph,,no
halykbank.kz,xn--alkbank-spd6865d.kz,homoglyph,,no
halykbank.kz,xn--alkbank-spd7864d.kz,homoglyph,,no
halykbank.kz,xn--alkbank-spd8257g.kz,homoglyph,,no
halykbank.kz,xn--alkbank-spd9664d.kz,homoglyph,,no
halykbank.kz,xn--alkbank-svb1717d.kz,homoglyph,,no
halykbank.kz,xn--alkbank-svb26s.kz,homoglyph,,no
halykbank.kz,xn--alkbank-svb32m.kz,homoglyph,,no
halykbank.kz,xn--alkbank-svb3427d.kz,homoglyph,,no
halykbank.kz,xn--alkbank-svb5227d.kz,homoglyph,,no
halykbank.kz,xn--alkbank-svb6028d.kz,homoglyph,,no
halykbank.kz,xn--alkbank-svb7027d.kz,homoglyph,,no
halykbank.kz,xn--alkbank-svb8400h.kz,homoglyph,,no
halykbank.kz,xn--alkbank-svb9817d.kz,homoglyph,,no
halykbank.kz,xn--alkbank-tu3c20f.kz,homoglyph,,no
halykbank.kz,xn--alkbank-tu3cn7e.kz,homoglyph,,no
halykbank.kz,xn--alkbank-tu3cu0b.kz,homoglyph,,no
halykbank.kz,xn--alkbank-w2a063a.kz,homoglyph,,no
halykbank.kz,xn--alkbank-w2a12x.kz,homoglyph,,no
halykbank.kz,xn--alkbank-w2a1438d.kz,homoglyph,,no
halykbank.kz,xn--alkbank-w2a17a.kz,homoglyph,,no
halykbank.kz,xn--alkbank-w2a3238d.kz,homoglyph,,no
halykbank.kz,xn--alkbank-w2a4039d.kz,homoglyph,,no
halykbank.kz,xn--alkbank-w2a5038d.kz,homoglyph,,no
halykbank.kz,xn--alkbank-w2a6411h.kz,homoglyph,,no
halykbank.kz,xn--alkbank-w2a7828d.kz,homoglyph,,no
halykbank.kz,xn--alkbank-w2a9628d.kz,homoglyph,,no
halykbank.kz,xn--alkbank-w2a98a.kz,homoglyph,,no
halykbank.kz,xn--alkbank-wt3c51b.kz,homoglyph,,no
halykbank.kz,xn--alkbank-wt3co2f.kz,homoglyph,,no
halykbank.kz,xn--alkbank-wt3cy8e.kz,homoglyph,,no
halykbank.kz,xn--alkbank-zcb30k.kz,homoglyph,,no
halykbank.kz,xn--alkbank-zcb4089d.kz,homoglyph,,no
halykbank.kz,xn--alkbank-zcb45e.kz,homoglyph,,no
halykbank.kz,xn--alkbank-zcb473a.kz,homoglyph,,no
halykbank.kz,xn--alkbank-zcb4989d.kz,homoglyph,,no
halykbank.kz,xn--alkbank-zcb64v.kz,homoglyph,,no
halykbank.kz,xn--alkbank-zcb6888d.kz,homoglyph,,no
halykbank.kz,xn--alkbank-zcb89x.kz,homoglyph,,no
halykbank.kz,xn--alybank-4yc0658g.kz,homoglyph,,no
halykbank.kz,xn--alybank-4yc5413d.kz,homoglyph,,no
halykbank.kz,xn--alybank-4yc7285d.kz,homoglyph,,no
halykbank.kz,xn--alybank-4yc9085d.kz,homoglyph,,no
halykbank.kz,xn--alybank-6gb0087d.kz,homoglyph,,no
halykbank.kz,xn--alybank-6gb1878d.kz,homoglyph,,no
halykbank.kz,xn--alybank-6gb2877d.kz,homoglyph,,no
halykbank.kz,xn--alybank-6gb3260h.kz,homoglyph,,no
halykbank.kz,xn--alybank-6gb4677d.kz,homoglyph,,no
halykbank.kz,xn--alybank-6gb6477d.kz,homoglyph,,no
halykbank.kz,xn--alybank-6gb73y.kz,homoglyph,,no
halykbank.kz,xn--alybank-6gb8187d.kz,homoglyph,,no
halykbank.kz,xn--alybank-6gb89r.kz,homoglyph,,no
halykbank.kz,xn--alybank-6w3c322k.kz,homoglyph,,no
halykbank.kz,xn--alybank-6w3cm9a.kz,homoglyph,,no
halykbank.kz,xn--alybank-9u3c062k.kz,homoglyph,,no
halykbank.kz,xn--alybank-9u3csd.kz,homoglyph,,no
halykbank.kz,xn--alybank-9u3czc.kz,homoglyph,,no
halykbank.kz,xn--alybank-dgd0715d.kz,homoglyph,,no
halykbank.kz,xn--alybank-dgd1297g.kz,homoglyph,,no
halykbank.kz,xn--alybank-dgd6052d.kz,homoglyph,,no
halykbank.kz,xn--alybank-dgd8815d.kz,homoglyph,,no
halykbank.kz,xn--alybank-du3c3e.kz,homoglyph,,no
halykbank.kz,xn--alybank-du3cle.kz,homoglyph,,no
halykbank.kz,xn--alybank-du3cm82k.kz,homoglyph,,no
halykbank.kz,xn--alybank-fhb1977d.kz,homoglyph,,no
halykbank.kz,xn--alybank-fhb2778d.kz,homoglyph,,no
halykbank.kz,xn--alybank-fhb3777d.kz,homoglyph,,no
halykbank.kz,xn--alybank-fhb4160h.kz,homoglyph,,no
halykbank.kz,xn--alybank-fhb5577d.kz,homoglyph,,no
halykbank.kz,xn--alybank-fhb7377d.kz,homoglyph,,no
halykbank.kz,xn--alybank-fhb82y.kz,homoglyph,,no
halykbank.kz,xn--alybank-fhb9087d.kz,homoglyph,,no
halykbank.kz,xn--alybank-fhb98r.kz,homoglyph,,no
halykbank.kz,xn--alybank-fo7eva.kz,homoglyph,,no
halykbank.kz,xn--alybank-gdb0n.kz,homoglyph,,no
halykbank.kz,xn--alybank-gdb1408d.kz,homoglyph,,no
halykbank.kz,xn--alybank-gdb1m.kz,homoglyph,,no
halykbank.kz,xn--alybank-gdb2970h.kz,homoglyph,,no
halykbank.kz,xn--alybank-gdb36o.kz,homoglyph,,no
halykbank.kz,xn--alybank-gdb7735d.kz,homoglyph,,no
halykbank.kz,xn--alybank-gdb9508d.kz,homoglyph,,no
halykbank.kz,xn--alybank-gt3cpg.kz,homoglyph,,no
halykbank.kz,xn--alybank-gt3cwf.kz,homoglyph,,no
halykbank.kz,xn--alybank-gt3cx92k.kz,homoglyph,,no
halykbank.kz,xn--alybank-jz1c05l.kz,homoglyph,,no
halykbank.kz,xn--alybank-jz1c15h.kz,homoglyph,,no
halykbank.kz,xn--alybank-jz1c84h.kz,homoglyph,,no
halykbank.kz,xn--alybank-jz1cn7h.kz,homoglyph,,no
halykbank.kz,xn--alybank-jz1cq4h.kz,homoglyph,,no
halykbank.kz,xn--alybank-jz1cs92l.kz,homoglyph,,no
halykbank.kz,xn--alybank-jz1cu6h.kz,homoglyph,,no
halykbank.kz,xn--alybank-nx3cl22k.kz,homoglyph,,no
halykbank.kz,xn--alybank-nx3ct8a.kz,homoglyph,,no
halykbank.kz,xn--alybank-qk4cn93j.kz,homoglyph,,no
halykbank.kz,xn--alybank-tu3cle.kz,homoglyph,,no
halykbank.kz,xn--alybank-tu3csd.kz,homoglyph,,no
halykbank.kz,xn--alybank-tu3ct72k.kz,homoglyph,,no
halykbank.kz,xn--alybank-vmc0816d.kz,homoglyph,,no
halykbank.kz,xn--alybank-vmc1209g.kz,homoglyph,,no
halykbank.kz,xn--alybank-vmc2616d.kz,homoglyph,,no
halykbank.kz,xn--alybank-vmc4416d.kz,homoglyph,,no
halykbank.kz,xn--alybank-vmc53i.kz,homoglyph,,no
halykbank.kz,xn--alybank-vmc6126d.kz,homoglyph,,no
halykbank.kz,xn--alybank-vmc69b.kz,homoglyph,,no
halykbank.kz,xn--alybank-vmc8916d.kz,homoglyph,,no
halykbank.kz,xn--alybank-vmc9717d.kz,homoglyph,,no
halykbank.kz,xn--alybank-wt3c3e.kz,homoglyph,,no
halykbank.kz,xn--alybank-wt3c482k.kz,homoglyph,,no
halykbank.kz,xn--alybank-wt3cwf.kz,homoglyph,,no
halykbank.kz,xn--alybank-zcb0180h.kz,homoglyph,,no
halykbank.kz,xn--alybank-zcb18o.kz,homoglyph,,no
halykbank.kz,xn--alybank-zcb5935d.kz,homoglyph,,no
halykbank.kz,xn--alybank-zcb7708d.kz,homoglyph,,no
halykbank.kz,xn--alybank-zcb8o.kz,homoglyph,,no
halykbank.kz,xn--alybank-zcb9508d.kz,homoglyph,,no
halykbank.kz,xn--alybank-zcb9n.kz,homoglyph,,no
halykbank.kz,xn--alykank-1yb0299g.kz,homoglyph,,no
halykbank.kz,xn--alykank-1yb1607d.kz,homoglyph,,no
halykbank.kz,xn--alykank-1yb3407d.kz,homoglyph,,no
halykbank.kz,xn--alykank-1yb43r.kz,homoglyph,,no
halykbank.kz,xn--alykank-1yb5117d.kz,homoglyph,,no
halykbank.kz,xn--alykank-1yb59k.kz,homoglyph,,no
halykbank.kz,xn--alykank-1yb7907d.kz,homoglyph,,no
halykbank.kz,xn--alykank-1yb8708d.kz,homoglyph,,no
halykbank.kz,xn--alykank-1yb9707d.kz,homoglyph,,no
halykbank.kz,xn--alykank-4bd0o.kz,homoglyph,,no
halykbank.kz,xn--alykank-4bd1625d.kz,homoglyph,,no
halykbank.kz,xn--alykank-4bd3425d.kz,homoglyph,,no
halykbank.kz,xn--alykank-4bd4226d.kz,homoglyph,,no
halykbank.kz,xn--alykank-4bd5225d.kz,homoglyph,,no
halykbank.kz,xn--alykank-4bd6608g.kz,homoglyph,,no
halykbank.kz,xn--alykank-4bd7025d.kz,homoglyph,,no
halykbank.kz,xn--alykank-4bd9815d.kz,homoglyph,,no
halykbank.kz,xn--alykank-4rd1364d.kz,homoglyph,,no
halykbank.kz,xn--alykank-4rd3164d.kz,homoglyph,,no
halykbank.kz,xn--alykank-4rd4955d.kz,homoglyph,,no
halykbank.kz,xn--alykank-4rd5954d.kz,homoglyph,,no
halykbank.kz,xn--alykank-4rd6347g.kz,homoglyph,,no
halykbank.kz,xn--alykank-4rd7754d.kz,homoglyph,,no
halykbank.kz,xn--alykank-4rd9554d.kz,homoglyph,,no
halykbank.kz,xn--alykank-4yc4145d.kz,homoglyph,,no
halykbank.kz,xn--alykank-4yc61i.kz,homoglyph,,no
halykbank.kz,xn--alykank-4yc68b.kz,homoglyph,,no
halykbank.kz,xn--alykank-4yc6935d.kz,homoglyph,,no
halykbank.kz,xn--alykank-4yc8735d.kz,homoglyph,,no
halykbank.kz,xn--alykank-5m3c0l.kz,homoglyph,,no
halykbank.kz,xn--alykank-5m3c64c.kz,homoglyph,,no
halykbank.kz,xn--alykank-5m3c7k.kz,homoglyph,,no
halykbank.kz,xn--alykank-5m3cpk.kz,homoglyph,,no
halykbank.kz,xn--alykank-5m3ctm.kz,homoglyph,,no
halykbank.kz,xn--alykank-5m3cwj.kz,homoglyph,,no
halykbank.kz,xn--alykank-5m3cy83k.kz,homoglyph,,no
halykbank.kz,xn--alykank-8l3c0l.kz,homoglyph,,no
halykbank.kz,xn--alykank-8l3c4n.kz,homoglyph,,no
halykbank.kz,xn--alykank-8l3c7k.kz,homoglyph,,no
halykbank.kz,xn--alykank-8l3c993k.kz,homoglyph,,no
halykbank.kz,xn--alykank-8l3cmn.kz,homoglyph,,no
halykbank.kz,xn--alykank-8l3cs6c.kz,homoglyph,,no
halykbank.kz,xn--alykank-8l3ctm.kz,homoglyph,,no
halykbank.kz,xn--alykank-dgd5774d.kz,homoglyph,,no
halykbank.kz,xn--alykank-dgd7574d.kz,homoglyph,,no
halykbank.kz,xn--alykank-dgd77b.kz,homoglyph,,no
halykbank.kz,xn--alykank-dgd9374d.kz,homoglyph,,no
halykbank.kz,xn--alykank-gdb0167d.kz,homoglyph,,no
halykbank.kz,xn--alykank-gdb46f.kz,homoglyph,,no
halykbank.kz,xn--alykank-gdb6467d.kz,homoglyph,,no
halykbank.kz,xn--alykank-gdb81y.kz,homoglyph,,no
halykbank.kz,xn--alykank-gdb8267d.kz,homoglyph,,no
halykbank.kz,xn--alykank-gdb844a.kz,homoglyph,,no
halykbank.kz,xn--alykank-pm3c0l.kz,homoglyph,,no
halykbank.kz,xn--alykank-pm3c7k.kz,homoglyph,,no
halykbank.kz,xn--alykank-pm3cmn.kz,homoglyph,,no
halykbank.kz,xn--alykank-pm3cpk.kz,homoglyph,,no
halykbank.kz,xn--alykank-pm3cr93k.kz,homoglyph,,no
halykbank.kz,xn--alykank-pm3ctm.kz,homoglyph,,no
halykbank.kz,xn--alykank-pm3cz5c.kz,homoglyph,,no
halykbank.kz,xn--alykank-zcb28f.kz,homoglyph,,no
halykbank.kz,xn--alykank-zcb4667d.kz,homoglyph,,no
halykbank.kz,xn--alykank-zcb63y.kz,homoglyph,,no
halykbank.kz,xn--alykank-zcb6467d.kz,homoglyph,,no
halykbank.kz,xn--alykank-zcb664a.kz,homoglyph,,no
halykbank.kz,xn--alykank-zcb8267d.kz,homoglyph,,no
halykbank.kz,xn--alykbak-4yc0106d.kz,homoglyph,,no
halykbank.kz,xn--alykbak-4yc2995d.kz,homoglyph,,no
halykbank.kz,xn--alykbak-4yc4795d.kz,homoglyph,,no
halykbank.kz,xn--alykbak-4yc60329a.kz,homoglyph,,no
halykbank.kz,xn--alykbak-5kb0957d.kz,homoglyph,,no
halykbank.kz,xn--alykbak-5kb18w.kz,homoglyph,,no
halykbank.kz,xn--alykbak-5kb24q.kz,homoglyph,,no
halykbank.kz,xn--alykbak-5kb2667d.kz,homoglyph,,no
halykbank.kz,xn--alykbak-5kb4467d.kz,homoglyph,,no
halykbank.kz,xn--alykbak-5kb5268d.kz,homoglyph,,no
halykbank.kz,xn--alykbak-5kb6267d.kz,homoglyph,,no
halykbank.kz,xn--alykbak-5kb7640h.kz,homoglyph,,no
halykbank.kz,xn--alykbak-5kb8067d.kz,homoglyph,,no
halykbank.kz,xn--alykbak-8jb0867d.kz,homoglyph,,no
halykbank.kz,xn--alykbak-8jb1668d.kz,homoglyph,,no
halykbank.kz,xn--alykbak-8jb2667d.kz,homoglyph,,no
halykbank.kz,xn--alykbak-8jb3050h.kz,homoglyph,,no
halykbank.kz,xn--alykbak-8jb4467d.kz,homoglyph,,no
halykbank.kz,xn--alykbak-8jb6267d.kz,homoglyph,,no
halykbank.kz,xn--alykbak-8jb71x.kz,homoglyph,,no
halykbank.kz,xn--alykbak-8jb87q.kz,homoglyph,,no
halykbank.kz,xn--alykbak-8jb8967d.kz,homoglyph,,no
halykbank.kz,xn--alykbak-9u3c0k.kz,homoglyph,,no
halykbank.kz,xn--alykbak-9u3c7j.kz,homoglyph,,no
halykbank.kz,xn--alykbak-9u3cpj.kz,homoglyph,,no
halykbank.kz,xn--alykbak-9u3cw677j.kz,homoglyph,,no
halykbank.kz,xn--alykbak-9za0521h.kz,homoglyph,,no
halykbank.kz,xn--alykbak-9za1938d.kz,homoglyph,,no
halykbank.kz,xn--alykbak-9za3738d.kz,homoglyph,,no
halykbank.kz,xn--alykbak-9za39b.kz,homoglyph,,no
halykbank.kz,xn--alykbak-9za464a.kz,homoglyph,,no
halykbank.kz,xn--alykbak-9za52y.kz,homoglyph,,no
halykbank.kz,xn--alykbak-9za5448d.kz,homoglyph,,no
halykbank.kz,xn--alykbak-9za57b.kz,homoglyph,,no
halykbank.kz,xn--alykbak-9za7248d.kz,homoglyph,,no
halykbank.kz,xn--alykbak-9za8049d.kz,homoglyph,,no
halykbank.kz,xn--alykbak-9za9048d.kz,homoglyph,,no
halykbank.kz,xn--alykbak-b23c241k.kz,homoglyph,,no
halykbank.kz,xn--alykbak-b23cl1a.kz,homoglyph,,no
halykbank.kz,xn--alykbak-dgd1735d.kz,homoglyph,,no
halykbank.kz,xn--alykbak-dgd3535d.kz,homoglyph,,no
halykbank.kz,xn--alykbak-dgd5335d.kz,homoglyph,,no
halykbank.kz,xn--alykbak-dgd76619a.kz,homoglyph,,no
halykbank.kz,xn--alykbak-du3c0k.kz,homoglyph,,no
halykbank.kz,xn--alykbak-du3c7777j.kz,homoglyph,,no
halykbank.kz,xn--alykbak-du3cmm.kz,homoglyph,,no
halykbank.kz,xn--alykbak-du3ctl.kz,homoglyph,,no
halykbank.kz,xn--alykbak-e13co61k.kz,homoglyph,,no
halykbank.kz,xn--alykbak-e13cw2a.kz,homoglyph,,no
halykbank.kz,xn--alykbak-fo7ep842h.kz,homoglyph,,no
halykbank.kz,xn--alykbak-gdb01q.kz,homoglyph,,no
halykbank.kz,xn--alykbak-gdb1y.kz,homoglyph,,no
halykbank.kz,xn--alykbak-gdb2428d.kz,homoglyph,,no
halykbank.kz,xn--alykbak-gdb4228d.kz,homoglyph,,no
halykbank.kz,xn--alykbak-gdb44a.kz,homoglyph,,no
halykbank.kz,xn--alykbak-gdb6028d.kz,homoglyph,,no
halykbank.kz,xn--alykbak-gdb71a.kz,homoglyph,,no
halykbank.kz,xn--alykbak-gdb83549a.kz,homoglyph,,no
halykbank.kz,xn--alykbak-gdb9z.kz,homoglyph,,no
halykbank.kz,xn--alykbak-gt3c4m.kz,homoglyph,,no
halykbank.kz,xn--alykbak-gt3cmm.kz,homoglyph,,no
halykbank.kz,xn--alykbak-gt3ct977j.kz,homoglyph,,no
halykbank.kz,xn--alykbak-gt3cxn.kz,homoglyph,,no
halykbank.kz,xn--alykbak-mqc1506d.kz,homoglyph,,no
halykbank.kz,xn--alykbak-mqc2307d.kz,homoglyph,,no
halykbank.kz,xn--alykbak-mqc3306d.kz,homoglyph,,no
halykbank.kz,xn--alykbak-mqc4788g.kz,homoglyph,,no
halykbank.kz,xn--alykbak-mqc5106d.kz,homoglyph,,no
halykbank.kz,xn--alykbak-mqc7995d.kz,homoglyph,,no
halykbank.kz,xn--alykbak-mqc88g.kz,homoglyph,,no
halykbank.kz,xn--alykbak-mqc94a.kz,homoglyph,,no
halykbank.kz,xn--alykbak-mqc9606d.kz,homoglyph,,no
halykbank.kz,xn--alykbak-pkb06q.kz,homoglyph,,no
halykbank.kz,xn--alykbak-pkb0867d.kz,homoglyph,,no
halykbank.kz,xn--alykbak-pkb2667d.kz,homoglyph,,no
halykbank.kz,xn--alykbak-pkb3468d.kz,homoglyph,,no
halykbank.kz,xn--alykbak-pkb4467d.kz,homoglyph,,no
halykbank.kz,xn--alykbak-pkb5840h.kz,homoglyph,,no
halykbank.kz,xn--alykbak-pkb6267d.kz,homoglyph,,no
halykbank.kz,xn--alykbak-pkb8067d.kz,homoglyph,,no
halykbank.kz,xn--alykbak-pkb99w.kz,homoglyph,,no
halykbank.kz,xn--alykbak-qk4cv252j.kz,homoglyph,,no
halykbank.kz,xn--alykbak-tu3c0k.kz,homoglyph,,no
halykbank.kz,xn--alykbak-tu3c7j.kz,homoglyph,,no
halykbank.kz,xn--alykbak-tu3cp777j.kz,homoglyph,,no
halykbank.kz,xn--alykbak-tu3ctl.kz,homoglyph,,no
halykbank.kz,xn--alykbak-u13c31a.kz,homoglyph,,no
halykbank.kz,xn--alykbak-u13cv51k.kz,homoglyph,,no
halykbank.kz,xn--alykbak-ulb0440h.kz,homoglyph,,no
halykbank.kz,xn--alykbak-ulb1857d.kz,homoglyph,,no
halykbank.kz,xn--alykbak-ulb3657d.kz,homoglyph,,no
halykbank.kz,xn--alykbak-ulb45w.kz,homoglyph,,no
halykbank.kz,xn--alykbak-ulb51q.kz,homoglyph,,no
halykbank.kz,xn--alykbak-ulb5367d.kz,homoglyph,,no
halykbank.kz,xn--alykbak-ulb7167d.kz,homoglyph,,no
halykbank.kz,xn--alykbak-ulb8958d.kz,homoglyph,,no
halykbank.kz,xn--alykbak-ulb9957d.kz,homoglyph,,no
halykbank.kz,xn--alykbak-wt3c0877j.kz,homoglyph,,no
halykbank.kz,xn--alykbak-wt3c4m.kz,homoglyph,,no
halykbank.kz,xn--alykbak-wt3cmm.kz,homoglyph,,no
halykbank.kz,xn--alykbak-wt3ctl.kz,homoglyph,,no
halykbank.kz,xn--alykbak-zcb0628d.kz,homoglyph,,no
halykbank.kz,xn--alykbak-zcb2428d.kz,homoglyph,,no
halykbank.kz,xn--alykbak-zcb26a.kz,homoglyph,,no
halykbank.kz,xn--alykbak-zcb4228d.kz,homoglyph,,no
halykbank.kz,xn--alykbak-zcb53a.kz,homoglyph,,no
halykbank.kz,xn--alykbak-zcb65549a.kz,homoglyph,,no
halykbank.kz,xn--alykbak-zcb71a.kz,homoglyph,,no
halykbank.kz,xn--alykbak-zcb82q.kz,homoglyph,,no
halykbank.kz,xn--alykbak-zcb9z.kz,homoglyph,,no
halykbank.kz,xn--alykbamk-7hb.kz,homoglyph,,no
halykbank.kz,xn--alykbamk-7z9c.kz,homoglyph,,no
halykbank.kz,xn--alykbamk-809c.kz,homoglyph,,no
halykbank.kz,xn--alykbamk-8td.kz,homoglyph,,no
halykbank.kz,xn--alykbamk-919c.kz,homoglyph,,no
halykbank.kz,xn--alykbamk-ku6f.kz,homoglyph,,no
halykbank.kz,xn--alykbamk-phb.kz,homoglyph,,no
halykbank.kz,xn--alykbamk-q09c.kz,homoglyph,,no
halykbank.kz,xn--alykbamk-r19c.kz,homoglyph,,no
halykbank.kz,xn--alykbamk-su0d.kz,homoglyph,,no
halykbank.kz,xn--alykbamk-zbd.kz,homoglyph,,no
halykbank.kz,xn--alykban-4yc1385d.kz,homoglyph,,no
halykbank.kz,xn--alykban-4yc3185d.kz,homoglyph,,no
halykbank.kz,xn--alykban-4yc4658g.kz,homoglyph,,no
halykbank.kz,xn--alykban-4yc9413d.kz,homoglyph,,no
halykbank.kz,xn--alykban-9u3c3c.kz,homoglyph,,no
halykbank.kz,xn--alykban-9u3c462k.kz,homoglyph,,no
halykbank.kz,xn--alykban-9u3cwd.kz,homoglyph,,no
halykbank.kz,xn--alykban-bhb0677d.kz,homoglyph,,no
halykbank.kz,xn--alykban-bhb2477d.kz,homoglyph,,no
halykbank.kz,xn--alykban-bhb33y.kz,homoglyph,,no
halykbank.kz,xn--alykban-bhb4187d.kz,homoglyph,,no
halykbank.kz,xn--alykban-bhb49r.kz,homoglyph,,no
halykbank.kz,xn--alykban-bhb6977d.kz,homoglyph,,no
halykbank.kz,xn--alykban-bhb7778d.kz,homoglyph,,no
halykbank.kz,xn--alykban-bhb8777d.kz,homoglyph,,no
halykbank.kz,xn--alykban-bhb9160h.kz,homoglyph,,no
halykbank.kz,xn--alykban-bx3c78a.kz,homoglyph,,no
halykbank.kz,xn--alykban-bx3cz22k.kz,homoglyph,,no
halykbank.kz,xn--alykban-dgd0152d.kz,homoglyph,,no
halykbank.kz,xn--alykban-dgd2915d.kz,homoglyph,,no
halykbank.kz,xn--alykban-dgd4715d.kz,homoglyph,,no
halykbank.kz,xn--alykban-dgd5297g.kz,homoglyph,,no
halykbank.kz,xn--alykban-du3c7e.kz,homoglyph,,no
halykbank.kz,xn--alykban-du3cpe.kz,homoglyph,,no
halykbank.kz,xn--alykban-du3cq82k.kz,homoglyph,,no
halykbank.kz,xn--alykban-fo7eza.kz,homoglyph,,no
halykbank.kz,xn--alykban-gdb1835d.kz,homoglyph,,no
halykbank.kz,xn--alykban-gdb3608d.kz,homoglyph,,no
halykbank.kz,xn--alykban-gdb4n.kz,homoglyph,,no
halykbank.kz,xn--alykban-gdb5408d.kz,homoglyph,,no
halykbank.kz,xn--alykban-gdb5m.kz,homoglyph,,no
halykbank.kz,xn--alykban-gdb6970h.kz,homoglyph,,no
halykbank.kz,xn--alykban-gdb76o.kz,homoglyph,,no
halykbank.kz,xn--alykban-gt3c0f.kz,homoglyph,,no
halykbank.kz,xn--alykban-gt3c192k.kz,homoglyph,,no
halykbank.kz,xn--alykban-gt3ctg.kz,homoglyph,,no
halykbank.kz,xn--alykban-jhb0160h.kz,homoglyph,,no
halykbank.kz,xn--alykban-jhb1577d.kz,homoglyph,,no
halykbank.kz,xn--alykban-jhb3377d.kz,homoglyph,,no
halykbank.kz,xn--alykban-jhb42y.kz,homoglyph,,no
halykbank.kz,xn--alykban-jhb5087d.kz,homoglyph,,no
halykbank.kz,xn--alykban-jhb58r.kz,homoglyph,,no
halykbank.kz,xn--alykban-jhb7877d.kz,homoglyph,,no
halykbank.kz,xn--alykban-jhb8678d.kz,homoglyph,,no
halykbank.kz,xn--alykban-jhb9677d.kz,homoglyph,,no
halykbank.kz,xn--alykban-nz1c44h.kz,homoglyph,,no
halykbank.kz,xn--alykban-nz1c86h.kz,homoglyph,,no
halykbank.kz,xn--alykban-nz1cm4h.kz,homoglyph,,no
halykbank.kz,xn--alykban-nz1co92l.kz,homoglyph,,no
halykbank.kz,xn--alykban-nz1cq6h.kz,homoglyph,,no
halykbank.kz,xn--alykban-nz1cw5l.kz,homoglyph,,no
halykbank.kz,xn--alykban-nz1cx5h.kz,homoglyph,,no
halykbank.kz,xn--alykban-qk4cr93j.kz,homoglyph,,no
halykbank.kz,xn--alykban-rx3c612k.kz,homoglyph,,no
halykbank.kz,xn--alykban-rx3cp8a.kz,homoglyph,,no
halykbank.kz,xn--alykban-tu3cpe.kz,homoglyph,,no
halykbank.kz,xn--alykban-tu3cwd.kz,homoglyph,,no
halykbank.kz,xn--alykban-tu3cx72k.kz,homoglyph,,no
halykbank.kz,xn--alykban-wt3c0f.kz,homoglyph,,no
halykbank.kz,xn--alykban-wt3c7e.kz,homoglyph,,no
halykbank.kz,xn--alykban-wt3c882k.kz,homoglyph,,no
halykbank.kz,xn--alykban-zcb1808d.kz,homoglyph,,no
halykbank.kz,xn--alykban-zcb2p.kz,homoglyph,,no
halykbank.kz,xn--alykban-zcb3608d.kz,homoglyph,,no
halykbank.kz,xn--alykban-zcb3o.kz,homoglyph,,no
halykbank.kz,xn--alykban-zcb4180h.kz,homoglyph,,no
halykbank.kz,xn--alykban-zcb58o.kz,homoglyph,,no
halykbank.kz,xn--alykban-zcb9935d.kz,homoglyph,,no
halykbank.kz,xn--alykban-zmc0416d.kz,homoglyph,,no
halykbank.kz,xn--alykban-zmc13i.kz,homoglyph,,no
halykbank.kz,xn--alykban-zmc2126d.kz,homoglyph,,no
halykbank.kz,xn--alykban-zmc29b.kz,homoglyph,,no
halykbank.kz,xn--alykban-zmc4916d.kz,homoglyph,,no
halykbank.kz,xn--alykban-zmc5717d.kz,homoglyph,,no
halykbank.kz,xn--alykban-zmc6716d.kz,homoglyph,,no
halykbank.kz,xn--alykban-zmc7109g.kz,homoglyph,,no
halykbank.kz,xn--alykban-zmc8516d.kz,homoglyph,,no
halykbank.kz,xn--alykbank-7hb.kz,homoglyph,,no
halykbank.kz,xn--alykbank-7z9c.kz,homoglyph,,no
halykbank.kz,xn--alykbank-809c.kz,homoglyph,,no
halykbank.kz,xn--alykbank-8td.kz,homoglyph,,no
halykbank.kz,xn--alykbank-919c.kz,homoglyph,,no
halykbank.kz,xn--alykbank-ku6f.kz,homoglyph,,no
halykbank.kz,xn--alykbank-phb.kz,homoglyph,,no
halykbank.kz,xn--alykbank-q09c.kz,homoglyph,,no
halykbank.kz,xn--alykbank-r19c.kz,homoglyph,,no
halykbank.kz,xn--alykbank-su0d.kz,homoglyph,,no
halykbank.kz,xn--alykbank-zbd.kz,homoglyph,,no
halykbank.kz,xn--alykbanlc-475d.kz,homoglyph,,no
halykbank.kz,xn--alykbanlc-47d.kz,homoglyph,,no
halykbank.kz,xn--alykbanlc-985d.kz,homoglyph,,no
halykbank.kz,xn--alykbanlc-fmb.kz,homoglyph,,no
halykbank.kz,xn--alykbanlc-k75d.kz,homoglyph,,no
halykbank.kz,xn--alykbanlc-p05g.kz,homoglyph,,no
halykbank.kz,xn--alykbanlc-p85d.kz,homoglyph,,no
halykbank.kz,xn--alykbanlc-u46d.kz,homoglyph,,no
halykbank.kz,xn--alykbanlc-und.kz,homoglyph,,no
halykbank.kz,xn--alykbanlc-z65d.kz,homoglyph,,no
halykbank.kz,xn--alykbanlc-zmb.kz,homoglyph,,no
halykbank.kz,xn--alykbark-7hb.kz,homoglyph,,no
halykbank.kz,xn--alykbark-7z9c.kz,homoglyph,,no
halykbank.kz,xn--alykbark-809c.kz,homoglyph,,no
halykbank.kz,xn--alykbark-8td.kz,homoglyph,,no
halykbank.kz,xn--alykbark-919c.kz,homoglyph,,no
halykbank.kz,xn--alykbark-ku6f.kz,homoglyph,,no
halykbank.kz,xn--alykbark-phb.kz,homoglyph,,no
halykbank.kz,xn--alykbark-q09c.kz,homoglyph,,no
halykbank.kz,xn--alykbark-r19c.kz,homoglyph,,no
halykbank.kz,xn--alykbark-su0d.kz,homoglyph,,no
halykbank.kz,xn--alykbark-zbd.kz,homoglyph,,no
halykbank.kz,xn--alykbnk-1wa0058d.kz,homoglyph,,no
halykbank.kz,xn--alykbnk-1wa02d.kz,homoglyph,,no
halykbank.kz,xn--alykbnk-1wa195a.kz,homoglyph,,no
halykbank.kz,xn--alykbnk-1wa20d.kz,homoglyph,,no
halykbank.kz,xn--alykbnk-1wa25z.kz,homoglyph,,no
halykbank.kz,xn--alykbnk-1wa2758d.kz,homoglyph,,no
halykbank.kz,xn--alykbnk-1wa4558d.kz,homoglyph,,no
halykbank.kz,xn--alykbnk-1wa5359d.kz,homoglyph,,no
halykbank.kz,xn--alykbnk-1wa6358d.kz,homoglyph,,no
halykbank.kz,xn--alykbnk-1wa7731h.kz,homoglyph,,no
halykbank.kz,xn--alykbnk-1wa8158d.kz,homoglyph,,no
halykbank.kz,xn--alykbnk-30c0265d.kz,homoglyph,,no
halykbank.kz,xn--alykbnk-30c1648g.kz,homoglyph,,no
halykbank.kz,xn--alykbnk-30c2065d.kz,homoglyph,,no
halykbank.kz,xn--alykbnk-30c4855d.kz,homoglyph,,no
halykbank.kz,xn--alykbnk-30c57c.kz,homoglyph,,no
halykbank.kz,xn--alykbnk-30c6565d.kz,homoglyph,,no
halykbank.kz,xn--alykbnk-30c8365d.kz,homoglyph,,no
halykbank.kz,xn--alykbnk-30c9166d.kz,homoglyph,,no
halykbank.kz,xn--alykbnk-4yc1086d.kz,homoglyph,,no
halykbank.kz,xn--alykbnk-4yc14c.kz,homoglyph,,no
halykbank.kz,xn--alykbnk-4yc1f.kz,homoglyph,,no
halykbank.kz,xn--alykbnk-4yc96b.kz,homoglyph,,no
halykbank.kz,xn--alykbnk-9u3cr6b.kz,homoglyph,,no
halykbank.kz,xn--alykbnk-9wa11d.kz,homoglyph,,no
halykbank.kz,xn--alykbnk-9wa1948d.kz,homoglyph,,no
halykbank.kz,xn--alykbnk-9wa285a.kz,homoglyph,,no
halykbank.kz,xn--alykbnk-9wa34z.kz,homoglyph,,no
halykbank.kz,xn--alykbnk-9wa3658d.kz,homoglyph,,no
halykbank.kz,xn--alykbnk-9wa39c.kz,homoglyph,,no
halykbank.kz,xn--alykbnk-9wa5458d.kz,homoglyph,,no
halykbank.kz,xn--alykbnk-9wa6259d.kz,homoglyph,,no
halykbank.kz,xn--alykbnk-9wa7258d.kz,homoglyph,,no
halykbank.kz,xn--alykbnk-9wa8631h.kz,homoglyph,,no
halykbank.kz,xn--alykbnk-9wa9058d.kz,homoglyph,,no
halykbank.kz,xn--alykbnk-d4a0328d.kz,homoglyph,,no
halykbank.kz,xn--alykbnk-d4a2128d.kz,homoglyph,,no
halykbank.kz,xn--alykbnk-d4a23a.kz,homoglyph,,no
halykbank.kz,xn--alykbnk-d4a303a.kz,homoglyph,,no
halykbank.kz,xn--alykbnk-d4a41a.kz,homoglyph,,no
halykbank.kz,xn--alykbnk-d4a46w.kz,homoglyph,,no
halykbank.kz,xn--alykbnk-d4a4828d.kz,homoglyph,,no
halykbank.kz,xn--alykbnk-d4a6628d.kz,homoglyph,,no
halykbank.kz,xn--alykbnk-d4a7429d.kz,homoglyph,,no
halykbank.kz,xn--alykbnk-d4a8428d.kz,homoglyph,,no
halykbank.kz,xn--alykbnk-d4a9801h.kz,homoglyph,,no
halykbank.kz,xn--alykbnk-dgd2616d.kz,homoglyph,,no
halykbank.kz,xn--alykbnk-du3c27b.kz,homoglyph,,no
halykbank.kz,xn--alykbnk-dwa1858d.kz,homoglyph,,no
halykbank.kz,xn--alykbnk-dwa2659d.kz,homoglyph,,no
halykbank.kz,xn--alykbnk-dwa3658d.kz,homoglyph,,no
halykbank.kz,xn--alykbnk-dwa4041h.kz,homoglyph,,no
halykbank.kz,xn--alykbnk-dwa5458d.kz,homoglyph,,no
halykbank.kz,xn--alykbnk-dwa7258d.kz,homoglyph,,no
halykbank.kz,xn--alykbnk-dwa74d.kz,homoglyph,,no
halykbank.kz,xn--alykbnk-dwa816a.kz,homoglyph,,no
halykbank.kz,xn--alykbnk-dwa92d.kz,homoglyph,,no
halykbank.kz,xn--alykbnk-dwa97z.kz,homoglyph,,no
halykbank.kz,xn--alykbnk-dwa9958d.kz,homoglyph,,no
halykbank.kz,xn--alykbnk-en4cr43j.kz,homoglyph,,no
halykbank.kz,xn--alykbnk-gdb10y.kz,homoglyph,,no
halykbank.kz,xn--alykbnk-gdb22m.kz,homoglyph,,no
halykbank.kz,xn--alykbnk-gdb32u.kz,homoglyph,,no
halykbank.kz,xn--alykbnk-gdb3309d.kz,homoglyph,,no
halykbank.kz,xn--alykbnk-gdb37y.kz,homoglyph,,no
halykbank.kz,xn--alykbnk-gt3co9b.kz,homoglyph,,no
halykbank.kz,xn--alykbnk-ixa0058d.kz,homoglyph,,no
halykbank.kz,xn--alykbnk-ixa20d.kz,homoglyph,,no
halykbank.kz,xn--alykbnk-ixa2848d.kz,homoglyph,,no
halykbank.kz,xn--alykbnk-ixa375a.kz,homoglyph,,no
halykbank.kz,xn--alykbnk-ixa43z.kz,homoglyph,,no
halykbank.kz,xn--alykbnk-ixa4558d.kz,homoglyph,,no
halykbank.kz,xn--alykbnk-ixa48c.kz,homoglyph,,no
halykbank.kz,xn--alykbnk-ixa6358d.kz,homoglyph,,no
halykbank.kz,xn--alykbnk-ixa7159d.kz,homoglyph,,no
halykbank.kz,xn--alykbnk-ixa8158d.kz,homoglyph,,no
halykbank.kz,xn--alykbnk-ixa9531h.kz,homoglyph,,no
halykbank.kz,xn--alykbnk-jdd0715d.kz,homoglyph,,no
halykbank.kz,xn--alykbnk-jdd1108g.kz,homoglyph,,no
halykbank.kz,xn--alykbnk-jdd2515d.kz,homoglyph,,no
halykbank.kz,xn--alykbnk-jdd4315d.kz,homoglyph,,no
halykbank.kz,xn--alykbnk-jdd5i.kz,homoglyph,,no
halykbank.kz,xn--alykbnk-jdd6025d.kz,homoglyph,,no
halykbank.kz,xn--alykbnk-jdd8815d.kz,homoglyph,,no
halykbank.kz,xn--alykbnk-jdd9616d.kz,homoglyph,,no
halykbank.kz,xn--alykbnk-lwa02d.kz,homoglyph,,no
halykbank.kz,xn--alykbnk-lwa07z.kz,homoglyph,,no
halykbank.kz,xn--alykbnk-lwa0958d.kz,homoglyph,,no
halykbank.kz,xn--alykbnk-lwa2758d.kz,homoglyph,,no
halykbank.kz,xn--alykbnk-lwa3559d.kz,homoglyph,,no
halykbank.kz,xn--alykbnk-lwa4558d.kz,homoglyph,,no
halykbank.kz,xn--alykbnk-lwa5931h.kz,homoglyph,,no
halykbank.kz,xn--alykbnk-lwa6358d.kz,homoglyph,,no
halykbank.kz,xn--alykbnk-lwa8158d.kz,homoglyph,,no
halykbank.kz,xn--alykbnk-lwa83d.kz,homoglyph,,no
halykbank.kz,xn--alykbnk-lwa906a.kz,homoglyph,,no
halykbank.kz,xn--alykbnk-pbd0625d.kz,homoglyph,,no
halykbank.kz,xn--alykbnk-pbd1426d.kz,homoglyph,,no
halykbank.kz,xn--alykbnk-pbd2425d.kz,homoglyph,,no
halykbank.kz,xn--alykbnk-pbd3808g.kz,homoglyph,,no
halykbank.kz,xn--alykbnk-pbd4225d.kz,homoglyph,,no
halykbank.kz,xn--alykbnk-pbd6025d.kz,homoglyph,,no
halykbank.kz,xn--alykbnk-pbd7p.kz,homoglyph,,no
halykbank.kz,xn--alykbnk-pbd8725d.kz,homoglyph,,no
halykbank.kz,xn--alykbnk-qk4c0d.kz,homoglyph,,no
halykbank.kz,xn--alykbnk-rgc0247d.kz,homoglyph,,no
halykbank.kz,xn--alykbnk-rgc1246d.kz,homoglyph,,no
halykbank.kz,xn--alykbnk-rgc2629g.kz,homoglyph,,no
halykbank.kz,xn--alykbnk-rgc3046d.kz,homoglyph,,no
halykbank.kz,xn--alykbnk-rgc5836d.kz,homoglyph,,no
halykbank.kz,xn--alykbnk-rgc67k.kz,homoglyph,,no
halykbank.kz,xn--alykbnk-rgc73e.kz,homoglyph,,no
halykbank.kz,xn--alykbnk-rgc7546d.kz,homoglyph,,no
halykbank.kz,xn--alykbnk-rgc9346d.kz,homoglyph,,no
halykbank.kz,xn--alykbnk-t4a0328d.kz,homoglyph,,no
halykbank.kz,xn--alykbnk-t4a1701h.kz,homoglyph,,no
halykbank.kz,xn--alykbnk-t4a2128d.kz,homoglyph,,no
halykbank.kz,xn--alykbnk-t4a41a.kz,homoglyph,,no
halykbank.kz,xn--alykbnk-t4a4918d.kz,homoglyph,,no
halykbank.kz,xn--alykbnk-t4a582a.kz,homoglyph,,no
halykbank.kz,xn--alykbnk-t4a64w.kz,homoglyph,,no
halykbank.kz,xn--alykbnk-t4a6628d.kz,homoglyph,,no
halykbank.kz,xn--alykbnk-t4a6z.kz,homoglyph,,no
halykbank.kz,xn--alykbnk-t4a8428d.kz,homoglyph,,no
halykbank.kz,xn--alykbnk-t4a9229d.kz,homoglyph,,no
halykbank.kz,xn--alykbnk-tu3c96b.kz,homoglyph,,no
halykbank.kz,xn--alykbnk-twa006a.kz,homoglyph,,no
halykbank.kz,xn--alykbnk-twa11d.kz,homoglyph,,no
halykbank.kz,xn--alykbnk-twa16z.kz,homoglyph,,no
halykbank.kz,xn--alykbnk-twa1858d.kz,homoglyph,,no
halykbank.kz,xn--alykbnk-twa3658d.kz,homoglyph,,no
halykbank.kz,xn--alykbnk-twa4459d.kz,homoglyph,,no
halykbank.kz,xn--alykbnk-twa5458d.kz,homoglyph,,no
halykbank.kz,xn--alykbnk-twa6831h.kz,homoglyph,,no
halykbank.kz,xn--alykbnk-twa7258d.kz,homoglyph,,no
halykbank.kz,xn--alykbnk-twa9058d.kz,homoglyph,,no
halykbank.kz,xn--alykbnk-twa92d.kz,homoglyph,,no
halykbank.kz,xn--alykbnk-w3a0328d.kz,homoglyph,,no
halykbank.kz,xn--alykbnk-w3a05a.kz,homoglyph,,no
halykbank.kz,xn--alykbnk-w3a123a.kz,homoglyph,,no
halykbank.kz,xn--alykbnk-w3a2038d.kz,homoglyph,,no
halykbank.kz,xn--alykbnk-w3a23a.kz,homoglyph,,no
halykbank.kz,xn--alykbnk-w3a28w.kz,homoglyph,,no
halykbank.kz,xn--alykbnk-w3a4828d.kz,homoglyph,,no
halykbank.kz,xn--alykbnk-w3a5629d.kz,homoglyph,,no
halykbank.kz,xn--alykbnk-w3a6628d.kz,homoglyph,,no
halykbank.kz,xn--alykbnk-w3a7011h.kz,homoglyph,,no
halykbank.kz,xn--alykbnk-w3a8428d.kz,homoglyph,,no
halykbank.kz,xn--alykbnk-wt3cv8b.kz,homoglyph,,no
halykbank.kz,xn--alykbnk-zcb04m.kz,homoglyph,,no
halykbank.kz,xn--alykbnk-zcb14u.kz,homoglyph,,no
halykbank.kz,xn--alykbnk-zcb1509d.kz,homoglyph,,no
halykbank.kz,xn--alykbnk-zcb19y.kz,homoglyph,,no
halykbank.kz,xn--alykbnk-zcb91y.kz,homoglyph,,no
halykbank.kz,xn--alykdank-7hb.kz,homoglyph,,no
halykbank.kz,xn--alykdank-7z9c.kz,homoglyph,,no
halykbank.kz,xn--alykdank-809c.kz,homoglyph,,no
halykbank.kz,xn--alykdank-8td.kz,homoglyph,,no
halykbank.kz,xn--alykdank-919c.kz,homoglyph,,no
halykbank.kz,xn--alykdank-ku6f.kz,homoglyph,,no
halykbank.kz,xn--alykdank-phb.kz,homoglyph,,no
halykbank.kz,xn--alykdank-q09c.kz,homoglyph,,no
halykbank.kz,xn--alykdank-r19c.kz,homoglyph,,no
halykbank.kz,xn--alykdank-su0d.kz,homoglyph,,no
halykbank.kz,xn--alykdank-zbd.kz,homoglyph,,no
halykbank.kz,xn--alyklbank-475d.kz,homoglyph,,no
halykbank.kz,xn--alyklbank-47d.kz,homoglyph,,no
halykbank.kz,xn--alyklbank-985d.kz,homoglyph,,no
halykbank.kz,xn--alyklbank-fmb.kz,homoglyph,,no
halykbank.kz,xn--alyklbank-k75d.kz,homoglyph,,no
halykbank.kz,xn--alyklbank-p05g.kz,homoglyph,,no
halykbank.kz,xn--alyklbank-p85d.kz,homoglyph,,no
halykbank.kz,xn--alyklbank-u46d.kz,homoglyph,,no
halykbank.kz,xn--alyklbank-und.kz,homoglyph,,no
halykbank.kz,xn--alyklbank-z65d.kz,homoglyph,,no
halykbank.kz,xn--alyklbank-zmb.kz,homoglyph,,no
halykbank.kz,xn--alylcbank-475d.kz,homoglyph,,no
halykbank.kz,xn--alylcbank-47d.kz,homoglyph,,no
halykbank.kz,xn--alylcbank-985d.kz,homoglyph,,no
halykbank.kz,xn--alylcbank-fmb.kz,homoglyph,,no
halykbank.kz,xn--alylcbank-k75d.kz,homoglyph,,no
halykbank.kz,xn--alylcbank-p05g.kz,homoglyph,,no
halykbank.kz,xn--alylcbank-p85d.kz,homoglyph,,no
halykbank.kz,xn--alylcbank-u46d.kz,homoglyph,,no
halykbank.kz,xn--alylcbank-und.kz,homoglyph,,no
halykbank.kz,xn--alylcbank-z65d.kz,homoglyph,,no
halykbank.kz,xn--alylcbank-zmb.kz,homoglyph,,no
halykbank.kz,xn--aykbank-4yc99d.kz,homoglyph,,no
halykbank.kz,xn--aykbank-9hb0850h.kz,homoglyph,,no
halykbank.kz,xn--aykbank-9hb1277d.kz,homoglyph,,no
halykbank.kz,xn--aykbank-9hb3077d.kz,homoglyph,,no
halykbank.kz,xn--aykbank-9hb49x.kz,homoglyph,,no
halykbank.kz,xn--aykbank-9hb55r.kz,homoglyph,,no
halykbank.kz,xn--aykbank-9hb5777d.kz,homoglyph,,no
halykbank.kz,xn--aykbank-9hb7577d.kz,homoglyph,,no
halykbank.kz,xn--aykbank-9hb8378d.kz,homoglyph,,no
halykbank.kz,xn--aykbank-9hb9377d.kz,homoglyph,,no
halykbank.kz,xn--aykbank-dgd0c.kz,homoglyph,,no
halykbank.kz,xn--aykbank-gdb130a.kz,homoglyph,,no
halykbank.kz,xn--aykbank-gdb2s.kz,homoglyph,,no
halykbank.kz,xn--aykbank-gdb4q.kz,homoglyph,,no
halykbank.kz,xn--aykbank-gdb6o.kz,homoglyph,,no
halykbank.kz,xn--aykbank-gdb8v.kz,homoglyph,,no
halykbank.kz,xn--aykbank-jhd0305d.kz,homoglyph,,no
halykbank.kz,xn--aykbank-jhd1106d.kz,homoglyph,,no
halykbank.kz,xn--aykbank-jhd2105d.kz,homoglyph,,no
halykbank.kz,xn--aykbank-jhd3587g.kz,homoglyph,,no
halykbank.kz,xn--aykbank-jhd4994d.kz,homoglyph,,no
halykbank.kz,xn--aykbank-jhd6794d.kz,homoglyph,,no
halykbank.kz,xn--aykbank-jhd8405d.kz,homoglyph,,no
halykbank.kz,xn--aykbank-njb04x.kz,homoglyph,,no
halykbank.kz,xn--aykbank-njb10r.kz,homoglyph,,no
halykbank.kz,xn--aykbank-njb1277d.kz,homoglyph,,no
halykbank.kz,xn--aykbank-njb3077d.kz,homoglyph,,no
halykbank.kz,xn--aykbank-njb4868d.kz,homoglyph,,no
halykbank.kz,xn--aykbank-njb5867d.kz,homoglyph,,no
halykbank.kz,xn--aykbank-njb6250h.kz,homoglyph,,no
halykbank.kz,xn--aykbank-njb7667d.kz,homoglyph,,no
halykbank.kz,xn--aykbank-njb9467d.kz,homoglyph,,no
halykbank.kz,xn--aykbank-qib0278d.kz,homoglyph,,no
halykbank.kz,xn--aykbank-qib1277d.kz,homoglyph,,no
halykbank.kz,xn--aykbank-qib2650h.kz,homoglyph,,no
halykbank.kz,xn--aykbank-qib3077d.kz,homoglyph,,no
halykbank.kz,xn--aykbank-qib5867d.kz,homoglyph,,no
halykbank.kz,xn--aykbank-qib67x.kz,homoglyph,,no
halykbank.kz,xn--aykbank-qib73r.kz,homoglyph,,no
halykbank.kz,xn--aykbank-qib7577d.kz,homoglyph,,no
halykbank.kz,xn--aykbank-qib9377d.kz,homoglyph,,no
halykbank.kz,xn--aykbank-thb1277d.kz,homoglyph,,no
halykbank.kz,xn--aykbank-thb21y.kz,homoglyph,,no
halykbank.kz,xn--aykbank-thb37r.kz,homoglyph,,no
halykbank.kz,xn--aykbank-thb3977d.kz,homoglyph,,no
halykbank.kz,xn--aykbank-thb5777d.kz,homoglyph,,no
halykbank.kz,xn--aykbank-thb6578d.kz,homoglyph,,no
halykbank.kz,xn--aykbank-thb7577d.kz,homoglyph,,no
halykbank.kz,xn--aykbank-thb8950h.kz,homoglyph,,no
halykbank.kz,xn--aykbank-thb9377d.kz,homoglyph,,no
halykbank.kz,xn--aykbank-zcb0u.kz,homoglyph,,no
halykbank.kz,xn--aykbank-zcb2s.kz,homoglyph,,no
halykbank.kz,xn--aykbank-zcb4q.kz,homoglyph,,no
halykbank.kz,xn--aykbank-zcb6x.kz,homoglyph,,no
halykbank.kz,xn--aykbank-zcb940a.kz,homoglyph,,no
halykbank.kz,xn--h1ykbank-0za.kz,homoglyph,,no
halykbank.kz,xn--h1ykbank-2dd.kz,homoglyph,,no
halykbank.kz,xn--h1ykbank-6pc.kz,homoglyph,,no
halykbank.kz,xn--h1ykbank-8ya.kz,homoglyph,,no
halykbank.kz,xn--h1ykbank-9za.kz,homoglyph,,no
halykbank.kz,xn--h1ykbank-h7a.kz,homoglyph,,no
halykbank.kz,xn--h1ykbank-i8a.kz,homoglyph,,no
halykbank.kz,xn--h1ykbank-iza.kz,homoglyph,,no
halykbank.kz,xn--h1ykbank-nx0d.kz,homoglyph,,no
halykbank.kz,xn--h1ykbank-rza.kz,homoglyph,,no
halykbank.kz,xn--h1ykbank-vod.kz,homoglyph,,no
halykbank.kz,xn--h1ykbank-xqd.kz,homoglyph,,no
halykbank.kz,xn--h1ykbank-z7a.kz,homoglyph,,no
halykbank.kz,xn--h1ykbank-zya.kz,homoglyph,,no
halykbank.kz,xn--ha1kbank-06a.kz,homoglyph,,no
halykbank.kz,xn--ha1kbank-2s0d.kz,homoglyph,,no
halykbank.kz,xn--ha1kbank-7gd.kz,homoglyph,,no
halykbank.kz,xn--ha1kbank-bk1d.kz,homoglyph,,no
halykbank.kz,xn--ha1kbank-fod.kz,homoglyph,,no
halykbank.kz,xn--ha1kbank-i6a.kz,homoglyph,,no
halykbank.kz,xn--ha1kbank-kjc.kz,homoglyph,,no
halykbank.kz,xn--ha1kbank-v2b.kz,homoglyph,,no
halykbank.kz,xn--ha1kbank-v4d.kz,homoglyph,,no
halykbank.kz,xn--ha1kbank-vm1d.kz,homoglyph,,no
halykbank.kz,xn--ha1ybank-6u6f.kz,homoglyph,,no
halykbank.kz,xn--ha1ybank-7wc.kz,homoglyph,,no
halykbank.kz,xn--ha1ybank-cy7c.kz,homoglyph,,no
halykbank.kz,xn--ha1ybank-g49c.kz,homoglyph,,no
halykbank.kz,xn--ha1ybank-gmb.kz,homoglyph,,no
halykbank.kz,xn--ha1ybank-pmb.kz,homoglyph,,no
halykbank.kz,xn--ha1ybank-y49c.kz,homoglyph,,no
halykbank.kz,xn--ha1ykank-4r9c.kz,homoglyph,,no
halykbank.kz,xn--ha1ykank-5s9c.kz,homoglyph,,no
halykbank.kz,xn--ha1ykank-i7d.kz,homoglyph,,no
halykbank.kz,xn--ha1ykank-ipd.kz,homoglyph,,no
halykbank.kz,xn--ha1ykank-j6b.kz,homoglyph,,no
halykbank.kz,xn--ha1ykank-ns9c.kz,homoglyph,,no
halykbank.kz,xn--ha1ykbak-589c.kz,homoglyph,,no
halykbank.kz,xn--ha1ykbak-699c.kz,homoglyph,,no
halykbank.kz,xn--ha1ykbak-7h82a.kz,homoglyph,,no
halykbank.kz,xn--ha1ykbak-eqb.kz,homoglyph,,no
halykbank.kz,xn--ha1ykbak-f1c.kz,homoglyph,,no
halykbank.kz,xn--ha1ykbak-j3a.kz,homoglyph,,no
halykbank.kz,xn--ha1ykbak-o99c.kz,homoglyph,,no
halykbank.kz,xn--ha1ykbak-orb.kz,homoglyph,,no
halykbank.kz,xn--ha1ykbak-vpb.kz,homoglyph,,no
halykbank.kz,xn--ha1ykbak-wqb.kz,homoglyph,,no
halykbank.kz,xn--ha1ykban-249c.kz,homoglyph,,no
halykbank.kz,xn--ha1ykban-bv6f.kz,homoglyph,,no
halykbank.kz,xn--ha1ykban-cxc.kz,homoglyph,,no
halykbank.kz,xn--ha1ykban-gy7c.kz,homoglyph,,no
halykbank.kz,xn--ha1ykban-k49c.kz,homoglyph,,no
halykbank.kz,xn--ha1ykban-kmb.kz,homoglyph,,no
halykbank.kz,xn--ha1ykban-tmb.kz,homoglyph,,no
halykbank.kz,xn--ha1ykbnk-0od.kz,homoglyph,,no
halykbank.kz,xn--ha1ykbnk-2qd.kz,homoglyph,,no
halykbank.kz,xn--ha1ykbnk-47a.kz,homoglyph,,no
halykbank.kz,xn--ha1ykbnk-4ya.kz,homoglyph,,no
halykbank.kz,xn--ha1ykbnk-5za.kz,homoglyph,,no
halykbank.kz,xn--ha1ykbnk-7dd.kz,homoglyph,,no
halykbank.kz,xn--ha1ykbnk-cqc.kz,homoglyph,,no
halykbank.kz,xn--ha1ykbnk-eza.kz,homoglyph,,no
halykbank.kz,xn--ha1ykbnk-f0a.kz,homoglyph,,no
halykbank.kz,xn--ha1ykbnk-m7a.kz,homoglyph,,no
halykbank.kz,xn--ha1ykbnk-n8a.kz,homoglyph,,no
halykbank.kz,xn--ha1ykbnk-nza.kz,homoglyph,,no
halykbank.kz,xn--ha1ykbnk-sx0d.kz,homoglyph,,no
halykbank.kz,xn--ha1ykbnk-wza.kz,homoglyph,,no
halykbank.kz,xn--haikbank-06a.kz,homoglyph,,no
halykbank.kz,xn--haikbank-2s0d.kz,homoglyph,,no
halykbank.kz,xn--haikbank-7gd.kz,homoglyph,,no
halykbank.kz,xn--haikbank-bk1d.kz,homoglyph,,no
halykbank.kz,xn--haikbank-fod.kz,homoglyph,,no
halykbank.kz,xn--haikbank-i6a.kz,homoglyph,,no
halykbank.kz,xn--haikbank-kjc.kz,homoglyph,,no
halykbank.kz,xn--haikbank-v2b.kz,homoglyph,,no
halykbank.kz,xn--haikbank-v4d.kz,homoglyph,,no
halykbank.kz,xn--haikbank-vm1d.kz,homoglyph,,no
halykbank.kz,xn--haiybank-6u6f.kz,homoglyph,,no
halykbank.kz,xn--haiybank-7wc.kz,homoglyph,,no
halykbank.kz,xn--haiybank-cy7c.kz,homoglyph,,no
halykbank.kz,xn--haiybank-g49c.kz,homoglyph,,no
halykbank.kz,xn--haiybank-gmb.kz,homoglyph,,no
halykbank.kz,xn--haiybank-pmb.kz,homoglyph,,no
halykbank.kz,xn--haiybank-y49c.kz,homoglyph,,no
halykbank.kz,xn--haiykank-4r9c.kz,homoglyph,,no
halykbank.kz,xn--haiykank-5s9c.kz,homoglyph,,no
halykbank.kz,xn--haiykank-i7d.kz,homoglyph,,no
halykbank.kz,xn--haiykank-ipd.kz,homoglyph,,no
halykbank.kz,xn--haiykank-j6b.kz,homoglyph,,no
halykbank.kz,xn--haiykank-ns9c.kz,homoglyph,,no
halykbank.kz,xn--haiykbak-589c.kz,homoglyph,,no
halykbank.kz,xn--haiykbak-699c.kz,homoglyph,,no
halykbank.kz,xn--haiykbak-7h82a.kz,homoglyph,,no
halykbank.kz,xn--haiykbak-eqb.kz,homoglyph,,no
halykbank.kz,xn--haiykbak-f1c.kz,homoglyph,,no
halykbank.kz,xn--haiykbak-j3a.kz,homoglyph,,no
halykbank.kz,xn--haiykbak-o99c.kz,homoglyph,,no
halykbank.kz,xn--haiykbak-orb.kz,homoglyph,,no
halykbank.kz,xn--haiykbak-vpb.kz,homoglyph,,no
halykbank.kz,xn--haiykbak-wqb.kz,homoglyph,,no
halykbank.kz,xn--haiykban-249c.kz,homoglyph,,no
halykbank.kz,xn--haiykban-bv6f.kz,homoglyph,,no
halykbank.kz,xn--haiykban-cxc.kz,homoglyph,,no
halykbank.kz,xn--haiykban-gy7c.kz,homoglyph,,no
halykbank.kz,xn--haiykban-k49c.kz,homoglyph,,no
halykbank.kz,xn--haiykban-kmb.kz,homoglyph,,no
halykbank.kz,xn--haiykban-tmb.kz,homoglyph,,no
halykbank.kz,xn--haiykbnk-0od.kz,homoglyph,,no
halykbank.kz,xn--haiykbnk-2qd.kz,homoglyph,,no
halykbank.kz,xn--haiykbnk-47a.kz,homoglyph,,no
halykbank.kz,xn--haiykbnk-4ya.kz,homoglyph,,no
halykbank.kz,xn--haiykbnk-5za.kz,homoglyph,,no
halykbank.kz,xn--haiykbnk-7dd.kz,homoglyph,,no
halykbank.kz,xn--haiykbnk-cqc.kz,homoglyph,,no
halykbank.kz,xn--haiykbnk-eza.kz,homoglyph,,no
halykbank.kz,xn--haiykbnk-f0a.kz,homoglyph,,no
halykbank.kz,xn--haiykbnk-m7a.kz,homoglyph,,no
halykbank.kz,xn--haiykbnk-n8a.kz,homoglyph,,no
halykbank.kz,xn--haiykbnk-nza.kz,homoglyph,,no
halykbank.kz,xn--haiykbnk-sx0d.kz,homoglyph,,no
halykbank.kz,xn--haiykbnk-wza.kz,homoglyph,,no
halykbank.kz,xn--hakbank-59c5w.kz,homoglyph,,no
halykbank.kz,xn--hakbank-bib49h.kz,homoglyph,,no
halykbank.kz,xn--hakbank-bib54c.kz,homoglyph,,no
halykbank.kz,xn--hakbank-bib561a.kz,homoglyph,,no
halykbank.kz,xn--hakbank-bib5869d.kz,homoglyph,,no
halykbank.kz,xn--hakbank-bib5959d.kz,homoglyph,,no
halykbank.kz,xn--hakbank-bib73t.kz,homoglyph,,no
halykbank.kz,xn--hakbank-bib7768d.kz,homoglyph,,no
halykbank.kz,xn--hakbank-bib98v.kz,homoglyph,,no
halykbank.kz,xn--hakbank-d3a08c.kz,homoglyph,,no
halykbank.kz,xn--hakbank-d3a26c.kz,homoglyph,,no
halykbank.kz,xn--hakbank-d3a44c.kz,homoglyph,,no
halykbank.kz,xn--hakbank-d3a61d.kz,homoglyph,,no
halykbank.kz,xn--hakbank-d3a983a.kz,homoglyph,,no
halykbank.kz,xn--hakbank-khd0595d.kz,homoglyph,,no
halykbank.kz,xn--hakbank-khd83a.kz,homoglyph,,no
halykbank.kz,xn--hakbank-khd8596d.kz,homoglyph,,no
halykbank.kz,xn--hakbank-khd8686d.kz,homoglyph,,no
halykbank.kz,xn--hakbank-ojb04h.kz,homoglyph,,no
halykbank.kz,xn--hakbank-ojb111a.kz,homoglyph,,no
halykbank.kz,xn--hakbank-ojb1369d.kz,homoglyph,,no
halykbank.kz,xn--hakbank-ojb1459d.kz,homoglyph,,no
halykbank.kz,xn--hakbank-ojb19b.kz,homoglyph,,no
halykbank.kz,xn--hakbank-ojb3268d.kz,homoglyph,,no
halykbank.kz,xn--hakbank-ojb38s.kz,homoglyph,,no
halykbank.kz,xn--hakbank-ojb53v.kz,homoglyph,,no
halykbank.kz,xn--hakbank-q9b06n.kz,homoglyph,,no
halykbank.kz,xn--hakbank-r3c71c.kz,homoglyph,,no
halykbank.kz,xn--hakbank-rib17v.kz,homoglyph,,no
halykbank.kz,xn--hakbank-rib67h.kz,homoglyph,,no
halykbank.kz,xn--hakbank-rib72c.kz,homoglyph,,no
halykbank.kz,xn--hakbank-rib741a.kz,homoglyph,,no
halykbank.kz,xn--hakbank-rib7669d.kz,homoglyph,,no
halykbank.kz,xn--hakbank-rib7759d.kz,homoglyph,,no
halykbank.kz,xn--hakbank-rib91t.kz,homoglyph,,no
halykbank.kz,xn--hakbank-rib9568d.kz,homoglyph,,no
halykbank.kz,xn--hakbank-svb90t.kz,homoglyph,,no
halykbank.kz,xn--hakbank-uhb21i.kz,homoglyph,,no
halykbank.kz,xn--hakbank-uhb3079d.kz,homoglyph,,no
halykbank.kz,xn--hakbank-uhb3169d.kz,homoglyph,,no
halykbank.kz,xn--hakbank-uhb36c.kz,homoglyph,,no
halykbank.kz,xn--hakbank-uhb381a.kz,homoglyph,,no
halykbank.kz,xn--hakbank-uhb55t.kz,homoglyph,,no
halykbank.kz,xn--hakbank-uhb5968d.kz,homoglyph,,no
halykbank.kz,xn--hakbank-uhb70w.kz,homoglyph,,no
halykbank.kz,xn--hakbank-w2a08c.kz,homoglyph,,no
halykbank.kz,xn--hakbank-w2a26c.kz,homoglyph,,no
halykbank.kz,xn--hakbank-w2a43d.kz,homoglyph,,no
halykbank.kz,xn--hakbank-w2a704a.kz,homoglyph,,no
halykbank.kz,xn--hakbank-w2a89c.kz,homoglyph,,no
halykbank.kz,xn--halbank-69c0172d.kz,homoglyph,,no
halykbank.kz,xn--halbank-69c2935d.kz,homoglyph,,no
halykbank.kz,xn--halbank-69c4735d.kz,homoglyph,,no
halykbank.kz,xn--halbank-69c5218g.kz,homoglyph,,no
halykbank.kz,xn--halbank-6gb1278d.kz,homoglyph,,no
halykbank.kz,xn--halbank-6gb18t.kz,homoglyph,,no
halykbank.kz,xn--halbank-6gb33w.kz,homoglyph,,no
halykbank.kz,xn--halbank-6gb83i.kz,homoglyph,,no
halykbank.kz,xn--halbank-6gb902a.kz,homoglyph,,no
halykbank.kz,xn--halbank-6gb9279d.kz,homoglyph,,no
halykbank.kz,xn--halbank-6gb9369d.kz,homoglyph,,no
halykbank.kz,xn--halbank-6gb98c.kz,homoglyph,,no
halykbank.kz,xn--halbank-6w3c16a.kz,homoglyph,,no
halykbank.kz,xn--halbank-6w3c96e.kz,homoglyph,,no
halykbank.kz,xn--halbank-6w3cu3e.kz,homoglyph,,no
halykbank.kz,xn--halbank-7i4cx09j.kz,homoglyph,,no
halykbank.kz,xn--halbank-e3a02s.kz,homoglyph,,no
halykbank.kz,xn--halbank-e3a4375d.kz,homoglyph,,no
halykbank.kz,xn--halbank-e3a6148d.kz,homoglyph,,no
halykbank.kz,xn--halbank-e3a72c.kz,homoglyph,,no
halykbank.kz,xn--halbank-e3a81c.kz,homoglyph,,no
halykbank.kz,xn--halbank-e3a8938d.kz,homoglyph,,no
halykbank.kz,xn--halbank-e3a9411h.kz,homoglyph,,no
halykbank.kz,xn--halbank-fhb002a.kz,homoglyph,,no
halykbank.kz,xn--halbank-fhb0279d.kz,homoglyph,,no
halykbank.kz,xn--halbank-fhb0369d.kz,homoglyph,,no
halykbank.kz,xn--halbank-fhb08c.kz,homoglyph,,no
halykbank.kz,xn--halbank-fhb2178d.kz,homoglyph,,no
halykbank.kz,xn--halbank-fhb27t.kz,homoglyph,,no
halykbank.kz,xn--halbank-fhb42w.kz,homoglyph,,no
halykbank.kz,xn--halbank-fhb92i.kz,homoglyph,,no
halykbank.kz,xn--halbank-j64cn60j.kz,homoglyph,,no
halykbank.kz,xn--halbank-jz1c89o.kz,homoglyph,,no
halykbank.kz,xn--halbank-jz1cq3l.kz,homoglyph,,no
halykbank.kz,xn--halbank-jz1cy3p.kz,homoglyph,,no
halykbank.kz,xn--halbank-nx3c12e.kz,homoglyph,,no
halykbank.kz,xn--halbank-nx3c85a.kz,homoglyph,,no
halykbank.kz,xn--halbank-nx3cr6e.kz,homoglyph,,no
halykbank.kz,xn--halbank-r9b0259g.kz,homoglyph,,no
halykbank.kz,xn--halbank-r9b19b.kz,homoglyph,,no
halykbank.kz,xn--halbank-r9b5014d.kz,homoglyph,,no
halykbank.kz,xn--halbank-r9b7876d.kz,homoglyph,,no
halykbank.kz,xn--halbank-r9b9676d.kz,homoglyph,,no
halykbank.kz,xn--halbank-s3c2692d.kz,homoglyph,,no
halykbank.kz,xn--halbank-s3c4465d.kz,homoglyph,,no
halykbank.kz,xn--halbank-s3c6265d.kz,homoglyph,,no
halykbank.kz,xn--halbank-s3c7738g.kz,homoglyph,,no
halykbank.kz,xn--halbank-t84c120j.kz,homoglyph,,no
halykbank.kz,xn--halbank-tpd4312d.kz,homoglyph,,no
halykbank.kz,xn--halbank-tpd6184d.kz,homoglyph,,no
halykbank.kz,xn--halbank-tpd8974d.kz,homoglyph,,no
halykbank.kz,xn--halbank-tpd9457g.kz,homoglyph,,no
halykbank.kz,xn--halbank-tvb04h.kz,homoglyph,,no
halykbank.kz,xn--halbank-tvb4564d.kz,homoglyph,,no
halykbank.kz,xn--halbank-tvb6337d.kz,homoglyph,,no
halykbank.kz,xn--halbank-tvb8137d.kz,homoglyph,,no
halykbank.kz,xn--halbank-tvb9600h.kz,homoglyph,,no
halykbank.kz,xn--halbank-vmc13g.kz,homoglyph,,no
halykbank.kz,xn--halbank-vmc70m.kz,homoglyph,,no
halykbank.kz,xn--halbank-vmc7218d.kz,homoglyph,,no
halykbank.kz,xn--halbank-vmc7308d.kz,homoglyph,,no
halykbank.kz,xn--halbank-vmc9117d.kz,homoglyph,,no
halykbank.kz,xn--halbank-vmc97d.kz,homoglyph,,no
halykbank.kz,xn--halbank-x2a2575d.kz,homoglyph,,no
halykbank.kz,xn--halbank-x2a4348d.kz,homoglyph,,no
halykbank.kz,xn--halbank-x2a54c.kz,homoglyph,,no
halykbank.kz,xn--halbank-x2a6148d.kz,homoglyph,,no
halykbank.kz,xn--halbank-x2a63c.kz,homoglyph,,no
halykbank.kz,xn--halbank-x2a7611h.kz,homoglyph,,no
halykbank.kz,xn--halbank-x2a83s.kz,homoglyph,,no
halykbank.kz,xn--halkank-1yb03p.kz,homoglyph,,no
halykbank.kz,xn--halkank-1yb53b.kz,homoglyph,,no
halykbank.kz,xn--halkank-1yb60v.kz,homoglyph,,no
halykbank.kz,xn--halkank-1yb6209d.kz,homoglyph,,no
halykbank.kz,xn--halkank-1yb6398d.kz,homoglyph,,no
halykbank.kz,xn--halkank-1yb8108d.kz,homoglyph,,no
halykbank.kz,xn--halkank-1yb87m.kz,homoglyph,,no
halykbank.kz,xn--halkank-4bd25c.kz,homoglyph,,no
halykbank.kz,xn--halkank-4bd2717d.kz,homoglyph,,no
halykbank.kz,xn--halkank-4bd2807d.kz,homoglyph,,no
halykbank.kz,xn--halkank-4bd4616d.kz,homoglyph,,no
halykbank.kz,xn--halkank-4rd2456d.kz,homoglyph,,no
halykbank.kz,xn--halkank-4rd2546d.kz,homoglyph,,no
halykbank.kz,xn--halkank-4rd4355d.kz,homoglyph,,no
halykbank.kz,xn--halkank-5m3c42g.kz,homoglyph,,no
halykbank.kz,xn--halkank-5m3cp9f.kz,homoglyph,,no
halykbank.kz,xn--halkank-5m3cw2c.kz,homoglyph,,no
halykbank.kz,xn--halkank-69c1694d.kz,homoglyph,,no
halykbank.kz,xn--halkank-69c18d.kz,homoglyph,,no
halykbank.kz,xn--halkank-69c1b.kz,homoglyph,,no
halykbank.kz,xn--halkank-69c3494d.kz,homoglyph,,no
halykbank.kz,xn--halkank-69c9794d.kz,homoglyph,,no
halykbank.kz,xn--halkank-8l3c00g.kz,homoglyph,,no
halykbank.kz,xn--halkank-8l3c73c.kz,homoglyph,,no
halykbank.kz,xn--halkank-8l3cq4g.kz,homoglyph,,no
halykbank.kz,xn--halkank-e3a12j.kz,homoglyph,,no
halykbank.kz,xn--halkank-e3a3008d.kz,homoglyph,,no
halykbank.kz,xn--halkank-e3a508a.kz,homoglyph,,no
halykbank.kz,xn--halkank-e3a571a.kz,homoglyph,,no
halykbank.kz,xn--halkank-e3a5897d.kz,homoglyph,,no
halykbank.kz,xn--halkank-e3a7697d.kz,homoglyph,,no
halykbank.kz,xn--halkank-pm3c79f.kz,homoglyph,,no
halykbank.kz,xn--halkank-pm3cp3c.kz,homoglyph,,no
halykbank.kz,xn--halkank-pm3cx3g.kz,homoglyph,,no
halykbank.kz,xn--halkank-r9b4736d.kz,homoglyph,,no
halykbank.kz,xn--halkank-r9b64l.kz,homoglyph,,no
halykbank.kz,xn--halkank-r9b6536d.kz,homoglyph,,no
halykbank.kz,xn--halkank-r9b67r.kz,homoglyph,,no
halykbank.kz,xn--halkank-r9b8336d.kz,homoglyph,,no
halykbank.kz,xn--halkank-s3c1325d.kz,homoglyph,,no
halykbank.kz,xn--halkank-s3c30a.kz,homoglyph,,no
halykbank.kz,xn--halkank-s3c3125d.kz,homoglyph,,no
halykbank.kz,xn--halkank-s3c33g.kz,homoglyph,,no
halykbank.kz,xn--halkank-s3c5915d.kz,homoglyph,,no
halykbank.kz,xn--halkank-tpd3044d.kz,homoglyph,,no
halykbank.kz,xn--halkank-tpd5834d.kz,homoglyph,,no
halykbank.kz,xn--halkank-tpd5g.kz,homoglyph,,no
halykbank.kz,xn--halkank-tpd7634d.kz,homoglyph,,no
halykbank.kz,xn--halkank-tvb1k.kz,homoglyph,,no
halykbank.kz,xn--halkank-tvb3296d.kz,homoglyph,,no
halykbank.kz,xn--halkank-tvb5096d.kz,homoglyph,,no
halykbank.kz,xn--halkank-tvb52x.kz,homoglyph,,no
halykbank.kz,xn--halkank-tvb59q.kz,homoglyph,,no
halykbank.kz,xn--halkank-tvb7886d.kz,homoglyph,,no
halykbank.kz,xn--halkank-x2a1208d.kz,homoglyph,,no
halykbank.kz,xn--halkank-x2a3008d.kz,homoglyph,,no
halykbank.kz,xn--halkank-x2a328a.kz,homoglyph,,no
halykbank.kz,xn--halkank-x2a391a.kz,homoglyph,,no
halykbank.kz,xn--halkank-x2a5897d.kz,homoglyph,,no
halykbank.kz,xn--halkank-x2a93j.kz,homoglyph,,no
halykbank.kz,xn--halkbak-5kb28g.kz,homoglyph,,no
halykbank.kz,xn--halkbak-5kb33b.kz,homoglyph,,no
halykbank.kz,xn--halkbak-5kb350a.kz,homoglyph,,no
halykbank.kz,xn--halkbak-5kb3759d.kz,homoglyph,,no
halykbank.kz,xn--halkbak-5kb3849d.kz,homoglyph,,no
halykbank.kz,xn--halkbak-5kb52s.kz,homoglyph,,no
halykbank.kz,xn--halkbak-5kb5658d.kz,homoglyph,,no
halykbank.kz,xn--halkbak-5kb77u.kz,homoglyph,,no
halykbank.kz,xn--halkbak-69c17819a.kz,homoglyph,,no
halykbank.kz,xn--halkbak-69c5755d.kz,homoglyph,,no
halykbank.kz,xn--halkbak-69c7555d.kz,homoglyph,,no
halykbank.kz,xn--halkbak-69c9355d.kz,homoglyph,,no
halykbank.kz,xn--halkbak-7i4ct047j.kz,homoglyph,,no
halykbank.kz,xn--halkbak-8jb1068d.kz,homoglyph,,no
halykbank.kz,xn--halkbak-8jb16s.kz,homoglyph,,no
halykbank.kz,xn--halkbak-8jb31v.kz,homoglyph,,no
halykbank.kz,xn--halkbak-8jb81h.kz,homoglyph,,no
halykbank.kz,xn--halkbak-8jb9069d.kz,homoglyph,,no
halykbank.kz,xn--halkbak-8jb9159d.kz,homoglyph,,no
halykbank.kz,xn--halkbak-8jb96b.kz,homoglyph,,no
halykbank.kz,xn--halkbak-8jb980a.kz,homoglyph,,no
halykbank.kz,xn--halkbak-9za062a.kz,homoglyph,,no
halykbank.kz,xn--halkbak-9za56o.kz,homoglyph,,no
halykbank.kz,xn--halkbak-9za61j.kz,homoglyph,,no
halykbank.kz,xn--halkbak-9za638a.kz,homoglyph,,no
halykbank.kz,xn--halkbak-9za6530e.kz,homoglyph,,no
halykbank.kz,xn--halkbak-9za6620e.kz,homoglyph,,no
halykbank.kz,xn--halkbak-9za6j.kz,homoglyph,,no
halykbank.kz,xn--halkbak-9za800a.kz,homoglyph,,no
halykbank.kz,xn--halkbak-9za8439d.kz,homoglyph,,no
halykbank.kz,xn--halkbak-9za8h.kz,homoglyph,,no
halykbank.kz,xn--halkbak-b23c0y.kz,homoglyph,,no
halykbank.kz,xn--halkbak-b23c88d.kz,homoglyph,,no
halykbank.kz,xn--halkbak-b23ct5d.kz,homoglyph,,no
halykbank.kz,xn--halkbak-e13c46d.kz,homoglyph,,no
halykbank.kz,xn--halkbak-e13cm0a.kz,homoglyph,,no
halykbank.kz,xn--halkbak-e13cu0e.kz,homoglyph,,no
halykbank.kz,xn--halkbak-e3a10e.kz,homoglyph,,no
halykbank.kz,xn--halkbak-e3a1858d.kz,homoglyph,,no
halykbank.kz,xn--halkbak-e3a3658d.kz,homoglyph,,no
halykbank.kz,xn--halkbak-e3a47d.kz,homoglyph,,no
halykbank.kz,xn--halkbak-e3a59849a.kz,homoglyph,,no
halykbank.kz,xn--halkbak-e3a65d.kz,homoglyph,,no
halykbank.kz,xn--halkbak-e3a76t.kz,homoglyph,,no
halykbank.kz,xn--halkbak-e3a83d.kz,homoglyph,,no
halykbank.kz,xn--halkbak-e3a9958d.kz,homoglyph,,no
halykbank.kz,xn--halkbak-j64cv912j.kz,homoglyph,,no
halykbank.kz,xn--halkbak-mqc06k.kz,homoglyph,,no
halykbank.kz,xn--halkbak-mqc0897d.kz,homoglyph,,no
halykbank.kz,xn--halkbak-mqc0987d.kz,homoglyph,,no
halykbank.kz,xn--halkbak-mqc23c.kz,homoglyph,,no
halykbank.kz,xn--halkbak-mqc2796d.kz,homoglyph,,no
halykbank.kz,xn--halkbak-mqc48e.kz,homoglyph,,no
halykbank.kz,xn--halkbak-pkb00h.kz,homoglyph,,no
halykbank.kz,xn--halkbak-pkb1059d.kz,homoglyph,,no
halykbank.kz,xn--halkbak-pkb15b.kz,homoglyph,,no
halykbank.kz,xn--halkbak-pkb170a.kz,homoglyph,,no
halykbank.kz,xn--halkbak-pkb1959d.kz,homoglyph,,no
halykbank.kz,xn--halkbak-pkb34s.kz,homoglyph,,no
halykbank.kz,xn--halkbak-pkb3858d.kz,homoglyph,,no
halykbank.kz,xn--halkbak-pkb59u.kz,homoglyph,,no
halykbank.kz,xn--halkbak-r9b0796d.kz,homoglyph,,no
halykbank.kz,xn--halkbak-r9b2596d.kz,homoglyph,,no
halykbank.kz,xn--halkbak-r9b4396d.kz,homoglyph,,no
halykbank.kz,xn--halkbak-r9b66239a.kz,homoglyph,,no
halykbank.kz,xn--halkbak-r9b83d.kz,homoglyph,,no
halykbank.kz,xn--halkbak-s3c1975d.kz,homoglyph,,no
halykbank.kz,xn--halkbak-s3c32129a.kz,homoglyph,,no
halykbank.kz,xn--halkbak-s3c7285d.kz,homoglyph,,no
halykbank.kz,xn--halkbak-s3c9085d.kz,homoglyph,,no
halykbank.kz,xn--halkbak-t84c9512j.kz,homoglyph,,no
halykbank.kz,xn--halkbak-tpd1894d.kz,homoglyph,,no
halykbank.kz,xn--halkbak-tpd3694d.kz,homoglyph,,no
halykbank.kz,xn--halkbak-tpd59219a.kz,homoglyph,,no
halykbank.kz,xn--halkbak-tpd9994d.kz,homoglyph,,no
halykbank.kz,xn--halkbak-tvb1057d.kz,homoglyph,,no
halykbank.kz,xn--halkbak-tvb3847d.kz,homoglyph,,no
halykbank.kz,xn--halkbak-tvb51839a.kz,homoglyph,,no
halykbank.kz,xn--halkbak-tvb78i.kz,homoglyph,,no
halykbank.kz,xn--halkbak-tvb9157d.kz,homoglyph,,no
halykbank.kz,xn--halkbak-u13c19d.kz,homoglyph,,no
halykbank.kz,xn--halkbak-u13cm6d.kz,homoglyph,,no
halykbank.kz,xn--halkbak-u13ctz.kz,homoglyph,,no
halykbank.kz,xn--halkbak-ulb05u.kz,homoglyph,,no
halykbank.kz,xn--halkbak-ulb55g.kz,homoglyph,,no
halykbank.kz,xn--halkbak-ulb60b.kz,homoglyph,,no
halykbank.kz,xn--halkbak-ulb620a.kz,homoglyph,,no
halykbank.kz,xn--halkbak-ulb6459d.kz,homoglyph,,no
halykbank.kz,xn--halkbak-ulb6549d.kz,homoglyph,,no
halykbank.kz,xn--halkbak-ulb8358d.kz,homoglyph,,no
halykbank.kz,xn--halkbak-ulb89r.kz,homoglyph,,no
halykbank.kz,xn--halkbak-x2a1858d.kz,homoglyph,,no
halykbank.kz,xn--halkbak-x2a29d.kz,homoglyph,,no
halykbank.kz,xn--halkbak-x2a31949a.kz,homoglyph,,no
halykbank.kz,xn--halkbak-x2a47d.kz,homoglyph,,no
halykbank.kz,xn--halkbak-x2a58t.kz,homoglyph,,no
halykbank.kz,xn--halkbak-x2a65d.kz,homoglyph,,no
halykbank.kz,xn--halkbak-x2a7168d.kz,homoglyph,,no
halykbank.kz,xn--halkbak-x2a91e.kz,homoglyph,,no
halykbank.kz,xn--halkbak-x2a9958d.kz,homoglyph,,no
halykbank.kz,xn--halkbamk-06a.kz,homoglyph,,no
halykbank.kz,xn--halkbamk-2s0d.kz,homoglyph,,no
halykbank.kz,xn--halkbamk-7gd.kz,homoglyph,,no
halykbank.kz,xn--halkbamk-bk1d.kz,homoglyph,,no
halykbank.kz,xn--halkbamk-fod.kz,homoglyph,,no
halykbank.kz,xn--halkbamk-i6a.kz,homoglyph,,no
halykbank.kz,xn--halkbamk-kjc.kz,homoglyph,,no
halykbank.kz,xn--halkbamk-v2b.kz,homoglyph,,no
halykbank.kz,xn--halkbamk-v4d.kz,homoglyph,,no
halykbank.kz,xn--halkbamk-vm1d.kz,homoglyph,,no
halykbank.kz,xn--halkban-69c4172d.kz,homoglyph,,no
halykbank.kz,xn--halkban-69c6935d.kz,homoglyph,,no
halykbank.kz,xn--halkban-69c8735d.kz,homoglyph,,no
halykbank.kz,xn--halkban-69c9218g.kz,homoglyph,,no
halykbank.kz,xn--halkban-7i4c109j.kz,homoglyph,,no
halykbank.kz,xn--halkban-bhb43i.kz,homoglyph,,no
halykbank.kz,xn--halkban-bhb502a.kz,homoglyph,,no
halykbank.kz,xn--halkban-bhb5279d.kz,homoglyph,,no
halykbank.kz,xn--halkban-bhb5369d.kz,homoglyph,,no
halykbank.kz,xn--halkban-bhb58c.kz,homoglyph,,no
halykbank.kz,xn--halkban-bhb7178d.kz,homoglyph,,no
halykbank.kz,xn--halkban-bhb77t.kz,homoglyph,,no
halykbank.kz,xn--halkban-bhb92w.kz,homoglyph,,no
halykbank.kz,xn--halkban-bx3c56e.kz,homoglyph,,no
halykbank.kz,xn--halkban-bx3cq3e.kz,homoglyph,,no
halykbank.kz,xn--halkban-bx3cx6a.kz,homoglyph,,no
halykbank.kz,xn--halkban-e3a0248d.kz,homoglyph,,no
halykbank.kz,xn--halkban-e3a13c.kz,homoglyph,,no
halykbank.kz,xn--halkban-e3a2048d.kz,homoglyph,,no
halykbank.kz,xn--halkban-e3a22c.kz,homoglyph,,no
halykbank.kz,xn--halkban-e3a3511h.kz,homoglyph,,no
halykbank.kz,xn--halkban-e3a42s.kz,homoglyph,,no
halykbank.kz,xn--halkban-e3a8375d.kz,homoglyph,,no
halykbank.kz,xn--halkban-j64cr60j.kz,homoglyph,,no
halykbank.kz,xn--halkban-jhb02w.kz,homoglyph,,no
halykbank.kz,xn--halkban-jhb52i.kz,homoglyph,,no
halykbank.kz,xn--halkban-jhb6179d.kz,homoglyph,,no
halykbank.kz,xn--halkban-jhb6269d.kz,homoglyph,,no
halykbank.kz,xn--halkban-jhb67c.kz,homoglyph,,no
halykbank.kz,xn--halkban-jhb691a.kz,homoglyph,,no
halykbank.kz,xn--halkban-jhb8078d.kz,homoglyph,,no
halykbank.kz,xn--halkban-jhb86t.kz,homoglyph,,no
halykbank.kz,xn--halkban-nz1c49o.kz,homoglyph,,no
halykbank.kz,xn--halkban-nz1cm3l.kz,homoglyph,,no
halykbank.kz,xn--halkban-nz1cu3p.kz,homoglyph,,no
halykbank.kz,xn--halkban-r9b1976d.kz,homoglyph,,no
halykbank.kz,xn--halkban-r9b3776d.kz,homoglyph,,no
halykbank.kz,xn--halkban-r9b4259g.kz,homoglyph,,no
halykbank.kz,xn--halkban-r9b59b.kz,homoglyph,,no
halykbank.kz,xn--halkban-r9b9014d.kz,homoglyph,,no
halykbank.kz,xn--halkban-rx3c45a.kz,homoglyph,,no
halykbank.kz,xn--halkban-rx3cn6e.kz,homoglyph,,no
halykbank.kz,xn--halkban-rx3cx2e.kz,homoglyph,,no
halykbank.kz,xn--halkban-s3c0365d.kz,homoglyph,,no
halykbank.kz,xn--halkban-s3c1838g.kz,homoglyph,,no
halykbank.kz,xn--halkban-s3c6692d.kz,homoglyph,,no
halykbank.kz,xn--halkban-s3c8465d.kz,homoglyph,,no
halykbank.kz,xn--halkban-t84c520j.kz,homoglyph,,no
halykbank.kz,xn--halkban-tpd0284d.kz,homoglyph,,no
halykbank.kz,xn--halkban-tpd2084d.kz,homoglyph,,no
halykbank.kz,xn--halkban-tpd3557g.kz,homoglyph,,no
halykbank.kz,xn--halkban-tpd8312d.kz,homoglyph,,no
halykbank.kz,xn--halkban-tvb0437d.kz,homoglyph,,no
halykbank.kz,xn--halkban-tvb2237d.kz,homoglyph,,no
halykbank.kz,xn--halkban-tvb3700h.kz,homoglyph,,no
halykbank.kz,xn--halkban-tvb44h.kz,homoglyph,,no
halykbank.kz,xn--halkban-tvb8564d.kz,homoglyph,,no
halykbank.kz,xn--halkban-x2a0248d.kz,homoglyph,,no
halykbank.kz,xn--halkban-x2a04c.kz,homoglyph,,no
halykbank.kz,xn--halkban-x2a1711h.kz,homoglyph,,no
halykbank.kz,xn--halkban-x2a24s.kz,homoglyph,,no
halykbank.kz,xn--halkban-x2a6575d.kz,homoglyph,,no
halykbank.kz,xn--halkban-x2a8348d.kz,homoglyph,,no
halykbank.kz,xn--halkban-x2a94c.kz,homoglyph,,no
halykbank.kz,xn--halkban-zmc30m.kz,homoglyph,,no
halykbank.kz,xn--halkban-zmc3218d.kz,homoglyph,,no
halykbank.kz,xn--halkban-zmc3308d.kz,homoglyph,,no
halykbank.kz,xn--halkban-zmc5117d.kz,homoglyph,,no
halykbank.kz,xn--halkban-zmc57d.kz,homoglyph,,no
halykbank.kz,xn--halkban-zmc72g.kz,homoglyph,,no
halykbank.kz,xn--halkbank-06a.kz,homoglyph,,no
halykbank.kz,xn--halkbank-2s0d.kz,homoglyph,,no
halykbank.kz,xn--halkbank-7gd.kz,homoglyph,,no
halykbank.kz,xn--halkbank-bk1d.kz,homoglyph,,no
halykbank.kz,xn--halkbank-fod.kz,homoglyph,,no
halykbank.kz,xn--halkbank-i6a.kz,homoglyph,,no
halykbank.kz,xn--halkbank-kjc.kz,homoglyph,,no
halykbank.kz,xn--halkbank-v2b.kz,homoglyph,,no
halykbank.kz,xn--halkbank-v4d.kz,homoglyph,,no
halykbank.kz,xn--halkbank-vm1d.kz,homoglyph,,no
halykbank.kz,xn--halkbanlc-29a.kz,homoglyph,,no
halykbank.kz,xn--halkbanlc-2w7d.kz,homoglyph,,no
halykbank.kz,xn--halkbanlc-dsc.kz,homoglyph,,no
halykbank.kz,xn--halkbanlc-n1d.kz,homoglyph,,no
halykbank.kz,xn--halkbanlc-nbb.kz,homoglyph,,no
halykbank.kz,xn--halkbanlc-ntd.kz,homoglyph,,no
halykbank.kz,xn--halkbanlc-x26d.kz,homoglyph,,no
halykbank.kz,xn--halkbanlc-x9b.kz,homoglyph,,no
halykbank.kz,xn--halkbanlc-xke.kz,homoglyph,,no
halykbank.kz,xn--halkbanlc-xz7d.kz,homoglyph,,no
halykbank.kz,xn--halkbark-06a.kz,homoglyph,,no
halykbank.kz,xn--halkbark-2s0d.kz,homoglyph,,no
halykbank.kz,xn--halkbark-7gd.kz,homoglyph,,no
halykbank.kz,xn--halkbark-bk1d.kz,homoglyph,,no
halykbank.kz,xn--halkbark-fod.kz,homoglyph,,no
halykbank.kz,xn--halkbark-i6a.kz,homoglyph,,no
halykbank.kz,xn--halkbark-kjc.kz,homoglyph,,no
halykbank.kz,xn--halkbark-v2b.kz,homoglyph,,no
halykbank.kz,xn--halkbark-v4d.kz,homoglyph,,no
halykbank.kz,xn--halkbark-vm1d.kz,homoglyph,,no
halykbank.kz,xn--halkbnk-1wa29p.kz,homoglyph,,no
halykbank.kz,xn--halkbnk-1wa34k.kz,homoglyph,,no
halykbank.kz,xn--halkbnk-1wa369a.kz,homoglyph,,no
halykbank.kz,xn--halkbnk-1wa3840e.kz,homoglyph,,no
halykbank.kz,xn--halkbnk-1wa3930e.kz,homoglyph,,no
halykbank.kz,xn--halkbnk-1wa3w.kz,homoglyph,,no
halykbank.kz,xn--halkbnk-1wa531a.kz,homoglyph,,no
halykbank.kz,xn--halkbnk-1wa5749d.kz,homoglyph,,no
halykbank.kz,xn--halkbnk-1wa5u.kz,homoglyph,,no
halykbank.kz,xn--halkbnk-1wa783a.kz,homoglyph,,no
halykbank.kz,xn--halkbnk-30c17a.kz,homoglyph,,no
halykbank.kz,xn--halkbnk-30c74g.kz,homoglyph,,no
halykbank.kz,xn--halkbnk-30c7657d.kz,homoglyph,,no
halykbank.kz,xn--halkbnk-30c7747d.kz,homoglyph,,no
halykbank.kz,xn--halkbnk-30c9556d.kz,homoglyph,,no
halykbank.kz,xn--halkbnk-30c9h.kz,homoglyph,,no
halykbank.kz,xn--halkbnk-69c6636d.kz,homoglyph,,no
halykbank.kz,xn--halkbnk-69c6g.kz,homoglyph,,no
halykbank.kz,xn--halkbnk-69cu.kz,homoglyph,,no
halykbank.kz,xn--halkbnk-7i4cog.kz,homoglyph,,no
halykbank.kz,xn--halkbnk-9wa38p.kz,homoglyph,,no
halykbank.kz,xn--halkbnk-9wa43k.kz,homoglyph,,no
halykbank.kz,xn--halkbnk-9wa459a.kz,homoglyph,,no
halykbank.kz,xn--halkbnk-9wa4740e.kz,homoglyph,,no
halykbank.kz,xn--halkbnk-9wa4830e.kz,homoglyph,,no
halykbank.kz,xn--halkbnk-9wa4v.kz,homoglyph,,no
halykbank.kz,xn--halkbnk-9wa621a.kz,homoglyph,,no
halykbank.kz,xn--halkbnk-9wa6649d.kz,homoglyph,,no
halykbank.kz,xn--halkbnk-9wa6t.kz,homoglyph,,no
halykbank.kz,xn--halkbnk-9wa873a.kz,homoglyph,,no
halykbank.kz,xn--halkbnk-d4a40n.kz,homoglyph,,no
halykbank.kz,xn--halkbnk-d4a5010e.kz,homoglyph,,no
halykbank.kz,xn--halkbnk-d4a55h.kz,homoglyph,,no
halykbank.kz,xn--halkbnk-d4a576a.kz,homoglyph,,no
halykbank.kz,xn--halkbnk-d4a5910e.kz,homoglyph,,no
halykbank.kz,xn--halkbnk-d4a74y.kz,homoglyph,,no
halykbank.kz,xn--halkbnk-d4a7819d.kz,homoglyph,,no
halykbank.kz,xn--halkbnk-d4a990a.kz,homoglyph,,no
halykbank.kz,xn--halkbnk-dwa0150e.kz,homoglyph,,no
halykbank.kz,xn--halkbnk-dwa0240e.kz,homoglyph,,no
halykbank.kz,xn--halkbnk-dwa07k.kz,homoglyph,,no
halykbank.kz,xn--halkbnk-dwa099a.kz,homoglyph,,no
halykbank.kz,xn--halkbnk-dwa0z.kz,homoglyph,,no
halykbank.kz,xn--halkbnk-dwa2059d.kz,homoglyph,,no
halykbank.kz,xn--halkbnk-dwa261a.kz,homoglyph,,no
halykbank.kz,xn--halkbnk-dwa2x.kz,homoglyph,,no
halykbank.kz,xn--halkbnk-dwa414a.kz,homoglyph,,no
halykbank.kz,xn--halkbnk-dwa91q.kz,homoglyph,,no
halykbank.kz,xn--halkbnk-e3a032a.kz,homoglyph,,no
halykbank.kz,xn--halkbnk-e3a08x.kz,homoglyph,,no
halykbank.kz,xn--halkbnk-e3a0939d.kz,homoglyph,,no
halykbank.kz,xn--halkbnk-e3a0d.kz,homoglyph,,no
halykbank.kz,xn--halkbnk-e3a2b.kz,homoglyph,,no
halykbank.kz,xn--halkbnk-e3a851a.kz,homoglyph,,no
halykbank.kz,xn--halkbnk-e3a97p.kz,homoglyph,,no
halykbank.kz,xn--halkbnk-e3au.kz,homoglyph,,no
halykbank.kz,xn--halkbnk-en4cl6a.kz,homoglyph,,no
halykbank.kz,xn--halkbnk-en4cz2a.kz,homoglyph,,no
halykbank.kz,xn--halkbnk-ixa47p.kz,homoglyph,,no
halykbank.kz,xn--halkbnk-ixa52k.kz,homoglyph,,no
halykbank.kz,xn--halkbnk-ixa549a.kz,homoglyph,,no
halykbank.kz,xn--halkbnk-ixa5640e.kz,homoglyph,,no
halykbank.kz,xn--halkbnk-ixa5730e.kz,homoglyph,,no
halykbank.kz,xn--halkbnk-ixa5u.kz,homoglyph,,no
halykbank.kz,xn--halkbnk-ixa711a.kz,homoglyph,,no
halykbank.kz,xn--halkbnk-ixa7549d.kz,homoglyph,,no
halykbank.kz,xn--halkbnk-ixa7s.kz,homoglyph,,no
halykbank.kz,xn--halkbnk-ixa963a.kz,homoglyph,,no
halykbank.kz,xn--halkbnk-jdd7117d.kz,homoglyph,,no
halykbank.kz,xn--halkbnk-jdd7207d.kz,homoglyph,,no
halykbank.kz,xn--halkbnk-jdd79b.kz,homoglyph,,no
halykbank.kz,xn--halkbnk-jdd9016d.kz,homoglyph,,no
halykbank.kz,xn--halkbnk-lwa01q.kz,homoglyph,,no
halykbank.kz,xn--halkbnk-lwa1050e.kz,homoglyph,,no
halykbank.kz,xn--halkbnk-lwa1140e.kz,homoglyph,,no
halykbank.kz,xn--halkbnk-lwa16k.kz,homoglyph,,no
halykbank.kz,xn--halkbnk-lwa189a.kz,homoglyph,,no
halykbank.kz,xn--halkbnk-lwa1y.kz,homoglyph,,no
halykbank.kz,xn--halkbnk-lwa351a.kz,homoglyph,,no
halykbank.kz,xn--halkbnk-lwa3949d.kz,homoglyph,,no
halykbank.kz,xn--halkbnk-lwa3w.kz,homoglyph,,no
halykbank.kz,xn--halkbnk-lwa504a.kz,homoglyph,,no
halykbank.kz,xn--halkbnk-pbd1816d.kz,homoglyph,,no
halykbank.kz,xn--halkbnk-pbd96c.kz,homoglyph,,no
halykbank.kz,xn--halkbnk-pbd9817d.kz,homoglyph,,no
halykbank.kz,xn--halkbnk-pbd9907d.kz,homoglyph,,no
halykbank.kz,xn--halkbnk-r9b0v.kz,homoglyph,,no
halykbank.kz,xn--halkbnk-r9b10m.kz,homoglyph,,no
halykbank.kz,xn--halkbnk-r9b15h.kz,homoglyph,,no
halykbank.kz,xn--halkbnk-r9b1677d.kz,homoglyph,,no
halykbank.kz,xn--halkbnk-r9b92l.kz,homoglyph,,no
halykbank.kz,xn--halkbnk-rgc02g.kz,homoglyph,,no
halykbank.kz,xn--halkbnk-rgc0637d.kz,homoglyph,,no
halykbank.kz,xn--halkbnk-rgc27i.kz,homoglyph,,no
halykbank.kz,xn--halkbnk-rgc84o.kz,homoglyph,,no
halykbank.kz,xn--halkbnk-rgc8638d.kz,homoglyph,,no
halykbank.kz,xn--halkbnk-rgc8728d.kz,homoglyph,,no
halykbank.kz,xn--halkbnk-s3c6y.kz,homoglyph,,no
halykbank.kz,xn--halkbnk-s3c8166d.kz,homoglyph,,no
halykbank.kz,xn--halkbnk-s3c85a.kz,homoglyph,,no
halykbank.kz,xn--halkbnk-t4a180a.kz,homoglyph,,no
halykbank.kz,xn--halkbnk-t4a68m.kz,homoglyph,,no
halykbank.kz,xn--halkbnk-t4a73h.kz,homoglyph,,no
halykbank.kz,xn--halkbnk-t4a756a.kz,homoglyph,,no
halykbank.kz,xn--halkbnk-t4a7710e.kz,homoglyph,,no
halykbank.kz,xn--halkbnk-t4a7800e.kz,homoglyph,,no
halykbank.kz,xn--halkbnk-t4a92y.kz,homoglyph,,no
halykbank.kz,xn--halkbnk-t4a9619d.kz,homoglyph,,no
halykbank.kz,xn--halkbnk-tpd0975d.kz,homoglyph,,no
halykbank.kz,xn--halkbnk-tvb00n.kz,homoglyph,,no
halykbank.kz,xn--halkbnk-tvb0138d.kz,homoglyph,,no
halykbank.kz,xn--halkbnk-tvb05r.kz,homoglyph,,no
halykbank.kz,xn--halkbnk-tvb87q.kz,homoglyph,,no
halykbank.kz,xn--halkbnk-tvb99e.kz,homoglyph,,no
halykbank.kz,xn--halkbnk-twa10q.kz,homoglyph,,no
halykbank.kz,xn--halkbnk-twa2040e.kz,homoglyph,,no
halykbank.kz,xn--halkbnk-twa25k.kz,homoglyph,,no
halykbank.kz,xn--halkbnk-twa279a.kz,homoglyph,,no
halykbank.kz,xn--halkbnk-twa2940e.kz,homoglyph,,no
halykbank.kz,xn--halkbnk-twa2x.kz,homoglyph,,no
halykbank.kz,xn--halkbnk-twa441a.kz,homoglyph,,no
halykbank.kz,xn--halkbnk-twa4849d.kz,homoglyph,,no
halykbank.kz,xn--halkbnk-twa4v.kz,homoglyph,,no
halykbank.kz,xn--halkbnk-twa693a.kz,homoglyph,,no
halykbank.kz,xn--halkbnk-w3a22n.kz,homoglyph,,no
halykbank.kz,xn--halkbnk-w3a3120e.kz,homoglyph,,no
halykbank.kz,xn--halkbnk-w3a3210e.kz,homoglyph,,no
halykbank.kz,xn--halkbnk-w3a37h.kz,homoglyph,,no
halykbank.kz,xn--halkbnk-w3a396a.kz,homoglyph,,no
halykbank.kz,xn--halkbnk-w3a5029d.kz,homoglyph,,no
halykbank.kz,xn--halkbnk-w3a56y.kz,homoglyph,,no
halykbank.kz,xn--halkbnk-w3a711a.kz,homoglyph,,no
halykbank.kz,xn--halkbnk-x2a0d.kz,homoglyph,,no
halykbank.kz,xn--halkbnk-x2a2b.kz,homoglyph,,no
halykbank.kz,xn--halkbnk-x2a671a.kz,homoglyph,,no
halykbank.kz,xn--halkbnk-x2a79p.kz,homoglyph,,no
halykbank.kz,xn--halkbnk-x2a8049d.kz,homoglyph,,no
halykbank.kz,xn--halkbnk-x2a842a.kz,homoglyph,,no
halykbank.kz,xn--halkbnk-x2a89x.kz,homoglyph,,no
halykbank.kz,xn--halkbnk-x2a8e.kz,homoglyph,,no
halykbank.kz,xn--halkdank-06a.kz,homoglyph,,no
halykbank.kz,xn--halkdank-2s0d.kz,homoglyph,,no
halykbank.kz,xn--halkdank-7gd.kz,homoglyph,,no
halykbank.kz,xn--halkdank-bk1d.kz,homoglyph,,no
halykbank.kz,xn--halkdank-fod.kz,homoglyph,,no
halykbank.kz,xn--halkdank-i6a.kz,homoglyph,,no
halykbank.kz,xn--halkdank-kjc.kz,homoglyph,,no
halykbank.kz,xn--halkdank-v2b.kz,homoglyph,,no
halykbank.kz,xn--halkdank-v4d.kz,homoglyph,,no
halykbank.kz,xn--halkdank-vm1d.kz,homoglyph,,no
halykbank.kz,xn--halklbank-29a.kz,homoglyph,,no
halykbank.kz,xn--halklbank-2w7d.kz,homoglyph,,no
halykbank.kz,xn--halklbank-dsc.kz,homoglyph,,no
halykbank.kz,xn--halklbank-n1d.kz,homoglyph,,no
halykbank.kz,xn--halklbank-nbb.kz,homoglyph,,no
halykbank.kz,xn--halklbank-ntd.kz,homoglyph,,no
halykbank.kz,xn--halklbank-x26d.kz,homoglyph,,no
halykbank.kz,xn--halklbank-x9b.kz,homoglyph,,no
halykbank.kz,xn--halklbank-xke.kz,homoglyph,,no
halykbank.kz,xn--halklbank-xz7d.kz,homoglyph,,no
halykbank.kz,xn--hallcbank-29a.kz,homoglyph,,no
halykbank.kz,xn--hallcbank-2w7d.kz,homoglyph,,no
halykbank.kz,xn--hallcbank-dsc.kz,homoglyph,,no
halykbank.kz,xn--hallcbank-n1d.kz,homoglyph,,no
halykbank.kz,xn--hallcbank-nbb.kz,homoglyph,,no
halykbank.kz,xn--hallcbank-ntd.kz,homoglyph,,no
halykbank.kz,xn--hallcbank-x26d.kz,homoglyph,,no
halykbank.kz,xn--hallcbank-x9b.kz,homoglyph,,no
halykbank.kz,xn--hallcbank-xke.kz,homoglyph,,no
halykbank.kz,xn--hallcbank-xz7d.kz,homoglyph,,no
halykbank.kz,xn--halyank-1yb1917d.kz,homoglyph,,no
halykbank.kz,xn--halyank-1yb2499g.kz,homoglyph,,no
halykbank.kz,xn--halyank-1yb31g.kz,homoglyph,,no
halykbank.kz,xn--halyank-1yb7254d.kz,homoglyph,,no
halykbank.kz,xn--halyank-1yb9027d.kz,homoglyph,,no
halykbank.kz,xn--halyank-4bd3762d.kz,homoglyph,,no
halykbank.kz,xn--halyank-4bd5535d.kz,homoglyph,,no
halykbank.kz,xn--halyank-4bd7335d.kz,homoglyph,,no
halykbank.kz,xn--halyank-4bd8808g.kz,homoglyph,,no
halykbank.kz,xn--halyank-4rd3402d.kz,homoglyph,,no
halykbank.kz,xn--halyank-4rd5274d.kz,homoglyph,,no
halykbank.kz,xn--halyank-4rd7074d.kz,homoglyph,,no
halykbank.kz,xn--halyank-4rd8547g.kz,homoglyph,,no
halykbank.kz,xn--halyank-5m3cnq.kz,homoglyph,,no
halykbank.kz,xn--halyank-5m3cup.kz,homoglyph,,no
halykbank.kz,xn--halyank-5m3cv93k.kz,homoglyph,,no
halykbank.kz,xn--halyank-7gb003a.kz,homoglyph,,no
halykbank.kz,xn--halyank-7gb07w.kz,homoglyph,,no
halykbank.kz,xn--halyank-7gb0847d.kz,homoglyph,,no
halykbank.kz,xn--halyank-7gb2647d.kz,homoglyph,,no
halykbank.kz,xn--halyank-7gb61e.kz,homoglyph,,no
halykbank.kz,xn--halyank-7gb8947d.kz,homoglyph,,no
halykbank.kz,xn--halyank-8l3c5q.kz,homoglyph,,no
halykbank.kz,xn--halyank-8l3c604k.kz,homoglyph,,no
halykbank.kz,xn--halyank-8l3cyr.kz,homoglyph,,no
halykbank.kz,xn--halyank-ghb16w.kz,homoglyph,,no
halykbank.kz,xn--halyank-ghb1747d.kz,homoglyph,,no
halykbank.kz,xn--halyank-ghb192a.kz,homoglyph,,no
halykbank.kz,xn--halyank-ghb3547d.kz,homoglyph,,no
halykbank.kz,xn--halyank-ghb70e.kz,homoglyph,,no
halykbank.kz,xn--halyank-ghb9847d.kz,homoglyph,,no
halykbank.kz,xn--halyank-kz1c62g.kz,homoglyph,,no
halykbank.kz,xn--halyank-kz1cs4g.kz,homoglyph,,no
halykbank.kz,xn--halyank-kz1cz3g.kz,homoglyph,,no
halykbank.kz,xn--halyank-pm3c5q.kz,homoglyph,,no
halykbank.kz,xn--halyank-pm3cnq.kz,homoglyph,,no
halykbank.kz,xn--halyank-pm3co04k.kz,homoglyph,,no
halykbank.kz,xn--halyank-wmc0685d.kz,homoglyph,,no
halykbank.kz,xn--halyank-wmc6985d.kz,homoglyph,,no
halykbank.kz,xn--halyank-wmc86g.kz,homoglyph,,no
halykbank.kz,xn--halyank-wmc8785d.kz,homoglyph,,no
halykbank.kz,xn--halyank-wmc89m.kz,homoglyph,,no
halykbank.kz,xn--halybak-5kb06l.kz,homoglyph,,no
halykbank.kz,xn--halybak-5kb4705d.kz,homoglyph,,no
halykbank.kz,xn--halybak-5kb6577d.kz,homoglyph,,no
halykbank.kz,xn--halybak-5kb8377d.kz,homoglyph,,no
halykbank.kz,xn--halybak-5kb9840h.kz,homoglyph,,no
halykbank.kz,xn--halybak-7gb09349a.kz,homoglyph,,no
halykbank.kz,xn--halybak-7gb1l.kz,homoglyph,,no
halykbank.kz,xn--halybak-7gb26o.kz,homoglyph,,no
halykbank.kz,xn--halybak-7gb3j.kz,homoglyph,,no
halykbank.kz,xn--halybak-7gb4908d.kz,homoglyph,,no
halykbank.kz,xn--halybak-7gb6708d.kz,homoglyph,,no
halykbank.kz,xn--halybak-7gb6p.kz,homoglyph,,no
halykbank.kz,xn--halybak-7gb8508d.kz,homoglyph,,no
halykbank.kz,xn--halybak-7gb9m.kz,homoglyph,,no
halykbank.kz,xn--halybak-7w3c6g.kz,homoglyph,,no
halykbank.kz,xn--halybak-7w3cog.kz,homoglyph,,no
halykbank.kz,xn--halybak-7w3cv377j.kz,homoglyph,,no
halykbank.kz,xn--halybak-7w3czh.kz,homoglyph,,no
halykbank.kz,xn--halybak-8jb0115d.kz,homoglyph,,no
halykbank.kz,xn--halybak-8jb2977d.kz,homoglyph,,no
halykbank.kz,xn--halybak-8jb4777d.kz,homoglyph,,no
halykbank.kz,xn--halybak-8jb5250h.kz,homoglyph,,no
halykbank.kz,xn--halybak-8jb69l.kz,homoglyph,,no
halykbank.kz,xn--halybak-9za05d.kz,homoglyph,,no
halykbank.kz,xn--halybak-9za1258d.kz,homoglyph,,no
halykbank.kz,xn--halybak-9za14d.kz,homoglyph,,no
halykbank.kz,xn--halybak-9za2721h.kz,homoglyph,,no
halykbank.kz,xn--halybak-9za34t.kz,homoglyph,,no
halykbank.kz,xn--halybak-9za7585d.kz,homoglyph,,no
halykbank.kz,xn--halybak-9za9358d.kz,homoglyph,,no
halykbank.kz,xn--halybak-b23cz51k.kz,homoglyph,,no
halykbank.kz,xn--halybak-e13cl71k.kz,homoglyph,,no
halykbank.kz,xn--halybak-ghb0m.kz,homoglyph,,no
halykbank.kz,xn--halybak-ghb18349a.kz,homoglyph,,no
halykbank.kz,xn--halybak-ghb2k.kz,homoglyph,,no
halykbank.kz,xn--halybak-ghb35o.kz,homoglyph,,no
halykbank.kz,xn--halybak-ghb4i.kz,homoglyph,,no
halykbank.kz,xn--halybak-ghb5808d.kz,homoglyph,,no
halykbank.kz,xn--halybak-ghb7608d.kz,homoglyph,,no
halykbank.kz,xn--halybak-ghb7o.kz,homoglyph,,no
halykbank.kz,xn--halybak-ghb9408d.kz,homoglyph,,no
halykbank.kz,xn--halybak-kz1c26i.kz,homoglyph,,no
halykbank.kz,xn--halybak-kz1c9978j.kz,homoglyph,,no
halykbank.kz,xn--halybak-kz1co8i.kz,homoglyph,,no
halykbank.kz,xn--halybak-kz1cv7i.kz,homoglyph,,no
halykbank.kz,xn--halybak-mqc1843d.kz,homoglyph,,no
halykbank.kz,xn--halybak-mqc3616d.kz,homoglyph,,no
halykbank.kz,xn--halybak-mqc5416d.kz,homoglyph,,no
halykbank.kz,xn--halybak-mqc6988g.kz,homoglyph,,no
halykbank.kz,xn--halybak-ox3c2277j.kz,homoglyph,,no
halykbank.kz,xn--halybak-ox3c6g.kz,homoglyph,,no
halykbank.kz,xn--halybak-ox3cog.kz,homoglyph,,no
halykbank.kz,xn--halybak-ox3cvf.kz,homoglyph,,no
halykbank.kz,xn--halybak-pkb2905d.kz,homoglyph,,no
halykbank.kz,xn--halybak-pkb4777d.kz,homoglyph,,no
halykbank.kz,xn--halybak-pkb6577d.kz,homoglyph,,no
halykbank.kz,xn--halybak-pkb7050h.kz,homoglyph,,no
halykbank.kz,xn--halybak-pkb87l.kz,homoglyph,,no
halykbank.kz,xn--halybak-u13cs61k.kz,homoglyph,,no
halykbank.kz,xn--halybak-ulb1177d.kz,homoglyph,,no
halykbank.kz,xn--halybak-ulb2640h.kz,homoglyph,,no
halykbank.kz,xn--halybak-ulb33l.kz,homoglyph,,no
halykbank.kz,xn--halybak-ulb7405d.kz,homoglyph,,no
halykbank.kz,xn--halybak-ulb9277d.kz,homoglyph,,no
halykbank.kz,xn--halybak-wmc0m.kz,homoglyph,,no
halykbank.kz,xn--halybak-wmc2946d.kz,homoglyph,,no
halykbank.kz,xn--halybak-wmc4746d.kz,homoglyph,,no
halykbank.kz,xn--halybak-wmc6546d.kz,homoglyph,,no
halykbank.kz,xn--halybak-wmc88729a.kz,homoglyph,,no
halykbank.kz,xn--halybak-zo7ev742h.kz,homoglyph,,no
halykbank.kz,xn--halybamk-6u6f.kz,homoglyph,,no
halykbank.kz,xn--halybamk-7wc.kz,homoglyph,,no
halykbank.kz,xn--halybamk-cy7c.kz,homoglyph,,no
halykbank.kz,xn--halybamk-g49c.kz,homoglyph,,no
halykbank.kz,xn--halybamk-gmb.kz,homoglyph,,no
halykbank.kz,xn--halybamk-pmb.kz,homoglyph,,no
halykbank.kz,xn--halybamk-y49c.kz,homoglyph,,no
halykbank.kz,xn--halyban-7gb3325d.kz,homoglyph,,no
halykbank.kz,xn--halyban-7gb5197d.kz,homoglyph,,no
halykbank.kz,xn--halyban-7gb7987d.kz,homoglyph,,no
halykbank.kz,xn--halyban-7gb8460h.kz,homoglyph,,no
halykbank.kz,xn--halyban-7gb91n.kz,homoglyph,,no
halykbank.kz,xn--halyban-7gbd.kz,homoglyph,,no
halykbank.kz,xn--halyban-7gbm.kz,homoglyph,,no
halykbank.kz,xn--halyban-7w3c332k.kz,homoglyph,,no
halykbank.kz,xn--halyban-7w3cd.kz,homoglyph,,no
halykbank.kz,xn--halyban-7w3cva.kz,homoglyph,,no
halykbank.kz,xn--halyban-bhb0987d.kz,homoglyph,,no
halykbank.kz,xn--halyban-bhb1460h.kz,homoglyph,,no
halykbank.kz,xn--halyban-bhb21n.kz,homoglyph,,no
halykbank.kz,xn--halyban-bhb6225d.kz,homoglyph,,no
halykbank.kz,xn--halyban-bhb8097d.kz,homoglyph,,no
halykbank.kz,xn--halyban-bhbf.kz,homoglyph,,no
halykbank.kz,xn--halyban-bx3coa.kz,homoglyph,,no
halykbank.kz,xn--halyban-bx3cw32k.kz,homoglyph,,no
halykbank.kz,xn--halyban-ghb01n.kz,homoglyph,,no
halykbank.kz,xn--halyban-ghb4225d.kz,homoglyph,,no
halykbank.kz,xn--halyban-ghb6097d.kz,homoglyph,,no
halykbank.kz,xn--halyban-ghb8887d.kz,homoglyph,,no
halykbank.kz,xn--halyban-ghb9360h.kz,homoglyph,,no
halykbank.kz,xn--halyban-ghbd.kz,homoglyph,,no
halykbank.kz,xn--halyban-jhb1887d.kz,homoglyph,,no
halykbank.kz,xn--halyban-jhb2360h.kz,homoglyph,,no
halykbank.kz,xn--halyban-jhb30n.kz,homoglyph,,no
halykbank.kz,xn--halyban-jhb7125d.kz,homoglyph,,no
halykbank.kz,xn--halyban-jhb9987d.kz,homoglyph,,no
halykbank.kz,xn--halyban-kz1c90i.kz,homoglyph,,no
halykbank.kz,xn--halyban-kz1cd.kz,homoglyph,,no
halykbank.kz,xn--halyban-kz1cr0i.kz,homoglyph,,no
halykbank.kz,xn--halyban-kz1cs03l.kz,homoglyph,,no
halykbank.kz,xn--halyban-nz1c20i.kz,homoglyph,,no
halykbank.kz,xn--halyban-nz1c99h.kz,homoglyph,,no
halykbank.kz,xn--halyban-nz1cl03l.kz,homoglyph,,no
halykbank.kz,xn--halyban-ox3cd.kz,homoglyph,,no
halykbank.kz,xn--halyban-ox3cl32k.kz,homoglyph,,no
halykbank.kz,xn--halyban-rx3c322k.kz,homoglyph,,no
halykbank.kz,xn--halyban-wmc1363d.kz,homoglyph,,no
halykbank.kz,xn--halyban-wmc3136d.kz,homoglyph,,no
halykbank.kz,xn--halyban-wmc5926d.kz,homoglyph,,no
halykbank.kz,xn--halyban-wmc6409g.kz,homoglyph,,no
halykbank.kz,xn--halyban-wmcd.kz,homoglyph,,no
halykbank.kz,xn--halyban-zmc4263d.kz,homoglyph,,no
halykbank.kz,xn--halyban-zmc6036d.kz,homoglyph,,no
halykbank.kz,xn--halyban-zmc8826d.kz,homoglyph,,no
halykbank.kz,xn--halyban-zmc9309g.kz,homoglyph,,no
halykbank.kz,xn--halyban-zo7ed.kz,homoglyph,,no
halykbank.kz,xn--halybank-6u6f.kz,homoglyph,,no
halykbank.kz,xn--halybank-7wc.kz,homoglyph,,no
halykbank.kz,xn--halybank-cy7c.kz,homoglyph,,no
halykbank.kz,xn--halybank-g49c.kz,homoglyph,,no
halykbank.kz,xn--halybank-gmb.kz,homoglyph,,no
halykbank.kz,xn--halybank-pmb.kz,homoglyph,,no
halykbank.kz,xn--halybank-y49c.kz,homoglyph,,no
halykbank.kz,xn--halybanlc-3w3d.kz,homoglyph,,no
halykbank.kz,xn--halybanlc-8c6d.kz,homoglyph,,no
halykbank.kz,xn--halybanlc-e15g.kz,homoglyph,,no
halykbank.kz,xn--halybanlc-j7c.kz,homoglyph,,no
halykbank.kz,xn--halybanlc-oc6d.kz,homoglyph,,no
halykbank.kz,xn--halybanlc-orb.kz,homoglyph,,no
halykbank.kz,xn--halybanlc-yrb.kz,homoglyph,,no
halykbank.kz,xn--halybark-6u6f.kz,homoglyph,,no
halykbank.kz,xn--halybark-7wc.kz,homoglyph,,no
halykbank.kz,xn--halybark-cy7c.kz,homoglyph,,no
halykbank.kz,xn--halybark-g49c.kz,homoglyph,,no
halykbank.kz,xn--halybark-gmb.kz,homoglyph,,no
halykbank.kz,xn--halybark-pmb.kz,homoglyph,,no
halykbank.kz,xn--halybark-y49c.kz,homoglyph,,no
halykbank.kz,xn--halybnk-1wa07u.kz,homoglyph,,no
halykbank.kz,xn--halybnk-1wa4895d.kz,homoglyph,,no
halykbank.kz,xn--halybnk-1wa6668d.kz,homoglyph,,no
halykbank.kz,xn--halybnk-1wa77e.kz,homoglyph,,no
halykbank.kz,xn--halybnk-1wa8468d.kz,homoglyph,,no
halykbank.kz,xn--halybnk-1wa86e.kz,homoglyph,,no
halykbank.kz,xn--halybnk-1wa9931h.kz,homoglyph,,no
halykbank.kz,xn--halybnk-30c0575d.kz,homoglyph,,no
halykbank.kz,xn--halybnk-30c2375d.kz,homoglyph,,no
halykbank.kz,xn--halybnk-30c3848g.kz,homoglyph,,no
halykbank.kz,xn--halybnk-30c8603d.kz,homoglyph,,no
halykbank.kz,xn--halybnk-7gb35w.kz,homoglyph,,no
halykbank.kz,xn--halybnk-7gb47k.kz,homoglyph,,no
halykbank.kz,xn--halybnk-7gb52x.kz,homoglyph,,no
halykbank.kz,xn--halybnk-7gb57s.kz,homoglyph,,no
halykbank.kz,xn--halybnk-7gb5888d.kz,homoglyph,,no
halykbank.kz,xn--halybnk-7w3cq3b.kz,homoglyph,,no
halykbank.kz,xn--halybnk-9wa0931h.kz,homoglyph,,no
halykbank.kz,xn--halybnk-9wa16u.kz,homoglyph,,no
halykbank.kz,xn--halybnk-9wa5795d.kz,homoglyph,,no
halykbank.kz,xn--halybnk-9wa7568d.kz,homoglyph,,no
halykbank.kz,xn--halybnk-9wa86e.kz,homoglyph,,no
halykbank.kz,xn--halybnk-9wa9368d.kz,homoglyph,,no
halykbank.kz,xn--halybnk-9wa95e.kz,homoglyph,,no
halykbank.kz,xn--halybnk-d4a0638d.kz,homoglyph,,no
halykbank.kz,xn--halybnk-d4a08b.kz,homoglyph,,no
halykbank.kz,xn--halybnk-d4a1111h.kz,homoglyph,,no
halykbank.kz,xn--halybnk-d4a28r.kz,homoglyph,,no
halykbank.kz,xn--halybnk-d4a6965d.kz,homoglyph,,no
halykbank.kz,xn--halybnk-d4a8738d.kz,homoglyph,,no
halykbank.kz,xn--halybnk-d4a98b.kz,homoglyph,,no
halykbank.kz,xn--halybnk-dwa1106d.kz,homoglyph,,no
halykbank.kz,xn--halybnk-dwa3968d.kz,homoglyph,,no
halykbank.kz,xn--halybnk-dwa40f.kz,homoglyph,,no
halykbank.kz,xn--halybnk-dwa5768d.kz,homoglyph,,no
halykbank.kz,xn--halybnk-dwa59e.kz,homoglyph,,no
halykbank.kz,xn--halybnk-dwa6241h.kz,homoglyph,,no
halykbank.kz,xn--halybnk-dwa79u.kz,homoglyph,,no
halykbank.kz,xn--halybnk-en4cn53j.kz,homoglyph,,no
halykbank.kz,xn--halybnk-ghb44w.kz,homoglyph,,no
halykbank.kz,xn--halybnk-ghb56k.kz,homoglyph,,no
halykbank.kz,xn--halybnk-ghb61x.kz,homoglyph,,no
halykbank.kz,xn--halybnk-ghb66s.kz,homoglyph,,no
halykbank.kz,xn--halybnk-ghb6788d.kz,homoglyph,,no
halykbank.kz,xn--halybnk-ixa0368d.kz,homoglyph,,no
halykbank.kz,xn--halybnk-ixa05e.kz,homoglyph,,no
halykbank.kz,xn--halybnk-ixa1831h.kz,homoglyph,,no
halykbank.kz,xn--halybnk-ixa25u.kz,homoglyph,,no
halykbank.kz,xn--halybnk-ixa6695d.kz,homoglyph,,no
halykbank.kz,xn--halybnk-ixa8468d.kz,homoglyph,,no
halykbank.kz,xn--halybnk-ixa95e.kz,homoglyph,,no
halykbank.kz,xn--halybnk-jdd0035d.kz,homoglyph,,no
halykbank.kz,xn--halybnk-jdd2825d.kz,homoglyph,,no
halykbank.kz,xn--halybnk-jdd3308g.kz,homoglyph,,no
halykbank.kz,xn--halybnk-jdd8162d.kz,homoglyph,,no
halykbank.kz,xn--halybnk-kz1c49l.kz,homoglyph,,no
halykbank.kz,xn--halybnk-lwa2006d.kz,homoglyph,,no
halykbank.kz,xn--halybnk-lwa4868d.kz,homoglyph,,no
halykbank.kz,xn--halybnk-lwa59e.kz,homoglyph,,no
halykbank.kz,xn--halybnk-lwa6668d.kz,homoglyph,,no
halykbank.kz,xn--halybnk-lwa68e.kz,homoglyph,,no
halykbank.kz,xn--halybnk-lwa7141h.kz,homoglyph,,no
halykbank.kz,xn--halybnk-lwa88u.kz,homoglyph,,no
halykbank.kz,xn--halybnk-ox3cx2b.kz,homoglyph,,no
halykbank.kz,xn--halybnk-pbd0962d.kz,homoglyph,,no
halykbank.kz,xn--halybnk-pbd2735d.kz,homoglyph,,no
halykbank.kz,xn--halybnk-pbd4535d.kz,homoglyph,,no
halykbank.kz,xn--halybnk-pbd5018g.kz,homoglyph,,no
halykbank.kz,xn--halybnk-rgc1556d.kz,homoglyph,,no
halykbank.kz,xn--halybnk-rgc3356d.kz,homoglyph,,no
halykbank.kz,xn--halybnk-rgc4829g.kz,homoglyph,,no
halykbank.kz,xn--halybnk-rgc5v.kz,homoglyph,,no
halykbank.kz,xn--halybnk-rgc9683d.kz,homoglyph,,no
halykbank.kz,xn--halybnk-t4a0638d.kz,homoglyph,,no
halykbank.kz,xn--halybnk-t4a17b.kz,homoglyph,,no
halykbank.kz,xn--halybnk-t4a2438d.kz,homoglyph,,no
halykbank.kz,xn--halybnk-t4a26b.kz,homoglyph,,no
halykbank.kz,xn--halybnk-t4a3901h.kz,homoglyph,,no
halykbank.kz,xn--halybnk-t4a46r.kz,homoglyph,,no
halykbank.kz,xn--halybnk-t4a8765d.kz,homoglyph,,no
halykbank.kz,xn--halybnk-twa3995d.kz,homoglyph,,no
halykbank.kz,xn--halybnk-twa5768d.kz,homoglyph,,no
halykbank.kz,xn--halybnk-twa68e.kz,homoglyph,,no
halykbank.kz,xn--halybnk-twa7568d.kz,homoglyph,,no
halykbank.kz,xn--halybnk-twa77e.kz,homoglyph,,no
halykbank.kz,xn--halybnk-twa8041h.kz,homoglyph,,no
halykbank.kz,xn--halybnk-twa97u.kz,homoglyph,,no
halykbank.kz,xn--halybnk-w3a00s.kz,homoglyph,,no
halykbank.kz,xn--halybnk-w3a4175d.kz,homoglyph,,no
halykbank.kz,xn--halybnk-w3a6938d.kz,homoglyph,,no
halykbank.kz,xn--halybnk-w3a70c.kz,homoglyph,,no
halykbank.kz,xn--halybnk-w3a8738d.kz,homoglyph,,no
halykbank.kz,xn--halybnk-w3a89b.kz,homoglyph,,no
halykbank.kz,xn--halybnk-w3a9211h.kz,homoglyph,,no
halykbank.kz,xn--halybnk-wmc15g.kz,homoglyph,,no
halykbank.kz,xn--halybnk-wmc32h.kz,homoglyph,,no
halykbank.kz,xn--halybnk-wmc37c.kz,homoglyph,,no
halykbank.kz,xn--halybnk-wmc3827d.kz,homoglyph,,no
halykbank.kz,xn--halycbank-3sb.kz,homoglyph,,no
halykbank.kz,xn--halycbank-jsb.kz,homoglyph,,no
halykbank.kz,xn--halycbank-o9d.kz,homoglyph,,no
halykbank.kz,xn--halycbank-otb.kz,homoglyph,,no
halykbank.kz,xn--halycbank-tub.kz,homoglyph,,no
halykbank.kz,xn--halydank-6u6f.kz,homoglyph,,no
halykbank.kz,xn--halydank-7wc.kz,homoglyph,,no
halykbank.kz,xn--halydank-cy7c.kz,homoglyph,,no
halykbank.kz,xn--halydank-g49c.kz,homoglyph,,no
halykbank.kz,xn--halydank-gmb.kz,homoglyph,,no
halykbank.kz,xn--halydank-pmb.kz,homoglyph,,no
halykbank.kz,xn--halydank-y49c.kz,homoglyph,,no
halykbank.kz,xn--halykak-2yb1937d.kz,homoglyph,,no
halykbank.kz,xn--halykak-2yb3737d.kz,homoglyph,,no
halykbank.kz,xn--halykak-2yb5537d.kz,homoglyph,,no
halykbank.kz,xn--halykak-2yb78639a.kz,homoglyph,,no
halykbank.kz,xn--halykak-2yb95h.kz,homoglyph,,no
halykbank.kz,xn--halykak-5bd1055d.kz,homoglyph,,no
halykbank.kz,xn--halykak-5bd33819a.kz,homoglyph,,no
halykbank.kz,xn--halykak-5bd7355d.kz,homoglyph,,no
halykbank.kz,xn--halykak-5bd9155d.kz,homoglyph,,no
halykbank.kz,xn--halykak-5kb16c.kz,homoglyph,,no
halykbank.kz,xn--halykak-5kb3437d.kz,homoglyph,,no
halykbank.kz,xn--halykak-5kb51v.kz,homoglyph,,no
halykbank.kz,xn--halykak-5kb5237d.kz,homoglyph,,no
halykbank.kz,xn--halykak-5kb541a.kz,homoglyph,,no
halykbank.kz,xn--halykak-5kb7037d.kz,homoglyph,,no
halykbank.kz,xn--halykak-5rd1784d.kz,homoglyph,,no
halykbank.kz,xn--halykak-5rd30219a.kz,homoglyph,,no
halykbank.kz,xn--halykak-5rd7094d.kz,homoglyph,,no
halykbank.kz,xn--halykak-5rd9884d.kz,homoglyph,,no
halykbank.kz,xn--halykak-6m3c1w.kz,homoglyph,,no
halykbank.kz,xn--halykak-6m3c8v.kz,homoglyph,,no
halykbank.kz,xn--halykak-6m3cq987j.kz,homoglyph,,no
halykbank.kz,xn--halykak-6m3cux.kz,homoglyph,,no
halykbank.kz,xn--halykak-8jb15v.kz,homoglyph,,no
halykbank.kz,xn--halykak-8jb1637d.kz,homoglyph,,no
halykbank.kz,xn--halykak-8jb181a.kz,homoglyph,,no
halykbank.kz,xn--halykak-8jb3437d.kz,homoglyph,,no
halykbank.kz,xn--halykak-8jb79c.kz,homoglyph,,no
halykbank.kz,xn--halykak-8jb9737d.kz,homoglyph,,no
halykbank.kz,xn--halykak-9l3c1097j.kz,homoglyph,,no
halykbank.kz,xn--halykak-9l3c5y.kz,homoglyph,,no
halykbank.kz,xn--halykak-9l3cny.kz,homoglyph,,no
halykbank.kz,xn--halykak-9l3cux.kz,homoglyph,,no
halykbank.kz,xn--halykak-9za0908d.kz,homoglyph,,no
halykbank.kz,xn--halykak-9za44k.kz,homoglyph,,no
halykbank.kz,xn--halykak-9za6218d.kz,homoglyph,,no
halykbank.kz,xn--halykak-9za8018d.kz,homoglyph,,no
halykbank.kz,xn--halykak-9za829a.kz,homoglyph,,no
halykbank.kz,xn--halykak-9za892a.kz,homoglyph,,no
halykbank.kz,xn--halykak-mqc0575d.kz,homoglyph,,no
halykbank.kz,xn--halykak-mqc22f.kz,homoglyph,,no
halykbank.kz,xn--halykak-mqc2375d.kz,homoglyph,,no
halykbank.kz,xn--halykak-mqc25l.kz,homoglyph,,no
halykbank.kz,xn--halykak-mqc4175d.kz,homoglyph,,no
halykbank.kz,xn--halykak-pkb1637d.kz,homoglyph,,no
halykbank.kz,xn--halykak-pkb33v.kz,homoglyph,,no
halykbank.kz,xn--halykak-pkb3437d.kz,homoglyph,,no
halykbank.kz,xn--halykak-pkb361a.kz,homoglyph,,no
halykbank.kz,xn--halykak-pkb5237d.kz,homoglyph,,no
halykbank.kz,xn--halykak-pkb97c.kz,homoglyph,,no
halykbank.kz,xn--halykak-qm3c1w.kz,homoglyph,,no
halykbank.kz,xn--halykak-qm3c8987j.kz,homoglyph,,no
halykbank.kz,xn--halykak-qm3cny.kz,homoglyph,,no
halykbank.kz,xn--halykak-qm3cux.kz,homoglyph,,no
halykbank.kz,xn--halykak-ulb0827d.kz,homoglyph,,no
halykbank.kz,xn--halykak-ulb43c.kz,homoglyph,,no
halykbank.kz,xn--halykak-ulb6137d.kz,homoglyph,,no
halykbank.kz,xn--halykak-ulb811a.kz,homoglyph,,no
halykbank.kz,xn--halykak-ulb88u.kz,homoglyph,,no
halykbank.kz,xn--halykak-ulb8927d.kz,homoglyph,,no
halykbank.kz,xn--halykamk-4r9c.kz,homoglyph,,no
halykbank.kz,xn--halykamk-5s9c.kz,homoglyph,,no
halykbank.kz,xn--halykamk-i7d.kz,homoglyph,,no
halykbank.kz,xn--halykamk-ipd.kz,homoglyph,,no
halykbank.kz,xn--halykamk-j6b.kz,homoglyph,,no
halykbank.kz,xn--halykamk-ns9c.kz,homoglyph,,no
halykbank.kz,xn--halykan-2yb0354d.kz,homoglyph,,no
halykbank.kz,xn--halykan-2yb2127d.kz,homoglyph,,no
halykbank.kz,xn--halykan-2yb4917d.kz,homoglyph,,no
halykbank.kz,xn--halykan-2yb5499g.kz,homoglyph,,no
halykbank.kz,xn--halykan-2yb61g.kz,homoglyph,,no
halykbank.kz,xn--halykan-5bd0435d.kz,homoglyph,,no
halykbank.kz,xn--halykan-5bd1908g.kz,homoglyph,,no
halykbank.kz,xn--halykan-5bd6762d.kz,homoglyph,,no
halykbank.kz,xn--halykan-5bd8535d.kz,homoglyph,,no
halykbank.kz,xn--halykan-5rd0174d.kz,homoglyph,,no
halykbank.kz,xn--halykan-5rd1647g.kz,homoglyph,,no
halykbank.kz,xn--halykan-5rd6402d.kz,homoglyph,,no
halykbank.kz,xn--halykan-5rd8274d.kz,homoglyph,,no
halykbank.kz,xn--halykan-6m3cqq.kz,homoglyph,,no
halykbank.kz,xn--halykan-6m3cxp.kz,homoglyph,,no
halykbank.kz,xn--halykan-6m3cy93k.kz,homoglyph,,no
halykbank.kz,xn--halykan-9l3c1r.kz,homoglyph,,no
halykbank.kz,xn--halykan-9l3c8q.kz,homoglyph,,no
halykbank.kz,xn--halykan-9l3c904k.kz,homoglyph,,no
halykbank.kz,xn--halykan-bhb31e.kz,homoglyph,,no
halykbank.kz,xn--halykan-bhb5947d.kz,homoglyph,,no
halykbank.kz,xn--halykan-bhb76w.kz,homoglyph,,no
halykbank.kz,xn--halykan-bhb7747d.kz,homoglyph,,no
halykbank.kz,xn--halykan-bhb792a.kz,homoglyph,,no
halykbank.kz,xn--halykan-bhb9547d.kz,homoglyph,,no
halykbank.kz,xn--halykan-jhb0547d.kz,homoglyph,,no
halykbank.kz,xn--halykan-jhb40e.kz,homoglyph,,no
halykbank.kz,xn--halykan-jhb6847d.kz,homoglyph,,no
halykbank.kz,xn--halykan-jhb85w.kz,homoglyph,,no
halykbank.kz,xn--halykan-jhb8647d.kz,homoglyph,,no
halykbank.kz,xn--halykan-jhb882a.kz,homoglyph,,no
halykbank.kz,xn--halykan-nz1c32g.kz,homoglyph,,no
halykbank.kz,xn--halykan-nz1cp4g.kz,homoglyph,,no
halykbank.kz,xn--halykan-nz1cw3g.kz,homoglyph,,no
halykbank.kz,xn--halykan-qm3c8q.kz,homoglyph,,no
halykbank.kz,xn--halykan-qm3cqq.kz,homoglyph,,no
halykbank.kz,xn--halykan-qm3cr04k.kz,homoglyph,,no
halykbank.kz,xn--halykan-zmc3985d.kz,homoglyph,,no
halykbank.kz,xn--halykan-zmc56g.kz,homoglyph,,no
halykbank.kz,xn--halykan-zmc5785d.kz,homoglyph,,no
halykbank.kz,xn--halykan-zmc59m.kz,homoglyph,,no
halykbank.kz,xn--halykan-zmc7585d.kz,homoglyph,,no
halykbank.kz,xn--halykank-4r9c.kz,homoglyph,,no
halykbank.kz,xn--halykank-5s9c.kz,homoglyph,,no
halykbank.kz,xn--halykank-6bb.kz,homoglyph,,no
halykbank.kz,xn--halykank-6t9c.kz,homoglyph,,no
halykbank.kz,xn--halykank-7u9c.kz,homoglyph,,no
halykbank.kz,xn--halykank-8v9c.kz,homoglyph,,no
halykbank.kz,xn--halykank-9pd.kz,homoglyph,,no
halykbank.kz,xn--halykank-i7d.kz,homoglyph,,no
halykbank.kz,xn--halykank-ipd.kz,homoglyph,,no
halykbank.kz,xn--halykank-j6b.kz,homoglyph,,no
halykbank.kz,xn--halykank-jqd.kz,homoglyph,,no
halykbank.kz,xn--halykank-ns9c.kz,homoglyph,,no
halykbank.kz,xn--halykank-pcb.kz,homoglyph,,no
halykbank.kz,xn--halykank-pu9c.kz,homoglyph,,no
halykbank.kz,xn--halykank-qv9c.kz,homoglyph,,no
halykbank.kz,xn--halykanlc-4y5d.kz,homoglyph,,no
halykbank.kz,xn--halykanlc-ky5d.kz,homoglyph,,no
halykbank.kz,xn--halykanlc-u2d.kz,homoglyph,,no
halykbank.kz,xn--halykanlc-une.kz,homoglyph,,no
halykbank.kz,xn--halykanlc-zec.kz,homoglyph,,no
halykbank.kz,xn--halykanlc-zx5d.kz,homoglyph,,no
halykbank.kz,xn--halykark-4r9c.kz,homoglyph,,no
halykbank.kz,xn--halykark-5s9c.kz,homoglyph,,no
halykbank.kz,xn--halykark-i7d.kz,homoglyph,,no
halykbank.kz,xn--halykark-ipd.kz,homoglyph,,no
halykbank.kz,xn--halykark-j6b.kz,homoglyph,,no
halykbank.kz,xn--halykark-ns9c.kz,homoglyph,,no
halykbank.kz,xn--halykba-2o7es742h.kz,homoglyph,,no
halykbank.kz,xn--halykba-6kb1477d.kz,homoglyph,,no
halykbank.kz,xn--halykba-6kb2940h.kz,homoglyph,,no
halykbank.kz,xn--halykba-6kb36l.kz,homoglyph,,no
halykbank.kz,xn--halykba-6kb7705d.kz,homoglyph,,no
halykbank.kz,xn--halykba-6kb9577d.kz,homoglyph,,no
halykbank.kz,xn--halykba-9jb3115d.kz,homoglyph,,no
halykbank.kz,xn--halykba-9jb5977d.kz,homoglyph,,no
halykbank.kz,xn--halykba-9jb7777d.kz,homoglyph,,no
halykbank.kz,xn--halykba-9jb8250h.kz,homoglyph,,no
halykbank.kz,xn--halykba-9jb99l.kz,homoglyph,,no
halykbank.kz,xn--halykba-b0a0685d.kz,homoglyph,,no
halykbank.kz,xn--halykba-b0a2458d.kz,homoglyph,,no
halykbank.kz,xn--halykba-b0a35d.kz,homoglyph,,no
halykbank.kz,xn--halykba-b0a4258d.kz,homoglyph,,no
halykbank.kz,xn--halykba-b0a44d.kz,homoglyph,,no
halykbank.kz,xn--halykba-b0a5721h.kz,homoglyph,,no
halykbank.kz,xn--halykba-b0a64t.kz,homoglyph,,no
halykbank.kz,xn--halykba-bhb0j.kz,homoglyph,,no
halykbank.kz,xn--halykba-bhb1908d.kz,homoglyph,,no
halykbank.kz,xn--halykba-bhb3708d.kz,homoglyph,,no
halykbank.kz,xn--halykba-bhb3p.kz,homoglyph,,no
halykbank.kz,xn--halykba-bhb5508d.kz,homoglyph,,no
halykbank.kz,xn--halykba-bhb6m.kz,homoglyph,,no
halykbank.kz,xn--halykba-bhb78349a.kz,homoglyph,,no
halykbank.kz,xn--halykba-bhb8k.kz,homoglyph,,no
halykbank.kz,xn--halykba-bhb95o.kz,homoglyph,,no
halykbank.kz,xn--halykba-bx3c3g.kz,homoglyph,,no
halykbank.kz,xn--halykba-bx3clg.kz,homoglyph,,no
halykbank.kz,xn--halykba-bx3cs377j.kz,homoglyph,,no
halykbank.kz,xn--halykba-bx3cwh.kz,homoglyph,,no
halykbank.kz,xn--halykba-c23c251k.kz,homoglyph,,no
halykbank.kz,xn--halykba-f13co71k.kz,homoglyph,,no
halykbank.kz,xn--halykba-jhb05o.kz,homoglyph,,no
halykbank.kz,xn--halykba-jhb1i.kz,homoglyph,,no
halykbank.kz,xn--halykba-jhb2808d.kz,homoglyph,,no
halykbank.kz,xn--halykba-jhb4608d.kz,homoglyph,,no
halykbank.kz,xn--halykba-jhb4o.kz,homoglyph,,no
halykbank.kz,xn--halykba-jhb6408d.kz,homoglyph,,no
halykbank.kz,xn--halykba-jhb7l.kz,homoglyph,,no
halykbank.kz,xn--halykba-jhb87349a.kz,homoglyph,,no
halykbank.kz,xn--halykba-jhb9j.kz,homoglyph,,no
halykbank.kz,xn--halykba-nqc4843d.kz,homoglyph,,no
halykbank.kz,xn--halykba-nqc6616d.kz,homoglyph,,no
halykbank.kz,xn--halykba-nqc8416d.kz,homoglyph,,no
halykbank.kz,xn--halykba-nqc9988g.kz,homoglyph,,no
halykbank.kz,xn--halykba-nz1c6978j.kz,homoglyph,,no
halykbank.kz,xn--halykba-nz1cl8i.kz,homoglyph,,no
halykbank.kz,xn--halykba-nz1cs7i.kz,homoglyph,,no
halykbank.kz,xn--halykba-nz1cz6i.kz,homoglyph,,no
halykbank.kz,xn--halykba-qkb0150h.kz,homoglyph,,no
halykbank.kz,xn--halykba-qkb18l.kz,homoglyph,,no
halykbank.kz,xn--halykba-qkb5905d.kz,homoglyph,,no
halykbank.kz,xn--halykba-qkb7777d.kz,homoglyph,,no
halykbank.kz,xn--halykba-qkb9577d.kz,homoglyph,,no
halykbank.kz,xn--halykba-rx3c3g.kz,homoglyph,,no
halykbank.kz,xn--halykba-rx3clg.kz,homoglyph,,no
halykbank.kz,xn--halykba-rx3csf.kz,homoglyph,,no
halykbank.kz,xn--halykba-rx3cz277j.kz,homoglyph,,no
halykbank.kz,xn--halykba-v13cv61k.kz,homoglyph,,no
halykbank.kz,xn--halykba-vlb0505d.kz,homoglyph,,no
halykbank.kz,xn--halykba-vlb2377d.kz,homoglyph,,no
halykbank.kz,xn--halykba-vlb4177d.kz,homoglyph,,no
halykbank.kz,xn--halykba-vlb5640h.kz,homoglyph,,no
halykbank.kz,xn--halykba-vlb63l.kz,homoglyph,,no
halykbank.kz,xn--halykba-zmc1746d.kz,homoglyph,,no
halykbank.kz,xn--halykba-zmc3546d.kz,homoglyph,,no
halykbank.kz,xn--halykba-zmc58729a.kz,homoglyph,,no
halykbank.kz,xn--halykba-zmc7l.kz,homoglyph,,no
halykbank.kz,xn--halykba-zmc9846d.kz,homoglyph,,no
halykbank.kz,xn--halykbak-0nd.kz,homoglyph,,no
halykbank.kz,xn--halykbak-37c.kz,homoglyph,,no
halykbank.kz,xn--halykbak-3zd.kz,homoglyph,,no
halykbank.kz,xn--halykbak-40d.kz,homoglyph,,no
halykbank.kz,xn--halykbak-479c.kz,homoglyph,,no
halykbank.kz,xn--halykbak-589c.kz,homoglyph,,no
halykbank.kz,xn--halykbak-699c.kz,homoglyph,,no
halykbank.kz,xn--halykbak-7h82a.kz,homoglyph,,no
halykbank.kz,xn--halykbak-8tb.kz,homoglyph,,no
halykbank.kz,xn--halykbak-9ub.kz,homoglyph,,no
halykbank.kz,xn--halykbak-9wd.kz,homoglyph,,no
halykbank.kz,xn--halykbak-bf0d.kz,homoglyph,,no
halykbank.kz,xn--halykbak-d0d.kz,homoglyph,,no
halykbank.kz,xn--halykbak-eqb.kz,homoglyph,,no
halykbank.kz,xn--halykbak-f1c.kz,homoglyph,,no
halykbank.kz,xn--halykbak-j3a.kz,homoglyph,,no
halykbank.kz,xn--halykbak-l7c.kz,homoglyph,,no
halykbank.kz,xn--halykbak-m0d.kz,homoglyph,,no
halykbank.kz,xn--halykbak-m79c.kz,homoglyph,,no
halykbank.kz,xn--halykbak-n89c.kz,homoglyph,,no
halykbank.kz,xn--halykbak-o99c.kz,homoglyph,,no
halykbank.kz,xn--halykbak-orb.kz,homoglyph,,no
halykbank.kz,xn--halykbak-rub.kz,homoglyph,,no
halykbank.kz,xn--halykbak-tf0d.kz,homoglyph,,no
halykbank.kz,xn--halykbak-ug0d.kz,homoglyph,,no
halykbank.kz,xn--halykbak-vpb.kz,homoglyph,,no
halykbank.kz,xn--halykbak-wqb.kz,homoglyph,,no
halykbank.kz,xn--halykbak-xy7c.kz,homoglyph,,no
halykbank.kz,xn--halykbalc-1i6d.kz,homoglyph,,no
halykbank.kz,xn--halykbalc-1vb.kz,homoglyph,,no
halykbank.kz,xn--halykbalc-6cd.kz,homoglyph,,no
halykbank.kz,xn--halykbalc-6e36a.kz,homoglyph,,no
halykbank.kz,xn--halykbalc-hi6d.kz,homoglyph,,no
halykbank.kz,xn--halykbalc-hvb.kz,homoglyph,,no
halykbank.kz,xn--halykbalc-hxb.kz,homoglyph,,no
halykbank.kz,xn--halykbalc-mwb.kz,homoglyph,,no
halykbank.kz,xn--halykbalc-r6a.kz,homoglyph,,no
halykbank.kz,xn--halykbalc-wh6d.kz,homoglyph,,no
halykbank.kz,xn--halykbam-249c.kz,homoglyph,,no
halykbank.kz,xn--halykbam-bv6f.kz,homoglyph,,no
halykbank.kz,xn--halykbam-cxc.kz,homoglyph,,no
halykbank.kz,xn--halykbam-gy7c.kz,homoglyph,,no
halykbank.kz,xn--halykbam-k49c.kz,homoglyph,,no
halykbank.kz,xn--halykbam-kmb.kz,homoglyph,,no
halykbank.kz,xn--halykbam-tmb.kz,homoglyph,,no
halykbank.kz,xn--halykban-249c.kz,homoglyph,,no
halykbank.kz,xn--halykban-bv6f.kz,homoglyph,,no
halykbank.kz,xn--halykban-cxc.kz,homoglyph,,no
halykbank.kz,xn--halykban-gy7c.kz,homoglyph,,no
halykbank.kz,xn--halykban-k49c.kz,homoglyph,,no
halykbank.kz,xn--halykban-kmb.kz,homoglyph,,no
halykbank.kz,xn--halykban-tmb.kz,homoglyph,,no
halykbank.kz,xn--halykbanc-7sb.kz,homoglyph,,no
halykbank.kz,xn--halykbanc-nsb.kz,homoglyph,,no
halykbank.kz,xn--halykbanc-s9d.kz,homoglyph,,no
halykbank.kz,xn--halykbanc-stb.kz,homoglyph,,no
halykbank.kz,xn--halykbanc-xub.kz,homoglyph,,no
halykbank.kz,xn--halykbank-4sb.kz,homoglyph,,no
halykbank.kz,xn--halykbank-fsb.kz,homoglyph,,no
halykbank.kz,xn--halykbank-k9d.kz,homoglyph,,no
halykbank.kz,xn--halykbank-ksb.kz,homoglyph,,no
halykbank.kz,xn--halykbank-ktb.kz,homoglyph,,no
halykbank.kz,xn--halykbank-p9d.kz,homoglyph,,no
halykbank.kz,xn--halykbank-ptb.kz,homoglyph,,no
halykbank.kz,xn--halykbank-pub.kz,homoglyph,,no
halykbank.kz,xn--halykbank-uub.kz,homoglyph,,no
halykbank.kz,xn--halykbank-zsb.kz,homoglyph,,no
halykbank.kz,xn--halykbanl-3db.kz,homoglyph,,no
halykbank.kz,xn--halykbanl-8eb.kz,homoglyph,,no
halykbank.kz,xn--halykbanl-8u3d.kz,homoglyph,,no
halykbank.kz,xn--halykbanl-oeb.kz,homoglyph,,no
halykbank.kz,xn--halykbanl-tfb.kz,homoglyph,,no
halykbank.kz,xn--halykbanl-y3a.kz,homoglyph,,no
halykbank.kz,xn--halykbanl-yfc.kz,homoglyph,,no
halykbank.kz,xn--halykbar-249c.kz,homoglyph,,no
halykbank.kz,xn--halykbar-bv6f.kz,homoglyph,,no
halykbank.kz,xn--halykbar-cxc.kz,homoglyph,,no
halykbank.kz,xn--halykbar-gy7c.kz,homoglyph,,no
halykbank.kz,xn--halykbar-k49c.kz,homoglyph,,no
halykbank.kz,xn--halykbar-kmb.kz,homoglyph,,no
halykbank.kz,xn--halykbar-tmb.kz,homoglyph,,no
halykbank.kz,xn--halykbk-2wa0388d.kz,homoglyph,,no
halykbank.kz,xn--halykbk-2wa05g.kz,homoglyph,,no
halykbank.kz,xn--halykbk-2wa0k.kz,homoglyph,,no
halykbank.kz,xn--halykbk-2wa2188d.kz,homoglyph,,no
halykbank.kz,xn--halykbk-2wa32g.kz,homoglyph,,no
halykbank.kz,xn--halykbk-2wa44159a.kz,homoglyph,,no
halykbank.kz,xn--halykbk-2wa50g.kz,homoglyph,,no
halykbank.kz,xn--halykbk-2wa61w.kz,homoglyph,,no
halykbank.kz,xn--halykbk-2wa78f.kz,homoglyph,,no
halykbank.kz,xn--halykbk-2wa8488d.kz,homoglyph,,no
halykbank.kz,xn--halykbk-40c2395d.kz,homoglyph,,no
halykbank.kz,xn--halykbk-40c4195d.kz,homoglyph,,no
halykbank.kz,xn--halykbk-40c6985d.kz,homoglyph,,no
halykbank.kz,xn--halykbk-40c82229a.kz,homoglyph,,no
halykbank.kz,xn--halykbk-5kb02r.kz,homoglyph,,no
halykbank.kz,xn--halykbk-5kb0378d.kz,homoglyph,,no
halykbank.kz,xn--halykbk-5kb07v.kz,homoglyph,,no
halykbank.kz,xn--halykbk-5kb89u.kz,homoglyph,,no
halykbank.kz,xn--halykbk-5kb91j.kz,homoglyph,,no
halykbank.kz,xn--halykbk-8jb43v.kz,homoglyph,,no
halykbank.kz,xn--halykbk-8jb55j.kz,homoglyph,,no
halykbank.kz,xn--halykbk-8jb60w.kz,homoglyph,,no
halykbank.kz,xn--halykbk-8jb65r.kz,homoglyph,,no
halykbank.kz,xn--halykbk-8jb6678d.kz,homoglyph,,no
halykbank.kz,xn--halykbk-9za182a.kz,homoglyph,,no
halykbank.kz,xn--halykbk-9za20r.kz,homoglyph,,no
halykbank.kz,xn--halykbk-9za30z.kz,homoglyph,,no
halykbank.kz,xn--halykbk-9za3159d.kz,homoglyph,,no
halykbank.kz,xn--halykbk-9za353a.kz,homoglyph,,no
halykbank.kz,xn--halykbk-9za3p.kz,homoglyph,,no
halykbank.kz,xn--halykbk-9za5n.kz,homoglyph,,no
halykbank.kz,xn--halykbk-9za7l.kz,homoglyph,,no
halykbank.kz,xn--halykbk-b23cq5a.kz,homoglyph,,no
halykbank.kz,xn--halykbk-bxa1288d.kz,homoglyph,,no
halykbank.kz,xn--halykbk-bxa14g.kz,homoglyph,,no
halykbank.kz,xn--halykbk-bxa1j.kz,homoglyph,,no
halykbank.kz,xn--halykbk-bxa3088d.kz,homoglyph,,no
halykbank.kz,xn--halykbk-bxa41g.kz,homoglyph,,no
halykbank.kz,xn--halykbk-bxa53159a.kz,homoglyph,,no
halykbank.kz,xn--halykbk-bxa69f.kz,homoglyph,,no
halykbank.kz,xn--halykbk-bxa70w.kz,homoglyph,,no
halykbank.kz,xn--halykbk-bxa87f.kz,homoglyph,,no
halykbank.kz,xn--halykbk-bxa9388d.kz,homoglyph,,no
halykbank.kz,xn--halykbk-e13c16a.kz,homoglyph,,no
halykbank.kz,xn--halykbk-e4a0658d.kz,homoglyph,,no
halykbank.kz,xn--halykbk-e4a2458d.kz,homoglyph,,no
halykbank.kz,xn--halykbk-e4a26d.kz,homoglyph,,no
halykbank.kz,xn--halykbk-e4a4258d.kz,homoglyph,,no
halykbank.kz,xn--halykbk-e4a53d.kz,homoglyph,,no
halykbank.kz,xn--halykbk-e4a65849a.kz,homoglyph,,no
halykbank.kz,xn--halykbk-e4a71d.kz,homoglyph,,no
halykbank.kz,xn--halykbk-e4a82t.kz,homoglyph,,no
halykbank.kz,xn--halykbk-e4a99c.kz,homoglyph,,no
halykbank.kz,xn--halykbk-ewa05g.kz,homoglyph,,no
halykbank.kz,xn--halykbk-ewa17159a.kz,homoglyph,,no
halykbank.kz,xn--halykbk-ewa23g.kz,homoglyph,,no
halykbank.kz,xn--halykbk-ewa34w.kz,homoglyph,,no
halykbank.kz,xn--halykbk-ewa41g.kz,homoglyph,,no
halykbank.kz,xn--halykbk-ewa5788d.kz,homoglyph,,no
halykbank.kz,xn--halykbk-ewa7588d.kz,homoglyph,,no
halykbank.kz,xn--halykbk-ewa77g.kz,homoglyph,,no
halykbank.kz,xn--halykbk-ewa7m.kz,homoglyph,,no
halykbank.kz,xn--halykbk-ewa9388d.kz,homoglyph,,no
halykbank.kz,xn--halykbk-fn4cu842j.kz,homoglyph,,no
halykbank.kz,xn--halykbk-jxa0388d.kz,homoglyph,,no
halykbank.kz,xn--halykbk-jxa2188d.kz,homoglyph,,no
halykbank.kz,xn--halykbk-jxa23g.kz,homoglyph,,no
halykbank.kz,xn--halykbk-jxa2i.kz,homoglyph,,no
halykbank.kz,xn--halykbk-jxa4978d.kz,homoglyph,,no
halykbank.kz,xn--halykbk-jxa50g.kz,homoglyph,,no
halykbank.kz,xn--halykbk-jxa62159a.kz,homoglyph,,no
halykbank.kz,xn--halykbk-jxa78f.kz,homoglyph,,no
halykbank.kz,xn--halykbk-jxa89v.kz,homoglyph,,no
halykbank.kz,xn--halykbk-jxa96f.kz,homoglyph,,no
halykbank.kz,xn--halykbk-kdd2845d.kz,homoglyph,,no
halykbank.kz,xn--halykbk-kdd4645d.kz,homoglyph,,no
halykbank.kz,xn--halykbk-kdd6445d.kz,homoglyph,,no
halykbank.kz,xn--halykbk-kdd87719a.kz,homoglyph,,no
halykbank.kz,xn--halykbk-mqc50f.kz,homoglyph,,no
halykbank.kz,xn--halykbk-mqc72b.kz,homoglyph,,no
halykbank.kz,xn--halykbk-mqc7317d.kz,homoglyph,,no
halykbank.kz,xn--halykbk-mqc77f.kz,homoglyph,,no
halykbank.kz,xn--halykbk-mwa0388d.kz,homoglyph,,no
halykbank.kz,xn--halykbk-mwa14g.kz,homoglyph,,no
halykbank.kz,xn--halykbk-mwa26159a.kz,homoglyph,,no
halykbank.kz,xn--halykbk-mwa32g.kz,homoglyph,,no
halykbank.kz,xn--halykbk-mwa43w.kz,homoglyph,,no
halykbank.kz,xn--halykbk-mwa50g.kz,homoglyph,,no
halykbank.kz,xn--halykbk-mwa6688d.kz,homoglyph,,no
halykbank.kz,xn--halykbk-mwa8488d.kz,homoglyph,,no
halykbank.kz,xn--halykbk-mwa86g.kz,homoglyph,,no
halykbank.kz,xn--halykbk-mwa8l.kz,homoglyph,,no
halykbank.kz,xn--halykbk-pkb61v.kz,homoglyph,,no
halykbank.kz,xn--halykbk-pkb73j.kz,homoglyph,,no
halykbank.kz,xn--halykbk-pkb83r.kz,homoglyph,,no
halykbank.kz,xn--halykbk-pkb8478d.kz,homoglyph,,no
halykbank.kz,xn--halykbk-pkb88v.kz,homoglyph,,no
halykbank.kz,xn--halykbk-qbd05819a.kz,homoglyph,,no
halykbank.kz,xn--halykbk-qbd4555d.kz,homoglyph,,no
halykbank.kz,xn--halykbk-qbd6355d.kz,homoglyph,,no
halykbank.kz,xn--halykbk-qbd8155d.kz,homoglyph,,no
halykbank.kz,xn--halykbk-sgc10b.kz,homoglyph,,no
halykbank.kz,xn--halykbk-sgc3376d.kz,homoglyph,,no
halykbank.kz,xn--halykbk-sgc5176d.kz,homoglyph,,no
halykbank.kz,xn--halykbk-sgc7966d.kz,homoglyph,,no
halykbank.kz,xn--halykbk-sgc92039a.kz,homoglyph,,no
halykbank.kz,xn--halykbk-u13c85a.kz,homoglyph,,no
halykbank.kz,xn--halykbk-u4a01t.kz,homoglyph,,no
halykbank.kz,xn--halykbk-u4a18c.kz,homoglyph,,no
halykbank.kz,xn--halykbk-u4a2458d.kz,homoglyph,,no
halykbank.kz,xn--halykbk-u4a4258d.kz,homoglyph,,no
halykbank.kz,xn--halykbk-u4a44d.kz,homoglyph,,no
halykbank.kz,xn--halykbk-u4a6058d.kz,homoglyph,,no
halykbank.kz,xn--halykbk-u4a71d.kz,homoglyph,,no
halykbank.kz,xn--halykbk-u4a83849a.kz,homoglyph,,no
halykbank.kz,xn--halykbk-u4a99c.kz,homoglyph,,no
halykbank.kz,xn--halykbk-ulb17u.kz,homoglyph,,no
halykbank.kz,xn--halykbk-ulb29i.kz,homoglyph,,no
halykbank.kz,xn--halykbk-ulb3078d.kz,homoglyph,,no
halykbank.kz,xn--halykbk-ulb34v.kz,homoglyph,,no
halykbank.kz,xn--halykbk-ulb39q.kz,homoglyph,,no
halykbank.kz,xn--halykbk-uwa1288d.kz,homoglyph,,no
halykbank.kz,xn--halykbk-uwa23g.kz,homoglyph,,no
halykbank.kz,xn--halykbk-uwa35159a.kz,homoglyph,,no
halykbank.kz,xn--halykbk-uwa41g.kz,homoglyph,,no
halykbank.kz,xn--halykbk-uwa52w.kz,homoglyph,,no
halykbank.kz,xn--halykbk-uwa69f.kz,homoglyph,,no
halykbank.kz,xn--halykbk-uwa7588d.kz,homoglyph,,no
halykbank.kz,xn--halykbk-uwa9388d.kz,homoglyph,,no
halykbank.kz,xn--halykbk-uwa95g.kz,homoglyph,,no
halykbank.kz,xn--halykbk-uwa9k.kz,homoglyph,,no
halykbank.kz,xn--halykbk-x3a0658d.kz,homoglyph,,no
halykbank.kz,xn--halykbk-x3a08d.kz,homoglyph,,no
halykbank.kz,xn--halykbk-x3a2458d.kz,homoglyph,,no
halykbank.kz,xn--halykbk-x3a35d.kz,homoglyph,,no
halykbank.kz,xn--halykbk-x3a47849a.kz,homoglyph,,no
halykbank.kz,xn--halykbk-x3a53d.kz,homoglyph,,no
halykbank.kz,xn--halykbk-x3a64t.kz,homoglyph,,no
halykbank.kz,xn--halykbk-x3a71d.kz,homoglyph,,no
halykbank.kz,xn--halykbk-x3a8758d.kz,homoglyph,,no
halykbank.kz,xn--halykbmk-0od.kz,homoglyph,,no
halykbank.kz,xn--halykbmk-2qd.kz,homoglyph,,no
halykbank.kz,xn--halykbmk-47a.kz,homoglyph,,no
halykbank.kz,xn--halykbmk-4ya.kz,homoglyph,,no
halykbank.kz,xn--halykbmk-5za.kz,homoglyph,,no
halykbank.kz,xn--halykbmk-7dd.kz,homoglyph,,no
halykbank.kz,xn--halykbmk-cqc.kz,homoglyph,,no
halykbank.kz,xn--halykbmk-eza.kz,homoglyph,,no
halykbank.kz,xn--halykbmk-f0a.kz,homoglyph,,no
halykbank.kz,xn--halykbmk-m7a.kz,homoglyph,,no
halykbank.kz,xn--halykbmk-n8a.kz,homoglyph,,no
halykbank.kz,xn--halykbmk-nza.kz,homoglyph,,no
halykbank.kz,xn--halykbmk-sx0d.kz,homoglyph,,no
halykbank.kz,xn--halykbmk-wza.kz,homoglyph,,no
halykbank.kz,xn--halykbn-2wa08e.kz,homoglyph,,no
halykbank.kz,xn--halykbn-2wa1568d.kz,homoglyph,,no
halykbank.kz,xn--halykbn-2wa17e.kz,homoglyph,,no
halykbank.kz,xn--halykbn-2wa2041h.kz,homoglyph,,no
halykbank.kz,xn--halykbn-2wa37u.kz,homoglyph,,no
halykbank.kz,xn--halykbn-2wa7895d.kz,homoglyph,,no
halykbank.kz,xn--halykbn-2wa9668d.kz,homoglyph,,no
halykbank.kz,xn--halykbn-40c1703d.kz,homoglyph,,no
halykbank.kz,xn--halykbn-40c3575d.kz,homoglyph,,no
halykbank.kz,xn--halykbn-40c5375d.kz,homoglyph,,no
halykbank.kz,xn--halykbn-40c6848g.kz,homoglyph,,no
halykbank.kz,xn--halykbn-bhb05w.kz,homoglyph,,no
halykbank.kz,xn--halykbn-bhb17k.kz,homoglyph,,no
halykbank.kz,xn--halykbn-bhb22x.kz,homoglyph,,no
halykbank.kz,xn--halykbn-bhb27s.kz,homoglyph,,no
halykbank.kz,xn--halykbn-bhb2888d.kz,homoglyph,,no
halykbank.kz,xn--halykbn-bx3cn3b.kz,homoglyph,,no
halykbank.kz,xn--halykbn-bxa0668d.kz,homoglyph,,no
halykbank.kz,xn--halykbn-bxa17e.kz,homoglyph,,no
halykbank.kz,xn--halykbn-bxa2468d.kz,homoglyph,,no
halykbank.kz,xn--halykbn-bxa26e.kz,homoglyph,,no
halykbank.kz,xn--halykbn-bxa3931h.kz,homoglyph,,no
halykbank.kz,xn--halykbn-bxa46u.kz,homoglyph,,no
halykbank.kz,xn--halykbn-bxa8795d.kz,homoglyph,,no
halykbank.kz,xn--halykbn-e4a1838d.kz,homoglyph,,no
halykbank.kz,xn--halykbn-e4a29b.kz,homoglyph,,no
halykbank.kz,xn--halykbn-e4a3638d.kz,homoglyph,,no
halykbank.kz,xn--halykbn-e4a38b.kz,homoglyph,,no
halykbank.kz,xn--halykbn-e4a4111h.kz,homoglyph,,no
halykbank.kz,xn--halykbn-e4a58r.kz,homoglyph,,no
halykbank.kz,xn--halykbn-e4a9965d.kz,homoglyph,,no
halykbank.kz,xn--halykbn-ewa00v.kz,homoglyph,,no
halykbank.kz,xn--halykbn-ewa4106d.kz,homoglyph,,no
halykbank.kz,xn--halykbn-ewa6968d.kz,homoglyph,,no
halykbank.kz,xn--halykbn-ewa70f.kz,homoglyph,,no
halykbank.kz,xn--halykbn-ewa8768d.kz,homoglyph,,no
halykbank.kz,xn--halykbn-ewa89e.kz,homoglyph,,no
halykbank.kz,xn--halykbn-ewa9241h.kz,homoglyph,,no
halykbank.kz,xn--halykbn-fn4cq53j.kz,homoglyph,,no
halykbank.kz,xn--halykbn-jhb14w.kz,homoglyph,,no
halykbank.kz,xn--halykbn-jhb26k.kz,homoglyph,,no
halykbank.kz,xn--halykbn-jhb31x.kz,homoglyph,,no
halykbank.kz,xn--halykbn-jhb36s.kz,homoglyph,,no
halykbank.kz,xn--halykbn-jhb3788d.kz,homoglyph,,no
halykbank.kz,xn--halykbn-jxa1568d.kz,homoglyph,,no
halykbank.kz,xn--halykbn-jxa26e.kz,homoglyph,,no
halykbank.kz,xn--halykbn-jxa3368d.kz,homoglyph,,no
halykbank.kz,xn--halykbn-jxa35e.kz,homoglyph,,no
halykbank.kz,xn--halykbn-jxa4831h.kz,homoglyph,,no
halykbank.kz,xn--halykbn-jxa55u.kz,homoglyph,,no
halykbank.kz,xn--halykbn-jxa9695d.kz,homoglyph,,no
halykbank.kz,xn--halykbn-kdd1262d.kz,homoglyph,,no
halykbank.kz,xn--halykbn-kdd3035d.kz,homoglyph,,no
halykbank.kz,xn--halykbn-kdd5825d.kz,homoglyph,,no
halykbank.kz,xn--halykbn-kdd6308g.kz,homoglyph,,no
halykbank.kz,xn--halykbn-mwa0241h.kz,homoglyph,,no
halykbank.kz,xn--halykbn-mwa19u.kz,homoglyph,,no
halykbank.kz,xn--halykbn-mwa5006d.kz,homoglyph,,no
halykbank.kz,xn--halykbn-mwa7868d.kz,homoglyph,,no
halykbank.kz,xn--halykbn-mwa89e.kz,homoglyph,,no
halykbank.kz,xn--halykbn-mwa9668d.kz,homoglyph,,no
halykbank.kz,xn--halykbn-mwa98e.kz,homoglyph,,no
halykbank.kz,xn--halykbn-nz1c19l.kz,homoglyph,,no
halykbank.kz,xn--halykbn-qbd3962d.kz,homoglyph,,no
halykbank.kz,xn--halykbn-qbd5735d.kz,homoglyph,,no
halykbank.kz,xn--halykbn-qbd7535d.kz,homoglyph,,no
halykbank.kz,xn--halykbn-qbd8018g.kz,homoglyph,,no
halykbank.kz,xn--halykbn-rx3cu2b.kz,homoglyph,,no
halykbank.kz,xn--halykbn-sgc2783d.kz,homoglyph,,no
halykbank.kz,xn--halykbn-sgc4556d.kz,homoglyph,,no
halykbank.kz,xn--halykbn-sgc6356d.kz,homoglyph,,no
halykbank.kz,xn--halykbn-sgc7829g.kz,homoglyph,,no
halykbank.kz,xn--halykbn-sgc8v.kz,homoglyph,,no
halykbank.kz,xn--halykbn-u4a1865d.kz,homoglyph,,no
halykbank.kz,xn--halykbn-u4a3638d.kz,homoglyph,,no
halykbank.kz,xn--halykbn-u4a47b.kz,homoglyph,,no
halykbank.kz,xn--halykbn-u4a5438d.kz,homoglyph,,no
halykbank.kz,xn--halykbn-u4a56b.kz,homoglyph,,no
halykbank.kz,xn--halykbn-u4a6901h.kz,homoglyph,,no
halykbank.kz,xn--halykbn-u4a76r.kz,homoglyph,,no
halykbank.kz,xn--halykbn-uwa0668d.kz,homoglyph,,no
halykbank.kz,xn--halykbn-uwa08e.kz,homoglyph,,no
halykbank.kz,xn--halykbn-uwa1141h.kz,homoglyph,,no
halykbank.kz,xn--halykbn-uwa28u.kz,homoglyph,,no
halykbank.kz,xn--halykbn-uwa6995d.kz,homoglyph,,no
halykbank.kz,xn--halykbn-uwa8768d.kz,homoglyph,,no
halykbank.kz,xn--halykbn-uwa98e.kz,homoglyph,,no
halykbank.kz,xn--halykbn-x3a01c.kz,homoglyph,,no
halykbank.kz,xn--halykbn-x3a10c.kz,homoglyph,,no
halykbank.kz,xn--halykbn-x3a1838d.kz,homoglyph,,no
halykbank.kz,xn--halykbn-x3a2311h.kz,homoglyph,,no
halykbank.kz,xn--halykbn-x3a30s.kz,homoglyph,,no
halykbank.kz,xn--halykbn-x3a7175d.kz,homoglyph,,no
halykbank.kz,xn--halykbn-x3a9938d.kz,homoglyph,,no
halykbank.kz,xn--halykbn-zmc02h.kz,homoglyph,,no
halykbank.kz,xn--halykbn-zmc07c.kz,homoglyph,,no
halykbank.kz,xn--halykbn-zmc0827d.kz,homoglyph,,no
halykbank.kz,xn--halykbn-zmc84g.kz,homoglyph,,no
halykbank.kz,xn--halykbnk-0od.kz,homoglyph,,no
halykbank.kz,xn--halykbnk-2qd.kz,homoglyph,,no
halykbank.kz,xn--halykbnk-47a.kz,homoglyph,,no
halykbank.kz,xn--halykbnk-4ya.kz,homoglyph,,no
halykbank.kz,xn--halykbnk-5za.kz,homoglyph,,no
halykbank.kz,xn--halykbnk-7dd.kz,homoglyph,,no
halykbank.kz,xn--halykbnk-cqc.kz,homoglyph,,no
halykbank.kz,xn--halykbnk-eza.kz,homoglyph,,no
halykbank.kz,xn--halykbnk-f0a.kz,homoglyph,,no
halykbank.kz,xn--halykbnk-m7a.kz,homoglyph,,no
halykbank.kz,xn--halykbnk-n8a.kz,homoglyph,,no
halykbank.kz,xn--halykbnk-nza.kz,homoglyph,,no
halykbank.kz,xn--halykbnk-sx0d.kz,homoglyph,,no
halykbank.kz,xn--halykbnk-wza.kz,homoglyph,,no
halykbank.kz,xn--halykbnlc-02a.kz,homoglyph,,no
halykbank.kz,xn--halykbnlc-51a.kz,homoglyph,,no
halykbank.kz,xn--halykbnlc-576d.kz,homoglyph,,no
halykbank.kz,xn--halykbnlc-b2d.kz,homoglyph,,no
halykbank.kz,xn--halykbnlc-b3a.kz,homoglyph,,no
halykbank.kz,xn--halykbnlc-bcb.kz,homoglyph,,no
halykbank.kz,xn--halykbnlc-bqd.kz,homoglyph,,no
halykbank.kz,xn--halykbnlc-g2a.kz,homoglyph,,no
halykbank.kz,xn--halykbnlc-gdb.kz,homoglyph,,no
halykbank.kz,xn--halykbnlc-l4d.kz,homoglyph,,no
halykbank.kz,xn--halykbnlc-q2a.kz,homoglyph,,no
halykbank.kz,xn--halykbnlc-v1a.kz,homoglyph,,no
halykbank.kz,xn--halykbnlc-vcb.kz,homoglyph,,no
halykbank.kz,xn--halykbnlc-vzc.kz,homoglyph,,no
halykbank.kz,xn--halykbrk-0od.kz,homoglyph,,no
halykbank.kz,xn--halykbrk-2qd.kz,homoglyph,,no
halykbank.kz,xn--halykbrk-47a.kz,homoglyph,,no
halykbank.kz,xn--halykbrk-4ya.kz,homoglyph,,no
halykbank.kz,xn--halykbrk-5za.kz,homoglyph,,no
halykbank.kz,xn--halykbrk-7dd.kz,homoglyph,,no
halykbank.kz,xn--halykbrk-cqc.kz,homoglyph,,no
halykbank.kz,xn--halykbrk-eza.kz,homoglyph,,no
halykbank.kz,xn--halykbrk-f0a.kz,homoglyph,,no
halykbank.kz,xn--halykbrk-m7a.kz,homoglyph,,no
halykbank.kz,xn--halykbrk-n8a.kz,homoglyph,,no
halykbank.kz,xn--halykbrk-nza.kz,homoglyph,,no
halykbank.kz,xn--halykbrk-sx0d.kz,homoglyph,,no
halykbank.kz,xn--halykbrk-wza.kz,homoglyph,,no
halykbank.kz,xn--halykdak-589c.kz,homoglyph,,no
halykbank.kz,xn--halykdak-699c.kz,homoglyph,,no
halykbank.kz,xn--halykdak-7h82a.kz,homoglyph,,no
halykbank.kz,xn--halykdak-eqb.kz,homoglyph,,no
halykbank.kz,xn--halykdak-f1c.kz,homoglyph,,no
halykbank.kz,xn--halykdak-j3a.kz,homoglyph,,no
halykbank.kz,xn--halykdak-o99c.kz,homoglyph,,no
halykbank.kz,xn--halykdak-orb.kz,homoglyph,,no
halykbank.kz,xn--halykdak-vpb.kz,homoglyph,,no
halykbank.kz,xn--halykdak-wqb.kz,homoglyph,,no
halykbank.kz,xn--halykdan-249c.kz,homoglyph,,no
halykbank.kz,xn--halykdan-bv6f.kz,homoglyph,,no
halykbank.kz,xn--halykdan-cxc.kz,homoglyph,,no
halykbank.kz,xn--halykdan-gy7c.kz,homoglyph,,no
halykbank.kz,xn--halykdan-k49c.kz,homoglyph,,no
halykbank.kz,xn--halykdan-kmb.kz,homoglyph,,no
halykbank.kz,xn--halykdan-tmb.kz,homoglyph,,no
halykbank.kz,xn--halykdnk-0od.kz,homoglyph,,no
halykbank.kz,xn--halykdnk-2qd.kz,homoglyph,,no
halykbank.kz,xn--halykdnk-47a.kz,homoglyph,,no
halykbank.kz,xn--halykdnk-4ya.kz,homoglyph,,no
halykbank.kz,xn--halykdnk-5za.kz,homoglyph,,no
halykbank.kz,xn--halykdnk-7dd.kz,homoglyph,,no
halykbank.kz,xn--halykdnk-cqc.kz,homoglyph,,no
halykbank.kz,xn--halykdnk-eza.kz,homoglyph,,no
halykbank.kz,xn--halykdnk-f0a.kz,homoglyph,,no
halykbank.kz,xn--halykdnk-m7a.kz,homoglyph,,no
halykbank.kz,xn--halykdnk-n8a.kz,homoglyph,,no
halykbank.kz,xn--halykdnk-nza.kz,homoglyph,,no
halykbank.kz,xn--halykdnk-sx0d.kz,homoglyph,,no
halykbank.kz,xn--halykdnk-wza.kz,homoglyph,,no
halykbank.kz,xn--halyklank-0ec.kz,homoglyph,,no
halykbank.kz,xn--halyklank-0x5d.kz,homoglyph,,no
halykbank.kz,xn--halyklank-5y5d.kz,homoglyph,,no
halykbank.kz,xn--halyklank-ly5d.kz,homoglyph,,no
halykbank.kz,xn--halyklank-v2d.kz,homoglyph,,no
halykbank.kz,xn--halyklank-vne.kz,homoglyph,,no
halykbank.kz,xn--halyklbak-2i6d.kz,homoglyph,,no
halykbank.kz,xn--halyklbak-2vb.kz,homoglyph,,no
halykbank.kz,xn--halyklbak-7cd.kz,homoglyph,,no
halykbank.kz,xn--halyklbak-7e36a.kz,homoglyph,,no
halykbank.kz,xn--halyklbak-ii6d.kz,homoglyph,,no
halykbank.kz,xn--halyklbak-ivb.kz,homoglyph,,no
halykbank.kz,xn--halyklbak-ixb.kz,homoglyph,,no
halykbank.kz,xn--halyklbak-nwb.kz,homoglyph,,no
halykbank.kz,xn--halyklbak-s6a.kz,homoglyph,,no
halykbank.kz,xn--halyklbak-xh6d.kz,homoglyph,,no
halykbank.kz,xn--halyklban-3rb.kz,homoglyph,,no
halykbank.kz,xn--halyklban-8w3d.kz,homoglyph,,no
halykbank.kz,xn--halyklban-ed6d.kz,homoglyph,,no
halykbank.kz,xn--halyklban-j15g.kz,homoglyph,,no
halykbank.kz,xn--halyklban-o7c.kz,homoglyph,,no
halykbank.kz,xn--halyklban-tc6d.kz,homoglyph,,no
halykbank.kz,xn--halyklban-trb.kz,homoglyph,,no
halykbank.kz,xn--halyklbnk-12a.kz,homoglyph,,no
halykbank.kz,xn--halyklbnk-61a.kz,homoglyph,,no
halykbank.kz,xn--halyklbnk-676d.kz,homoglyph,,no
halykbank.kz,xn--halyklbnk-c2d.kz,homoglyph,,no
halykbank.kz,xn--halyklbnk-c3a.kz,homoglyph,,no
halykbank.kz,xn--halyklbnk-ccb.kz,homoglyph,,no
halykbank.kz,xn--halyklbnk-cqd.kz,homoglyph,,no
halykbank.kz,xn--halyklbnk-h2a.kz,homoglyph,,no
halykbank.kz,xn--halyklbnk-hdb.kz,homoglyph,,no
halykbank.kz,xn--halyklbnk-m4d.kz,homoglyph,,no
halykbank.kz,xn--halyklbnk-r2a.kz,homoglyph,,no
halykbank.kz,xn--halyklbnk-w1a.kz,homoglyph,,no
halykbank.kz,xn--halyklbnk-wcb.kz,homoglyph,,no
halykbank.kz,xn--halyklbnk-wzc.kz,homoglyph,,no
halykbank.kz,xn--halyknk-1wa17l.kz,homoglyph,,no
halykbank.kz,xn--halyknk-1wa3528d.kz,homoglyph,,no
halykbank.kz,xn--halyknk-1wa524a.kz,homoglyph,,no
halykbank.kz,xn--halyknk-1wa5328d.kz,homoglyph,,no
halykbank.kz,xn--halyknk-1wa550b.kz,homoglyph,,no
halykbank.kz,xn--halyknk-1wa7128d.kz,homoglyph,,no
halykbank.kz,xn--halyknk-2yb05p.kz,homoglyph,,no
halykbank.kz,xn--halyknk-2yb17d.kz,homoglyph,,no
halykbank.kz,xn--halyknk-2yb22q.kz,homoglyph,,no
halykbank.kz,xn--halyknk-2yb27l.kz,homoglyph,,no
halykbank.kz,xn--halyknk-2yb2818d.kz,homoglyph,,no
halykbank.kz,xn--halyknk-30c1035d.kz,homoglyph,,no
halykbank.kz,xn--halyknk-30c7335d.kz,homoglyph,,no
halykbank.kz,xn--halyknk-30c90b.kz,homoglyph,,no
halykbank.kz,xn--halyknk-30c9135d.kz,homoglyph,,no
halykbank.kz,xn--halyknk-30c93h.kz,homoglyph,,no
halykbank.kz,xn--halyknk-5bd8236d.kz,homoglyph,,no
halykbank.kz,xn--halyknk-5bd8c.kz,homoglyph,,no
halykbank.kz,xn--halyknk-5rd8965d.kz,homoglyph,,no
halykbank.kz,xn--halyknk-6m3cl9c.kz,homoglyph,,no
halykbank.kz,xn--halyknk-9l3cw0d.kz,homoglyph,,no
halykbank.kz,xn--halyknk-9wa26l.kz,homoglyph,,no
halykbank.kz,xn--halyknk-9wa4428d.kz,homoglyph,,no
halykbank.kz,xn--halyknk-9wa614a.kz,homoglyph,,no
halykbank.kz,xn--halyknk-9wa6228d.kz,homoglyph,,no
halykbank.kz,xn--halyknk-9wa640b.kz,homoglyph,,no
halykbank.kz,xn--halyknk-9wa8028d.kz,homoglyph,,no
halykbank.kz,xn--halyknk-d4a38i.kz,homoglyph,,no
halykbank.kz,xn--halyknk-d4a5697d.kz,homoglyph,,no
halykbank.kz,xn--halyknk-d4a731a.kz,homoglyph,,no
halykbank.kz,xn--halyknk-d4a7497d.kz,homoglyph,,no
halykbank.kz,xn--halyknk-d4a767a.kz,homoglyph,,no
halykbank.kz,xn--halyknk-d4a9297d.kz,homoglyph,,no
halykbank.kz,xn--halyknk-dwa0828d.kz,homoglyph,,no
halykbank.kz,xn--halyknk-dwa254a.kz,homoglyph,,no
halykbank.kz,xn--halyknk-dwa2628d.kz,homoglyph,,no
halykbank.kz,xn--halyknk-dwa280b.kz,homoglyph,,no
halykbank.kz,xn--halyknk-dwa4428d.kz,homoglyph,,no
halykbank.kz,xn--halyknk-dwa89l.kz,homoglyph,,no
halykbank.kz,xn--halyknk-ixa35l.kz,homoglyph,,no
halykbank.kz,xn--halyknk-ixa5328d.kz,homoglyph,,no
halykbank.kz,xn--halyknk-ixa704a.kz,homoglyph,,no
halykbank.kz,xn--halyknk-ixa7128d.kz,homoglyph,,no
halykbank.kz,xn--halyknk-ixa730b.kz,homoglyph,,no
halykbank.kz,xn--halyknk-ixa9918d.kz,homoglyph,,no
halykbank.kz,xn--halyknk-jdd1584d.kz,homoglyph,,no
halykbank.kz,xn--halyknk-jdd7884d.kz,homoglyph,,no
halykbank.kz,xn--halyknk-jdd9684d.kz,homoglyph,,no
halykbank.kz,xn--halyknk-jdd98c.kz,homoglyph,,no
halykbank.kz,xn--halyknk-lwa1728d.kz,homoglyph,,no
halykbank.kz,xn--halyknk-lwa344a.kz,homoglyph,,no
halykbank.kz,xn--halyknk-lwa3528d.kz,homoglyph,,no
halykbank.kz,xn--halyknk-lwa370b.kz,homoglyph,,no
halykbank.kz,xn--halyknk-lwa5328d.kz,homoglyph,,no
halykbank.kz,xn--halyknk-lwa98l.kz,homoglyph,,no
halykbank.kz,xn--halyknk-pbd1494d.kz,homoglyph,,no
halykbank.kz,xn--halyknk-pbd16d.kz,homoglyph,,no
halykbank.kz,xn--halyknk-pbd3294d.kz,homoglyph,,no
halykbank.kz,xn--halyknk-pbd9594d.kz,homoglyph,,no
halykbank.kz,xn--halyknk-pbdr.kz,homoglyph,,no
halykbank.kz,xn--halyknk-qm3c39c.kz,homoglyph,,no
halykbank.kz,xn--halyknk-rgc01j.kz,homoglyph,,no
halykbank.kz,xn--halyknk-rgc0216d.kz,homoglyph,,no
halykbank.kz,xn--halyknk-rgc04p.kz,homoglyph,,no
halykbank.kz,xn--halyknk-rgc2016d.kz,homoglyph,,no
halykbank.kz,xn--halyknk-rgc8316d.kz,homoglyph,,no
halykbank.kz,xn--halyknk-t4a1197d.kz,homoglyph,,no
halykbank.kz,xn--halyknk-t4a56i.kz,homoglyph,,no
halykbank.kz,xn--halyknk-t4a7497d.kz,homoglyph,,no
halykbank.kz,xn--halyknk-t4a911a.kz,homoglyph,,no
halykbank.kz,xn--halyknk-t4a9297d.kz,homoglyph,,no
halykbank.kz,xn--halyknk-t4a947a.kz,homoglyph,,no
halykbank.kz,xn--halyknk-twa08l.kz,homoglyph,,no
halykbank.kz,xn--halyknk-twa2628d.kz,homoglyph,,no
halykbank.kz,xn--halyknk-twa434a.kz,homoglyph,,no
halykbank.kz,xn--halyknk-twa4428d.kz,homoglyph,,no
halykbank.kz,xn--halyknk-twa460b.kz,homoglyph,,no
halykbank.kz,xn--halyknk-twa6228d.kz,homoglyph,,no
halykbank.kz,xn--halyknk-w3a10j.kz,homoglyph,,no
halykbank.kz,xn--halyknk-w3a3897d.kz,homoglyph,,no
halykbank.kz,xn--halyknk-w3a551a.kz,homoglyph,,no
halykbank.kz,xn--halyknk-w3a5697d.kz,homoglyph,,no
halykbank.kz,xn--halyknk-w3a587a.kz,homoglyph,,no
halykbank.kz,xn--halyknk-w3a7497d.kz,homoglyph,,no
halykbank.kz,xn--halylbank-3w3d.kz,homoglyph,,no
halykbank.kz,xn--halylbank-4eb.kz,homoglyph,,no
halykbank.kz,xn--halylbank-4u3d.kz,homoglyph,,no
halykbank.kz,xn--halylbank-8c6d.kz,homoglyph,,no
halykbank.kz,xn--halylbank-e15g.kz,homoglyph,,no
halykbank.kz,xn--halylbank-j7c.kz,homoglyph,,no
halykbank.kz,xn--halylbank-keb.kz,homoglyph,,no
halykbank.kz,xn--halylbank-oc6d.kz,homoglyph,,no
halykbank.kz,xn--halylbank-orb.kz,homoglyph,,no
halykbank.kz,xn--halylbank-pfb.kz,homoglyph,,no
halykbank.kz,xn--halylbank-u3a.kz,homoglyph,,no
halykbank.kz,xn--halylbank-ufc.kz,homoglyph,,no
halykbank.kz,xn--halylbank-yrb.kz,homoglyph,,no
halykbank.kz,xn--halylbank-zdb.kz,homoglyph,,no
halykbank.kz,xn--halylcank-0ec.kz,homoglyph,,no
halykbank.kz,xn--halylcank-0x5d.kz,homoglyph,,no
halykbank.kz,xn--halylcank-5y5d.kz,homoglyph,,no
halykbank.kz,xn--halylcank-ly5d.kz,homoglyph,,no
halykbank.kz,xn--halylcank-v2d.kz,homoglyph,,no
halykbank.kz,xn--halylcank-vne.kz,homoglyph,,no
halykbank.kz,xn--halylcbak-2i6d.kz,homoglyph,,no
halykbank.kz,xn--halylcbak-2vb.kz,homoglyph,,no
halykbank.kz,xn--halylcbak-7cd.kz,homoglyph,,no
halykbank.kz,xn--halylcbak-7e36a.kz,homoglyph,,no
halykbank.kz,xn--halylcbak-ii6d.kz,homoglyph,,no
halykbank.kz,xn--halylcbak-ivb.kz,homoglyph,,no
halykbank.kz,xn--halylcbak-ixb.kz,homoglyph,,no
halykbank.kz,xn--halylcbak-nwb.kz,homoglyph,,no
halykbank.kz,xn--halylcbak-s6a.kz,homoglyph,,no
halykbank.kz,xn--halylcbak-xh6d.kz,homoglyph,,no
halykbank.kz,xn--halylcban-3rb.kz,homoglyph,,no
halykbank.kz,xn--halylcban-8w3d.kz,homoglyph,,no
halykbank.kz,xn--halylcban-ed6d.kz,homoglyph,,no
halykbank.kz,xn--halylcban-j15g.kz,homoglyph,,no
halykbank.kz,xn--halylcban-o7c.kz,homoglyph,,no
halykbank.kz,xn--halylcban-tc6d.kz,homoglyph,,no
halykbank.kz,xn--halylcban-trb.kz,homoglyph,,no
halykbank.kz,xn--halylcbnk-12a.kz,homoglyph,,no
halykbank.kz,xn--halylcbnk-61a.kz,homoglyph,,no
halykbank.kz,xn--halylcbnk-676d.kz,homoglyph,,no
halykbank.kz,xn--halylcbnk-c2d.kz,homoglyph,,no
halykbank.kz,xn--halylcbnk-c3a.kz,homoglyph,,no
halykbank.kz,xn--halylcbnk-ccb.kz,homoglyph,,no
halykbank.kz,xn--halylcbnk-cqd.kz,homoglyph,,no
halykbank.kz,xn--halylcbnk-h2a.kz,homoglyph,,no
halykbank.kz,xn--halylcbnk-hdb.kz,homoglyph,,no
halykbank.kz,xn--halylcbnk-m4d.kz,homoglyph,,no
halykbank.kz,xn--halylcbnk-r2a.kz,homoglyph,,no
halykbank.kz,xn--halylcbnk-w1a.kz,homoglyph,,no
halykbank.kz,xn--halylcbnk-wcb.kz,homoglyph,,no
halykbank.kz,xn--halylcbnk-wzc.kz,homoglyph,,no
halykbank.kz,xn--haybank-6gb1h.kz,homoglyph,,no
halykbank.kz,xn--haybank-6gb48y.kz,homoglyph,,no
halykbank.kz,xn--haybank-6gb5d.kz,homoglyph,,no
halykbank.kz,xn--haybank-6gb7b.kz,homoglyph,,no
halykbank.kz,xn--haybank-6gbz.kz,homoglyph,,no
halykbank.kz,xn--haybank-bib0587d.kz,homoglyph,,no
halykbank.kz,xn--haybank-bib1060h.kz,homoglyph,,no
halykbank.kz,xn--haybank-bib27m.kz,homoglyph,,no
halykbank.kz,xn--haybank-bib6815d.kz,homoglyph,,no
halykbank.kz,xn--haybank-bib8687d.kz,homoglyph,,no
halykbank.kz,xn--haybank-fhb2g.kz,homoglyph,,no
halykbank.kz,xn--haybank-fhb57y.kz,homoglyph,,no
halykbank.kz,xn--haybank-fhb6c.kz,homoglyph,,no
halykbank.kz,xn--haybank-fhb8a.kz,homoglyph,,no
halykbank.kz,xn--haybank-fhbq.kz,homoglyph,,no
halykbank.kz,xn--haybank-khd1415d.kz,homoglyph,,no
halykbank.kz,xn--haybank-khd3215d.kz,homoglyph,,no
halykbank.kz,xn--haybank-khd4787g.kz,homoglyph,,no
halykbank.kz,xn--haybank-khd9542d.kz,homoglyph,,no
halykbank.kz,xn--haybank-ojb2315d.kz,homoglyph,,no
halykbank.kz,xn--haybank-ojb4187d.kz,homoglyph,,no
halykbank.kz,xn--haybank-ojb6977d.kz,homoglyph,,no
halykbank.kz,xn--haybank-ojb7450h.kz,homoglyph,,no
halykbank.kz,xn--haybank-ojb81m.kz,homoglyph,,no
halykbank.kz,xn--haybank-rib0587d.kz,homoglyph,,no
halykbank.kz,xn--haybank-rib2387d.kz,homoglyph,,no
halykbank.kz,xn--haybank-rib3850h.kz,homoglyph,,no
halykbank.kz,xn--haybank-rib45m.kz,homoglyph,,no
halykbank.kz,xn--haybank-rib8615d.kz,homoglyph,,no
halykbank.kz,xn--haybank-uhb09m.kz,homoglyph,,no
halykbank.kz,xn--haybank-uhb4025d.kz,homoglyph,,no
halykbank.kz,xn--haybank-uhb6887d.kz,homoglyph,,no
halykbank.kz,xn--haybank-uhb8687d.kz,homoglyph,,no
halykbank.kz,xn--haybank-uhb9160h.kz,homoglyph,,no
halykbank.kz,xn--haybank-vmc28i.kz,homoglyph,,no
halykbank.kz,xn--haykank-1yb18r.kz,homoglyph,,no
halykbank.kz,xn--haykank-4bd7s.kz,homoglyph,,no
halykbank.kz,xn--haykank-bib37d.kz,homoglyph,,no
halykbank.kz,xn--haykank-bib5547d.kz,homoglyph,,no
halykbank.kz,xn--haykank-bib72w.kz,homoglyph,,no
halykbank.kz,xn--haykank-bib7347d.kz,homoglyph,,no
halykbank.kz,xn--haykank-bib752a.kz,homoglyph,,no
halykbank.kz,xn--haykank-bib9147d.kz,homoglyph,,no
halykbank.kz,xn--haykank-khd0174d.kz,homoglyph,,no
halykbank.kz,xn--haykank-khd03b.kz,homoglyph,,no
halykbank.kz,xn--haykank-khd2964d.kz,homoglyph,,no
halykbank.kz,xn--haykank-khd8274d.kz,homoglyph,,no
halykbank.kz,xn--haykank-ojb1047d.kz,homoglyph,,no
halykbank.kz,xn--haykank-ojb302a.kz,homoglyph,,no
halykbank.kz,xn--haykank-ojb37v.kz,homoglyph,,no
halykbank.kz,xn--haykank-ojb3837d.kz,homoglyph,,no
halykbank.kz,xn--haykank-ojb5637d.kz,homoglyph,,no
halykbank.kz,xn--haykank-ojb91d.kz,homoglyph,,no
halykbank.kz,xn--haykank-rib1047d.kz,homoglyph,,no
halykbank.kz,xn--haykank-rib55d.kz,homoglyph,,no
halykbank.kz,xn--haykank-rib7347d.kz,homoglyph,,no
halykbank.kz,xn--haykank-rib90w.kz,homoglyph,,no
halykbank.kz,xn--haykank-rib9147d.kz,homoglyph,,no
halykbank.kz,xn--haykank-rib932a.kz,homoglyph,,no
halykbank.kz,xn--haykank-uhb19d.kz,homoglyph,,no
halykbank.kz,xn--haykank-uhb3747d.kz,homoglyph,,no
halykbank.kz,xn--haykank-uhb54w.kz,homoglyph,,no
halykbank.kz,xn--haykank-uhb5547d.kz,homoglyph,,no
halykbank.kz,xn--haykank-uhb572a.kz,homoglyph,,no
halykbank.kz,xn--haykank-uhb7347d.kz,homoglyph,,no
halykbank.kz,xn--haykbak-5kb82x.kz,homoglyph,,no
halykbank.kz,xn--haykbak-8jb46x.kz,homoglyph,,no
halykbank.kz,xn--haykbak-9za115a.kz,homoglyph,,no
halykbank.kz,xn--haykbak-9za20e.kz,homoglyph,,no
halykbank.kz,xn--haykbak-9za48d.kz,homoglyph,,no
halykbank.kz,xn--haykbak-9za66d.kz,homoglyph,,no
halykbank.kz,xn--haykbak-9za83e.kz,homoglyph,,no
halykbank.kz,xn--haykbak-bib0f.kz,homoglyph,,no
halykbank.kz,xn--haykbak-bib1508d.kz,homoglyph,,no
halykbank.kz,xn--haykbak-bib3308d.kz,homoglyph,,no
halykbank.kz,xn--haykbak-bib3l.kz,homoglyph,,no
halykbank.kz,xn--haykbak-bib5108d.kz,homoglyph,,no
halykbank.kz,xn--haykbak-bib6i.kz,homoglyph,,no
halykbank.kz,xn--haykbak-bib74349a.kz,homoglyph,,no
halykbank.kz,xn--haykbak-bib8g.kz,homoglyph,,no
halykbank.kz,xn--haykbak-bib91o.kz,homoglyph,,no
halykbank.kz,xn--haykbak-khd02619a.kz,homoglyph,,no
halykbank.kz,xn--haykbak-khd4235d.kz,homoglyph,,no
halykbank.kz,xn--haykbak-khd6035d.kz,homoglyph,,no
halykbank.kz,xn--haykbak-khd8825d.kz,homoglyph,,no
halykbank.kz,xn--haykbak-mqc53h.kz,homoglyph,,no
halykbank.kz,xn--haykbak-ojb1697d.kz,homoglyph,,no
halykbank.kz,xn--haykbak-ojb2d.kz,homoglyph,,no
halykbank.kz,xn--haykbak-ojb39249a.kz,homoglyph,,no
halykbank.kz,xn--haykbak-ojb4b.kz,homoglyph,,no
halykbank.kz,xn--haykbak-ojb56n.kz,homoglyph,,no
halykbank.kz,xn--haykbak-ojb7997d.kz,homoglyph,,no
halykbank.kz,xn--haykbak-ojb9797d.kz,homoglyph,,no
halykbank.kz,xn--haykbak-ojb9f.kz,homoglyph,,no
halykbank.kz,xn--haykbak-ojbw.kz,homoglyph,,no
halykbank.kz,xn--haykbak-pkb64x.kz,homoglyph,,no
halykbank.kz,xn--haykbak-rib0f.kz,homoglyph,,no
halykbank.kz,xn--haykbak-rib10o.kz,homoglyph,,no
halykbank.kz,xn--haykbak-rib2d.kz,homoglyph,,no
halykbank.kz,xn--haykbak-rib3308d.kz,homoglyph,,no
halykbank.kz,xn--haykbak-rib5108d.kz,homoglyph,,no
halykbank.kz,xn--haykbak-rib5j.kz,homoglyph,,no
halykbank.kz,xn--haykbak-rib7997d.kz,homoglyph,,no
halykbank.kz,xn--haykbak-rib8g.kz,homoglyph,,no
halykbank.kz,xn--haykbak-rib92349a.kz,homoglyph,,no
halykbank.kz,xn--haykbak-uhb1508d.kz,homoglyph,,no
halykbank.kz,xn--haykbak-uhb1n.kz,homoglyph,,no
halykbank.kz,xn--haykbak-uhb3308d.kz,homoglyph,,no
halykbank.kz,xn--haykbak-uhb4k.kz,homoglyph,,no
halykbank.kz,xn--haykbak-uhb56349a.kz,homoglyph,,no
halykbank.kz,xn--haykbak-uhb6i.kz,homoglyph,,no
halykbank.kz,xn--haykbak-uhb73o.kz,homoglyph,,no
halykbank.kz,xn--haykbak-uhb8g.kz,homoglyph,,no
halykbank.kz,xn--haykbak-uhb9608d.kz,homoglyph,,no
halykbank.kz,xn--haykbak-ulb10x.kz,homoglyph,,no
halykbank.kz,xn--haykbamk-5mb.kz,homoglyph,,no
halykbank.kz,xn--haykbamk-6nb.kz,homoglyph,,no
halykbank.kz,xn--haykbamk-7ob.kz,homoglyph,,no
halykbank.kz,xn--haykbamk-lvd.kz,homoglyph,,no
halykbank.kz,xn--haykbamk-onb.kz,homoglyph,,no
halykbank.kz,xn--haykban-bhb08y.kz,homoglyph,,no
halykbank.kz,xn--haykban-bhb1d.kz,homoglyph,,no
halykbank.kz,xn--haykban-bhb3b.kz,homoglyph,,no
halykbank.kz,xn--haykban-bhb7g.kz,homoglyph,,no
halykbank.kz,xn--haykban-bhbv.kz,homoglyph,,no
halykbank.kz,xn--haykban-bib0915d.kz,homoglyph,,no
halykbank.kz,xn--haykban-bib2787d.kz,homoglyph,,no
halykbank.kz,xn--haykban-bib4587d.kz,homoglyph,,no
halykbank.kz,xn--haykban-bib5060h.kz,homoglyph,,no
halykbank.kz,xn--haykban-bib67m.kz,homoglyph,,no
halykbank.kz,xn--haykban-jhb17y.kz,homoglyph,,no
halykbank.kz,xn--haykban-jhb2c.kz,homoglyph,,no
halykbank.kz,xn--haykban-jhb4a.kz,homoglyph,,no
halykbank.kz,xn--haykban-jhb8f.kz,homoglyph,,no
halykbank.kz,xn--haykban-jhbm.kz,homoglyph,,no
halykbank.kz,xn--haykban-khd3642d.kz,homoglyph,,no
halykbank.kz,xn--haykban-khd5415d.kz,homoglyph,,no
halykbank.kz,xn--haykban-khd7215d.kz,homoglyph,,no
halykbank.kz,xn--haykban-khd8787g.kz,homoglyph,,no
halykbank.kz,xn--haykban-ojb0087d.kz,homoglyph,,no
halykbank.kz,xn--haykban-ojb1550h.kz,homoglyph,,no
halykbank.kz,xn--haykban-ojb22m.kz,homoglyph,,no
halykbank.kz,xn--haykban-ojb6315d.kz,homoglyph,,no
halykbank.kz,xn--haykban-ojb8187d.kz,homoglyph,,no
halykbank.kz,xn--haykban-rib2715d.kz,homoglyph,,no
halykbank.kz,xn--haykban-rib4587d.kz,homoglyph,,no
halykbank.kz,xn--haykban-rib6387d.kz,homoglyph,,no
halykbank.kz,xn--haykban-rib7850h.kz,homoglyph,,no
halykbank.kz,xn--haykban-rib85m.kz,homoglyph,,no
halykbank.kz,xn--haykban-uhb0987d.kz,homoglyph,,no
halykbank.kz,xn--haykban-uhb2787d.kz,homoglyph,,no
halykbank.kz,xn--haykban-uhb3260h.kz,homoglyph,,no
halykbank.kz,xn--haykban-uhb49m.kz,homoglyph,,no
halykbank.kz,xn--haykban-uhb8025d.kz,homoglyph,,no
halykbank.kz,xn--haykban-zmc87i.kz,homoglyph,,no
halykbank.kz,xn--haykbank-2ud.kz,homoglyph,,no
halykbank.kz,xn--haykbank-31a.kz,homoglyph,,no
halykbank.kz,xn--haykbank-5mb.kz,homoglyph,,no
halykbank.kz,xn--haykbank-6nb.kz,homoglyph,,no
halykbank.kz,xn--haykbank-7ob.kz,homoglyph,,no
halykbank.kz,xn--haykbank-bjb.kz,homoglyph,,no
halykbank.kz,xn--haykbank-ckb.kz,homoglyph,,no
halykbank.kz,xn--haykbank-cvd.kz,homoglyph,,no
halykbank.kz,xn--haykbank-d2a.kz,homoglyph,,no
halykbank.kz,xn--haykbank-h80d.kz,homoglyph,,no
halykbank.kz,xn--haykbank-lvd.kz,homoglyph,,no
halykbank.kz,xn--haykbank-m2a.kz,homoglyph,,no
halykbank.kz,xn--haykbank-onb.kz,homoglyph,,no
halykbank.kz,xn--haykbank-qqc.kz,homoglyph,,no
halykbank.kz,xn--haykbank-sib.kz,homoglyph,,no
halykbank.kz,xn--haykbank-tjb.kz,homoglyph,,no
halykbank.kz,xn--haykbank-tud.kz,homoglyph,,no
halykbank.kz,xn--haykbank-ukb.kz,homoglyph,,no
halykbank.kz,xn--haykbank-v2a.kz,homoglyph,,no
halykbank.kz,xn--haykbank-w5c.kz,homoglyph,,no
halykbank.kz,xn--haykbank-y70d.kz,homoglyph,,no
halykbank.kz,xn--haykbanlc-1sb.kz,homoglyph,,no
halykbank.kz,xn--haykbanlc-hsb.kz,homoglyph,,no
halykbank.kz,xn--haykbanlc-m9d.kz,homoglyph,,no
halykbank.kz,xn--haykbanlc-mtb.kz,homoglyph,,no
halykbank.kz,xn--haykbanlc-rub.kz,homoglyph,,no
halykbank.kz,xn--haykbark-5mb.kz,homoglyph,,no
halykbank.kz,xn--haykbark-6nb.kz,homoglyph,,no
halykbank.kz,xn--haykbark-7ob.kz,homoglyph,,no
halykbank.kz,xn--haykbark-lvd.kz,homoglyph,,no
halykbank.kz,xn--haykbark-onb.kz,homoglyph,,no
halykbank.kz,xn--haykbnk-1wa11f.kz,homoglyph,,no
halykbank.kz,xn--haykbnk-1wa39e.kz,homoglyph,,no
halykbank.kz,xn--haykbnk-1wa56f.kz,homoglyph,,no
halykbank.kz,xn--haykbnk-1wa836a.kz,homoglyph,,no
halykbank.kz,xn--haykbnk-1wa92f.kz,homoglyph,,no
halykbank.kz,xn--haykbnk-30c22d.kz,homoglyph,,no
halykbank.kz,xn--haykbnk-9wa02f.kz,homoglyph,,no
halykbank.kz,xn--haykbnk-9wa20f.kz,homoglyph,,no
halykbank.kz,xn--haykbnk-9wa48e.kz,homoglyph,,no
halykbank.kz,xn--haykbnk-9wa65f.kz,homoglyph,,no
halykbank.kz,xn--haykbnk-9wa926a.kz,homoglyph,,no
halykbank.kz,xn--haykbnk-bib01w.kz,homoglyph,,no
halykbank.kz,xn--haykbnk-bib13k.kz,homoglyph,,no
halykbank.kz,xn--haykbnk-bib23s.kz,homoglyph,,no
halykbank.kz,xn--haykbnk-bib2488d.kz,homoglyph,,no
halykbank.kz,xn--haykbnk-bib28w.kz,homoglyph,,no
halykbank.kz,xn--haykbnk-d4a053a.kz,homoglyph,,no
halykbank.kz,xn--haykbnk-d4a14c.kz,homoglyph,,no
halykbank.kz,xn--haykbnk-d4a32c.kz,homoglyph,,no
halykbank.kz,xn--haykbnk-d4a50c.kz,homoglyph,,no
halykbank.kz,xn--haykbnk-d4a77c.kz,homoglyph,,no
halykbank.kz,xn--haykbnk-dwa02f.kz,homoglyph,,no
halykbank.kz,xn--haykbnk-dwa29f.kz,homoglyph,,no
halykbank.kz,xn--haykbnk-dwa566a.kz,homoglyph,,no
halykbank.kz,xn--haykbnk-dwa65f.kz,homoglyph,,no
halykbank.kz,xn--haykbnk-dwa83f.kz,homoglyph,,no
halykbank.kz,xn--haykbnk-ixa026a.kz,homoglyph,,no
halykbank.kz,xn--haykbnk-ixa11f.kz,homoglyph,,no
halykbank.kz,xn--haykbnk-ixa39e.kz,homoglyph,,no
halykbank.kz,xn--haykbnk-ixa57e.kz,homoglyph,,no
halykbank.kz,xn--haykbnk-ixa74f.kz,homoglyph,,no
halykbank.kz,xn--haykbnk-jdd2n.kz,homoglyph,,no
halykbank.kz,xn--haykbnk-khd5116d.kz,homoglyph,,no
halykbank.kz,xn--haykbnk-lwa11f.kz,homoglyph,,no
halykbank.kz,xn--haykbnk-lwa38f.kz,homoglyph,,no
halykbank.kz,xn--haykbnk-lwa656a.kz,homoglyph,,no
halykbank.kz,xn--haykbnk-lwa74f.kz,homoglyph,,no
halykbank.kz,xn--haykbnk-lwa92f.kz,homoglyph,,no
halykbank.kz,xn--haykbnk-ojb65v.kz,homoglyph,,no
halykbank.kz,xn--haykbnk-ojb77j.kz,homoglyph,,no
halykbank.kz,xn--haykbnk-ojb82w.kz,homoglyph,,no
halykbank.kz,xn--haykbnk-ojb87r.kz,homoglyph,,no
halykbank.kz,xn--haykbnk-ojb8878d.kz,homoglyph,,no
halykbank.kz,xn--haykbnk-pbd4u.kz,homoglyph,,no
halykbank.kz,xn--haykbnk-rgc32l.kz,homoglyph,,no
halykbank.kz,xn--haykbnk-rib29v.kz,homoglyph,,no
halykbank.kz,xn--haykbnk-rib31k.kz,homoglyph,,no
halykbank.kz,xn--haykbnk-rib41s.kz,homoglyph,,no
halykbank.kz,xn--haykbnk-rib4288d.kz,homoglyph,,no
halykbank.kz,xn--haykbnk-rib46w.kz,homoglyph,,no
halykbank.kz,xn--haykbnk-t4a233a.kz,homoglyph,,no
halykbank.kz,xn--haykbnk-t4a32c.kz,homoglyph,,no
halykbank.kz,xn--haykbnk-t4a50c.kz,homoglyph,,no
halykbank.kz,xn--haykbnk-t4a78b.kz,homoglyph,,no
halykbank.kz,xn--haykbnk-t4a95c.kz,homoglyph,,no
halykbank.kz,xn--haykbnk-twa02f.kz,homoglyph,,no
halykbank.kz,xn--haykbnk-twa20f.kz,homoglyph,,no
halykbank.kz,xn--haykbnk-twa47f.kz,homoglyph,,no
halykbank.kz,xn--haykbnk-twa746a.kz,homoglyph,,no
halykbank.kz,xn--haykbnk-twa83f.kz,homoglyph,,no
halykbank.kz,xn--haykbnk-uhb00x.kz,homoglyph,,no
halykbank.kz,xn--haykbnk-uhb05s.kz,homoglyph,,no
halykbank.kz,xn--haykbnk-uhb0688d.kz,homoglyph,,no
halykbank.kz,xn--haykbnk-uhb82w.kz,homoglyph,,no
halykbank.kz,xn--haykbnk-uhb94k.kz,homoglyph,,no
halykbank.kz,xn--haykbnk-w3a14c.kz,homoglyph,,no
halykbank.kz,xn--haykbnk-w3a32c.kz,homoglyph,,no
halykbank.kz,xn--haykbnk-w3a59c.kz,homoglyph,,no
halykbank.kz,xn--haykbnk-w3a863a.kz,homoglyph,,no
halykbank.kz,xn--haykbnk-w3a95c.kz,homoglyph,,no
halykbank.kz,xn--haykdank-5mb.kz,homoglyph,,no
halykbank.kz,xn--haykdank-6nb.kz,homoglyph,,no
halykbank.kz,xn--haykdank-7ob.kz,homoglyph,,no
halykbank.kz,xn--haykdank-lvd.kz,homoglyph,,no
halykbank.kz,xn--haykdank-onb.kz,homoglyph,,no
halykbank.kz,xn--hayklbank-1sb.kz,homoglyph,,no
halykbank.kz,xn--hayklbank-hsb.kz,homoglyph,,no
halykbank.kz,xn--hayklbank-m9d.kz,homoglyph,,no
halykbank.kz,xn--hayklbank-mtb.kz,homoglyph,,no
halykbank.kz,xn--hayklbank-rub.kz,homoglyph,,no
halykbank.kz,xn--haylcbank-1sb.kz,homoglyph,,no
halykbank.kz,xn--haylcbank-hsb.kz,homoglyph,,no
halykbank.kz,xn--haylcbank-m9d.kz,homoglyph,,no
halykbank.kz,xn--haylcbank-mtb.kz,homoglyph,,no
halykbank.kz,xn--haylcbank-rub.kz,homoglyph,,no
halykbank.kz,xn--hiykbank-0za.kz,homoglyph,,no
halykbank.kz,xn--hiykbank-2dd.kz,homoglyph,,no
halykbank.kz,xn--hiykbank-6pc.kz,homoglyph,,no
halykbank.kz,xn--hiykbank-8ya.kz,homoglyph,,no
halykbank.kz,xn--hiykbank-9za.kz,homoglyph,,no
halykbank.kz,xn--hiykbank-h7a.kz,homoglyph,,no
halykbank.kz,xn--hiykbank-i8a.kz,homoglyph,,no
halykbank.kz,xn--hiykbank-iza.kz,homoglyph,,no
halykbank.kz,xn--hiykbank-nx0d.kz,homoglyph,,no
halykbank.kz,xn--hiykbank-rza.kz,homoglyph,,no
halykbank.kz,xn--hiykbank-vod.kz,homoglyph,,no
halykbank.kz,xn--hiykbank-xqd.kz,homoglyph,,no
halykbank.kz,xn--hiykbank-z7a.kz,homoglyph,,no
halykbank.kz,xn--hiykbank-zya.kz,homoglyph,,no
halykbank.kz,xn--hlkbank-59c2636d.kz,homoglyph,,no
halykbank.kz,xn--hlkbank-59c2g.kz,homoglyph,,no
halykbank.kz,xn--hlkbank-59cq.kz,homoglyph,,no
halykbank.kz,xn--hlkbank-5wa031a.kz,homoglyph,,no
halykbank.kz,xn--hlkbank-5wa0749d.kz,homoglyph,,no
halykbank.kz,xn--hlkbank-5wa0u.kz,homoglyph,,no
halykbank.kz,xn--hlkbank-5wa283a.kz,homoglyph,,no
halykbank.kz,xn--hlkbank-5wa78p.kz,homoglyph,,no
halykbank.kz,xn--hlkbank-5wa83k.kz,homoglyph,,no
halykbank.kz,xn--hlkbank-5wa859a.kz,homoglyph,,no
halykbank.kz,xn--hlkbank-5wa8740e.kz,homoglyph,,no
halykbank.kz,xn--hlkbank-5wa8830e.kz,homoglyph,,no
halykbank.kz,xn--hlkbank-5wa8v.kz,homoglyph,,no
halykbank.kz,xn--hlkbank-6i4c9f.kz,homoglyph,,no
halykbank.kz,xn--hlkbank-83a15y.kz,homoglyph,,no
halykbank.kz,xn--hlkbank-83a1919d.kz,homoglyph,,no
halykbank.kz,xn--hlkbank-83a301a.kz,homoglyph,,no
halykbank.kz,xn--hlkbank-83a80n.kz,homoglyph,,no
halykbank.kz,xn--hlkbank-83a9010e.kz,homoglyph,,no
halykbank.kz,xn--hlkbank-83a95h.kz,homoglyph,,no
halykbank.kz,xn--hlkbank-83a976a.kz,homoglyph,,no
halykbank.kz,xn--hlkbank-83a9910e.kz,homoglyph,,no
halykbank.kz,xn--hlkbank-8va32q.kz,homoglyph,,no
halykbank.kz,xn--hlkbank-8va4150e.kz,homoglyph,,no
halykbank.kz,xn--hlkbank-8va4240e.kz,homoglyph,,no
halykbank.kz,xn--hlkbank-8va47k.kz,homoglyph,,no
halykbank.kz,xn--hlkbank-8va499a.kz,homoglyph,,no
halykbank.kz,xn--hlkbank-8va4z.kz,homoglyph,,no
halykbank.kz,xn--hlkbank-8va6059d.kz,homoglyph,,no
halykbank.kz,xn--hlkbank-8va661a.kz,homoglyph,,no
halykbank.kz,xn--hlkbank-8va6x.kz,homoglyph,,no
halykbank.kz,xn--hlkbank-8va814a.kz,homoglyph,,no
halykbank.kz,xn--hlkbank-9m4c32a.kz,homoglyph,,no
halykbank.kz,xn--hlkbank-9m4cp6a.kz,homoglyph,,no
halykbank.kz,xn--hlkbank-d3a451a.kz,homoglyph,,no
halykbank.kz,xn--hlkbank-d3a57p.kz,homoglyph,,no
halykbank.kz,xn--hlkbank-d3a622a.kz,homoglyph,,no
halykbank.kz,xn--hlkbank-d3a67x.kz,homoglyph,,no
halykbank.kz,xn--hlkbank-d3a6839d.kz,homoglyph,,no
halykbank.kz,xn--hlkbank-d3a6c.kz,homoglyph,,no
halykbank.kz,xn--hlkbank-d3a8a.kz,homoglyph,,no
halykbank.kz,xn--hlkbank-d3aq.kz,homoglyph,,no
halykbank.kz,xn--hlkbank-exa121a.kz,homoglyph,,no
halykbank.kz,xn--hlkbank-exa1649d.kz,homoglyph,,no
halykbank.kz,xn--hlkbank-exa1t.kz,homoglyph,,no
halykbank.kz,xn--hlkbank-exa373a.kz,homoglyph,,no
halykbank.kz,xn--hlkbank-exa87p.kz,homoglyph,,no
halykbank.kz,xn--hlkbank-exa92k.kz,homoglyph,,no
halykbank.kz,xn--hlkbank-exa949a.kz,homoglyph,,no
halykbank.kz,xn--hlkbank-exa9640e.kz,homoglyph,,no
halykbank.kz,xn--hlkbank-exa9730e.kz,homoglyph,,no
halykbank.kz,xn--hlkbank-exa9u.kz,homoglyph,,no
halykbank.kz,xn--hlkbank-fdd10c.kz,homoglyph,,no
halykbank.kz,xn--hlkbank-fdd1217d.kz,homoglyph,,no
halykbank.kz,xn--hlkbank-fdd1307d.kz,homoglyph,,no
halykbank.kz,xn--hlkbank-fdd3116d.kz,homoglyph,,no
halykbank.kz,xn--hlkbank-hwa41q.kz,homoglyph,,no
halykbank.kz,xn--hlkbank-hwa5050e.kz,homoglyph,,no
halykbank.kz,xn--hlkbank-hwa5140e.kz,homoglyph,,no
halykbank.kz,xn--hlkbank-hwa56k.kz,homoglyph,,no
halykbank.kz,xn--hlkbank-hwa589a.kz,homoglyph,,no
halykbank.kz,xn--hlkbank-hwa5y.kz,homoglyph,,no
halykbank.kz,xn--hlkbank-hwa751a.kz,homoglyph,,no
halykbank.kz,xn--hlkbank-hwa7949d.kz,homoglyph,,no
halykbank.kz,xn--hlkbank-hwa7w.kz,homoglyph,,no
halykbank.kz,xn--hlkbank-hwa904a.kz,homoglyph,,no
halykbank.kz,xn--hlkbank-lbd3017d.kz,homoglyph,,no
halykbank.kz,xn--hlkbank-lbd37c.kz,homoglyph,,no
halykbank.kz,xn--hlkbank-lbd3917d.kz,homoglyph,,no
halykbank.kz,xn--hlkbank-lbd5816d.kz,homoglyph,,no
halykbank.kz,xn--hlkbank-ngc25o.kz,homoglyph,,no
halykbank.kz,xn--hlkbank-ngc2738d.kz,homoglyph,,no
halykbank.kz,xn--hlkbank-ngc2828d.kz,homoglyph,,no
halykbank.kz,xn--hlkbank-ngc42g.kz,homoglyph,,no
halykbank.kz,xn--hlkbank-ngc4637d.kz,homoglyph,,no
halykbank.kz,xn--hlkbank-ngc67i.kz,homoglyph,,no
halykbank.kz,xn--hlkbank-p4a09m.kz,homoglyph,,no
halykbank.kz,xn--hlkbank-p4a14h.kz,homoglyph,,no
halykbank.kz,xn--hlkbank-p4a166a.kz,homoglyph,,no
halykbank.kz,xn--hlkbank-p4a1810e.kz,homoglyph,,no
halykbank.kz,xn--hlkbank-p4a1900e.kz,homoglyph,,no
halykbank.kz,xn--hlkbank-p4a33y.kz,homoglyph,,no
halykbank.kz,xn--hlkbank-p4a3719d.kz,homoglyph,,no
halykbank.kz,xn--hlkbank-p4a580a.kz,homoglyph,,no
halykbank.kz,xn--hlkbank-pwa004a.kz,homoglyph,,no
halykbank.kz,xn--hlkbank-pwa50q.kz,homoglyph,,no
halykbank.kz,xn--hlkbank-pwa6040e.kz,homoglyph,,no
halykbank.kz,xn--hlkbank-pwa65k.kz,homoglyph,,no
halykbank.kz,xn--hlkbank-pwa679a.kz,homoglyph,,no
halykbank.kz,xn--hlkbank-pwa6940e.kz,homoglyph,,no
halykbank.kz,xn--hlkbank-pwa6x.kz,homoglyph,,no
halykbank.kz,xn--hlkbank-pwa841a.kz,homoglyph,,no
halykbank.kz,xn--hlkbank-pwa8849d.kz,homoglyph,,no
halykbank.kz,xn--hlkbank-pwa8v.kz,homoglyph,,no
halykbank.kz,xn--hlkbank-q9b52l.kz,homoglyph,,no
halykbank.kz,xn--hlkbank-q9b6u.kz,homoglyph,,no
halykbank.kz,xn--hlkbank-q9b74h.kz,homoglyph,,no
halykbank.kz,xn--hlkbank-q9b7577d.kz,homoglyph,,no
halykbank.kz,xn--hlkbank-q9b79l.kz,homoglyph,,no
halykbank.kz,xn--hlkbank-r3c2y.kz,homoglyph,,no
halykbank.kz,xn--hlkbank-r3c4166d.kz,homoglyph,,no
halykbank.kz,xn--hlkbank-r3c45a.kz,homoglyph,,no
halykbank.kz,xn--hlkbank-s3a121a.kz,homoglyph,,no
halykbank.kz,xn--hlkbank-s3a62n.kz,homoglyph,,no
halykbank.kz,xn--hlkbank-s3a7120e.kz,homoglyph,,no
halykbank.kz,xn--hlkbank-s3a7210e.kz,homoglyph,,no
halykbank.kz,xn--hlkbank-s3a77h.kz,homoglyph,,no
halykbank.kz,xn--hlkbank-s3a796a.kz,homoglyph,,no
halykbank.kz,xn--hlkbank-s3a9029d.kz,homoglyph,,no
halykbank.kz,xn--hlkbank-s3a96y.kz,homoglyph,,no
halykbank.kz,xn--hlkbank-spd6875d.kz,homoglyph,,no
halykbank.kz,xn--hlkbank-svb47q.kz,homoglyph,,no
halykbank.kz,xn--hlkbank-svb59e.kz,homoglyph,,no
halykbank.kz,xn--hlkbank-svb6038d.kz,homoglyph,,no
halykbank.kz,xn--hlkbank-svb64r.kz,homoglyph,,no
halykbank.kz,xn--hlkbank-svb69m.kz,homoglyph,,no
halykbank.kz,xn--hlkbank-w2a271a.kz,homoglyph,,no
halykbank.kz,xn--hlkbank-w2a39p.kz,homoglyph,,no
halykbank.kz,xn--hlkbank-w2a4049d.kz,homoglyph,,no
halykbank.kz,xn--hlkbank-w2a442a.kz,homoglyph,,no
halykbank.kz,xn--hlkbank-w2a49x.kz,homoglyph,,no
halykbank.kz,xn--hlkbank-w2a4e.kz,homoglyph,,no
halykbank.kz,xn--hlkbank-w2a6c.kz,homoglyph,,no
halykbank.kz,xn--hlkbank-w2a8a.kz,homoglyph,,no
halykbank.kz,xn--hlkbank-xwa193a.kz,homoglyph,,no
halykbank.kz,xn--hlkbank-xwa69p.kz,homoglyph,,no
halykbank.kz,xn--hlkbank-xwa74k.kz,homoglyph,,no
halykbank.kz,xn--hlkbank-xwa769a.kz,homoglyph,,no
halykbank.kz,xn--hlkbank-xwa7840e.kz,homoglyph,,no
halykbank.kz,xn--hlkbank-xwa7930e.kz,homoglyph,,no
halykbank.kz,xn--hlkbank-xwa7w.kz,homoglyph,,no
halykbank.kz,xn--hlkbank-xwa931a.kz,homoglyph,,no
halykbank.kz,xn--hlkbank-xwa9749d.kz,homoglyph,,no
halykbank.kz,xn--hlkbank-xwa9u.kz,homoglyph,,no
halykbank.kz,xn--hlkbank-z0c15g.kz,homoglyph,,no
halykbank.kz,xn--hlkbank-z0c1757d.kz,homoglyph,,no
halykbank.kz,xn--hlkbank-z0c1847d.kz,homoglyph,,no
halykbank.kz,xn--hlkbank-z0c3656d.kz,homoglyph,,no
halykbank.kz,xn--hlkbank-z0c3i.kz,homoglyph,,no
halykbank.kz,xn--hlkbank-z0c57a.kz,homoglyph,,no
halykbank.kz,xn--hlybank-5wa1668d.kz,homoglyph,,no
halykbank.kz,xn--hlybank-5wa27e.kz,homoglyph,,no
halykbank.kz,xn--hlybank-5wa3468d.kz,homoglyph,,no
halykbank.kz,xn--hlybank-5wa36e.kz,homoglyph,,no
halykbank.kz,xn--hlybank-5wa4931h.kz,homoglyph,,no
halykbank.kz,xn--hlybank-5wa56u.kz,homoglyph,,no
halykbank.kz,xn--hlybank-5wa9795d.kz,homoglyph,,no
halykbank.kz,xn--hlybank-6gb07k.kz,homoglyph,,no
halykbank.kz,xn--hlybank-6gb12x.kz,homoglyph,,no
halykbank.kz,xn--hlybank-6gb17s.kz,homoglyph,,no
halykbank.kz,xn--hlybank-6gb1888d.kz,homoglyph,,no
halykbank.kz,xn--hlybank-6gb94w.kz,homoglyph,,no
halykbank.kz,xn--hlybank-6w3cm3b.kz,homoglyph,,no
halykbank.kz,xn--hlybank-83a0075d.kz,homoglyph,,no
halykbank.kz,xn--hlybank-83a2838d.kz,homoglyph,,no
halykbank.kz,xn--hlybank-83a39b.kz,homoglyph,,no
halykbank.kz,xn--hlybank-83a4638d.kz,homoglyph,,no
halykbank.kz,xn--hlybank-83a48b.kz,homoglyph,,no
halykbank.kz,xn--hlybank-83a5111h.kz,homoglyph,,no
halykbank.kz,xn--hlybank-83a68r.kz,homoglyph,,no
halykbank.kz,xn--hlybank-8va0341h.kz,homoglyph,,no
halykbank.kz,xn--hlybank-8va10v.kz,homoglyph,,no
halykbank.kz,xn--hlybank-8va5106d.kz,homoglyph,,no
halykbank.kz,xn--hlybank-8va7968d.kz,homoglyph,,no
halykbank.kz,xn--hlybank-8va80f.kz,homoglyph,,no
halykbank.kz,xn--hlybank-8va9768d.kz,homoglyph,,no
halykbank.kz,xn--hlybank-8va99e.kz,homoglyph,,no
halykbank.kz,xn--hlybank-9m4cr53j.kz,homoglyph,,no
halykbank.kz,xn--hlybank-exa0795d.kz,homoglyph,,no
halykbank.kz,xn--hlybank-exa2568d.kz,homoglyph,,no
halykbank.kz,xn--hlybank-exa36e.kz,homoglyph,,no
halykbank.kz,xn--hlybank-exa4368d.kz,homoglyph,,no
halykbank.kz,xn--hlybank-exa45e.kz,homoglyph,,no
halykbank.kz,xn--hlybank-exa5831h.kz,homoglyph,,no
halykbank.kz,xn--hlybank-exa65u.kz,homoglyph,,no
halykbank.kz,xn--hlybank-fdd2262d.kz,homoglyph,,no
halykbank.kz,xn--hlybank-fdd4035d.kz,homoglyph,,no
halykbank.kz,xn--hlybank-fdd6825d.kz,homoglyph,,no
halykbank.kz,xn--hlybank-fdd7308g.kz,homoglyph,,no
halykbank.kz,xn--hlybank-fhb04w.kz,homoglyph,,no
halykbank.kz,xn--hlybank-fhb16k.kz,homoglyph,,no
halykbank.kz,xn--hlybank-fhb21x.kz,homoglyph,,no
halykbank.kz,xn--hlybank-fhb26s.kz,homoglyph,,no
halykbank.kz,xn--hlybank-fhb2788d.kz,homoglyph,,no
halykbank.kz,xn--hlybank-hwa0768d.kz,homoglyph,,no
halykbank.kz,xn--hlybank-hwa09e.kz,homoglyph,,no
halykbank.kz,xn--hlybank-hwa1241h.kz,homoglyph,,no
halykbank.kz,xn--hlybank-hwa29u.kz,homoglyph,,no
halykbank.kz,xn--hlybank-hwa6006d.kz,homoglyph,,no
halykbank.kz,xn--hlybank-hwa8868d.kz,homoglyph,,no
halykbank.kz,xn--hlybank-hwa99e.kz,homoglyph,,no
halykbank.kz,xn--hlybank-jz1c09l.kz,homoglyph,,no
halykbank.kz,xn--hlybank-lbd4962d.kz,homoglyph,,no
halykbank.kz,xn--hlybank-lbd6735d.kz,homoglyph,,no
halykbank.kz,xn--hlybank-lbd8535d.kz,homoglyph,,no
halykbank.kz,xn--hlybank-lbd9018g.kz,homoglyph,,no
halykbank.kz,xn--hlybank-ngc3783d.kz,homoglyph,,no
halykbank.kz,xn--hlybank-ngc5556d.kz,homoglyph,,no
halykbank.kz,xn--hlybank-ngc7356d.kz,homoglyph,,no
halykbank.kz,xn--hlybank-ngc8829g.kz,homoglyph,,no
halykbank.kz,xn--hlybank-ngc9v.kz,homoglyph,,no
halykbank.kz,xn--hlybank-nx3ct2b.kz,homoglyph,,no
halykbank.kz,xn--hlybank-p4a2865d.kz,homoglyph,,no
halykbank.kz,xn--hlybank-p4a4638d.kz,homoglyph,,no
halykbank.kz,xn--hlybank-p4a57b.kz,homoglyph,,no
halykbank.kz,xn--hlybank-p4a6438d.kz,homoglyph,,no
halykbank.kz,xn--hlybank-p4a66b.kz,homoglyph,,no
halykbank.kz,xn--hlybank-p4a7901h.kz,homoglyph,,no
halykbank.kz,xn--hlybank-p4a86r.kz,homoglyph,,no
halykbank.kz,xn--hlybank-pwa09e.kz,homoglyph,,no
halykbank.kz,xn--hlybank-pwa1668d.kz,homoglyph,,no
halykbank.kz,xn--hlybank-pwa18e.kz,homoglyph,,no
halykbank.kz,xn--hlybank-pwa2141h.kz,homoglyph,,no
halykbank.kz,xn--hlybank-pwa38u.kz,homoglyph,,no
halykbank.kz,xn--hlybank-pwa7995d.kz,homoglyph,,no
halykbank.kz,xn--hlybank-pwa9768d.kz,homoglyph,,no
halykbank.kz,xn--hlybank-s3a0048d.kz,homoglyph,,no
halykbank.kz,xn--hlybank-s3a11c.kz,homoglyph,,no
halykbank.kz,xn--hlybank-s3a20c.kz,homoglyph,,no
halykbank.kz,xn--hlybank-s3a2838d.kz,homoglyph,,no
halykbank.kz,xn--hlybank-s3a3311h.kz,homoglyph,,no
halykbank.kz,xn--hlybank-s3a40s.kz,homoglyph,,no
halykbank.kz,xn--hlybank-s3a8175d.kz,homoglyph,,no
halykbank.kz,xn--hlybank-vmc74g.kz,homoglyph,,no
halykbank.kz,xn--hlybank-vmc91h.kz,homoglyph,,no
halykbank.kz,xn--hlybank-vmc96c.kz,homoglyph,,no
halykbank.kz,xn--hlybank-vmc9727d.kz,homoglyph,,no
halykbank.kz,xn--hlybank-xwa0768d.kz,homoglyph,,no
halykbank.kz,xn--hlybank-xwa18e.kz,homoglyph,,no
halykbank.kz,xn--hlybank-xwa2568d.kz,homoglyph,,no
halykbank.kz,xn--hlybank-xwa27e.kz,homoglyph,,no
halykbank.kz,xn--hlybank-xwa3041h.kz,homoglyph,,no
halykbank.kz,xn--hlybank-xwa47u.kz,homoglyph,,no
halykbank.kz,xn--hlybank-xwa8895d.kz,homoglyph,,no
halykbank.kz,xn--hlybank-z0c2703d.kz,homoglyph,,no
halykbank.kz,xn--hlybank-z0c4575d.kz,homoglyph,,no
halykbank.kz,xn--hlybank-z0c6375d.kz,homoglyph,,no
halykbank.kz,xn--hlybank-z0c7848g.kz,homoglyph,,no
halykbank.kz,xn--hlykank-1yb64p.kz,homoglyph,,no
halykbank.kz,xn--hlykank-1yb76d.kz,homoglyph,,no
halykbank.kz,xn--hlykank-1yb81q.kz,homoglyph,,no
halykbank.kz,xn--hlykank-1yb86l.kz,homoglyph,,no
halykbank.kz,xn--hlykank-1yb8718d.kz,homoglyph,,no
halykbank.kz,xn--hlykank-4bd4236d.kz,homoglyph,,no
halykbank.kz,xn--hlykank-4bd4c.kz,homoglyph,,no
halykbank.kz,xn--hlykank-4rd4965d.kz,homoglyph,,no
halykbank.kz,xn--hlykank-5m3c68c.kz,homoglyph,,no
halykbank.kz,xn--hlykank-5wa024a.kz,homoglyph,,no
halykbank.kz,xn--hlykank-5wa0328d.kz,homoglyph,,no
halykbank.kz,xn--hlykank-5wa050b.kz,homoglyph,,no
halykbank.kz,xn--hlykank-5wa2128d.kz,homoglyph,,no
halykbank.kz,xn--hlykank-5wa66l.kz,homoglyph,,no
halykbank.kz,xn--hlykank-5wa8428d.kz,homoglyph,,no
halykbank.kz,xn--hlykank-83a141a.kz,homoglyph,,no
halykbank.kz,xn--hlykank-83a1597d.kz,homoglyph,,no
halykbank.kz,xn--hlykank-83a177a.kz,homoglyph,,no
halykbank.kz,xn--hlykank-83a3397d.kz,homoglyph,,no
halykbank.kz,xn--hlykank-83a78i.kz,homoglyph,,no
halykbank.kz,xn--hlykank-83a9697d.kz,homoglyph,,no
halykbank.kz,xn--hlykank-8l3cs0d.kz,homoglyph,,no
halykbank.kz,xn--hlykank-8va20m.kz,homoglyph,,no
halykbank.kz,xn--hlykank-8va4828d.kz,homoglyph,,no
halykbank.kz,xn--hlykank-8va654a.kz,homoglyph,,no
halykbank.kz,xn--hlykank-8va6628d.kz,homoglyph,,no
halykbank.kz,xn--hlykank-8va680b.kz,homoglyph,,no
halykbank.kz,xn--hlykank-8va8428d.kz,homoglyph,,no
halykbank.kz,xn--hlykank-exa114a.kz,homoglyph,,no
halykbank.kz,xn--hlykank-exa1228d.kz,homoglyph,,no
halykbank.kz,xn--hlykank-exa140b.kz,homoglyph,,no
halykbank.kz,xn--hlykank-exa3028d.kz,homoglyph,,no
halykbank.kz,xn--hlykank-exa75l.kz,homoglyph,,no
halykbank.kz,xn--hlykank-exa9328d.kz,homoglyph,,no
halykbank.kz,xn--hlykank-fdd1984d.kz,homoglyph,,no
halykbank.kz,xn--hlykank-fdd3784d.kz,homoglyph,,no
halykbank.kz,xn--hlykank-fdd39c.kz,homoglyph,,no
halykbank.kz,xn--hlykank-fdd5584d.kz,homoglyph,,no
halykbank.kz,xn--hlykank-hwa39l.kz,homoglyph,,no
halykbank.kz,xn--hlykank-hwa5728d.kz,homoglyph,,no
halykbank.kz,xn--hlykank-hwa744a.kz,homoglyph,,no
halykbank.kz,xn--hlykank-hwa7528d.kz,homoglyph,,no
halykbank.kz,xn--hlykank-hwa770b.kz,homoglyph,,no
halykbank.kz,xn--hlykank-hwa9328d.kz,homoglyph,,no
halykbank.kz,xn--hlykank-lbd3694d.kz,homoglyph,,no
halykbank.kz,xn--hlykank-lbd5494d.kz,homoglyph,,no
halykbank.kz,xn--hlykank-lbd56d.kz,homoglyph,,no
halykbank.kz,xn--hlykank-lbd7294d.kz,homoglyph,,no
halykbank.kz,xn--hlykank-lbdv.kz,homoglyph,,no
halykbank.kz,xn--hlykank-ngc2416d.kz,homoglyph,,no
halykbank.kz,xn--hlykank-ngc41j.kz,homoglyph,,no
halykbank.kz,xn--hlykank-ngc4216d.kz,homoglyph,,no
halykbank.kz,xn--hlykank-ngc44p.kz,homoglyph,,no
halykbank.kz,xn--hlykank-ngc6016d.kz,homoglyph,,no
halykbank.kz,xn--hlykank-p4a1597d.kz,homoglyph,,no
halykbank.kz,xn--hlykank-p4a321a.kz,homoglyph,,no
halykbank.kz,xn--hlykank-p4a3397d.kz,homoglyph,,no
halykbank.kz,xn--hlykank-p4a357a.kz,homoglyph,,no
halykbank.kz,xn--hlykank-p4a5197d.kz,homoglyph,,no
halykbank.kz,xn--hlykank-p4a96i.kz,homoglyph,,no
halykbank.kz,xn--hlykank-pm3cz9c.kz,homoglyph,,no
halykbank.kz,xn--hlykank-pwa0328d.kz,homoglyph,,no
halykbank.kz,xn--hlykank-pwa48l.kz,homoglyph,,no
halykbank.kz,xn--hlykank-pwa6628d.kz,homoglyph,,no
halykbank.kz,xn--hlykank-pwa834a.kz,homoglyph,,no
halykbank.kz,xn--hlykank-pwa8428d.kz,homoglyph,,no
halykbank.kz,xn--hlykank-pwa860b.kz,homoglyph,,no
halykbank.kz,xn--hlykank-s3a1597d.kz,homoglyph,,no
halykbank.kz,xn--hlykank-s3a50j.kz,homoglyph,,no
halykbank.kz,xn--hlykank-s3a7897d.kz,homoglyph,,no
halykbank.kz,xn--hlykank-s3a951a.kz,homoglyph,,no
halykbank.kz,xn--hlykank-s3a9697d.kz,homoglyph,,no
halykbank.kz,xn--hlykank-s3a987a.kz,homoglyph,,no
halykbank.kz,xn--hlykank-xwa1228d.kz,homoglyph,,no
halykbank.kz,xn--hlykank-xwa57l.kz,homoglyph,,no
halykbank.kz,xn--hlykank-xwa7528d.kz,homoglyph,,no
halykbank.kz,xn--hlykank-xwa924a.kz,homoglyph,,no
halykbank.kz,xn--hlykank-xwa9328d.kz,homoglyph,,no
halykbank.kz,xn--hlykank-xwa950b.kz,homoglyph,,no
halykbank.kz,xn--hlykank-z0c1435d.kz,homoglyph,,no
halykbank.kz,xn--hlykank-z0c31b.kz,homoglyph,,no
halykbank.kz,xn--hlykank-z0c3235d.kz,homoglyph,,no
halykbank.kz,xn--hlykank-z0c34h.kz,homoglyph,,no
halykbank.kz,xn--hlykank-z0c5035d.kz,homoglyph,,no
halykbank.kz,xn--hlykbak-5kb39u.kz,homoglyph,,no
halykbank.kz,xn--hlykbak-5kb41j.kz,homoglyph,,no
halykbank.kz,xn--hlykbak-5kb51r.kz,homoglyph,,no
halykbank.kz,xn--hlykbak-5kb5278d.kz,homoglyph,,no
halykbank.kz,xn--hlykbak-5kb56v.kz,homoglyph,,no
halykbank.kz,xn--hlykbak-5wa04159a.kz,homoglyph,,no
halykbank.kz,xn--hlykbak-5wa10g.kz,homoglyph,,no
halykbank.kz,xn--hlykbak-5wa21w.kz,homoglyph,,no
halykbank.kz,xn--hlykbak-5wa38f.kz,homoglyph,,no
halykbank.kz,xn--hlykbak-5wa4488d.kz,homoglyph,,no
halykbank.kz,xn--hlykbak-5wa6288d.kz,homoglyph,,no
halykbank.kz,xn--hlykbak-5wa64g.kz,homoglyph,,no
halykbank.kz,xn--hlykbak-5wa6j.kz,homoglyph,,no
halykbank.kz,xn--hlykbak-5wa8088d.kz,homoglyph,,no
halykbank.kz,xn--hlykbak-5wa91g.kz,homoglyph,,no
halykbank.kz,xn--hlykbak-83a04d.kz,homoglyph,,no
halykbank.kz,xn--hlykbak-83a16849a.kz,homoglyph,,no
halykbank.kz,xn--hlykbak-83a22d.kz,homoglyph,,no
halykbank.kz,xn--hlykbak-83a33t.kz,homoglyph,,no
halykbank.kz,xn--hlykbak-83a40d.kz,homoglyph,,no
halykbank.kz,xn--hlykbak-83a5658d.kz,homoglyph,,no
halykbank.kz,xn--hlykbak-83a7458d.kz,homoglyph,,no
halykbank.kz,xn--hlykbak-83a76d.kz,homoglyph,,no
halykbank.kz,xn--hlykbak-83a9258d.kz,homoglyph,,no
halykbank.kz,xn--hlykbak-8jb05j.kz,homoglyph,,no
halykbank.kz,xn--hlykbak-8jb10w.kz,homoglyph,,no
halykbank.kz,xn--hlykbak-8jb15r.kz,homoglyph,,no
halykbank.kz,xn--hlykbak-8jb1678d.kz,homoglyph,,no
halykbank.kz,xn--hlykbak-8jb92v.kz,homoglyph,,no
halykbank.kz,xn--hlykbak-8va0888d.kz,homoglyph,,no
halykbank.kz,xn--hlykbak-8va2688d.kz,homoglyph,,no
halykbank.kz,xn--hlykbak-8va28g.kz,homoglyph,,no
halykbank.kz,xn--hlykbak-8va2n.kz,homoglyph,,no
halykbank.kz,xn--hlykbak-8va4488d.kz,homoglyph,,no
halykbank.kz,xn--hlykbak-8va55g.kz,homoglyph,,no
halykbank.kz,xn--hlykbak-8va67159a.kz,homoglyph,,no
halykbank.kz,xn--hlykbak-8va73g.kz,homoglyph,,no
halykbank.kz,xn--hlykbak-8va84w.kz,homoglyph,,no
halykbank.kz,xn--hlykbak-8va91g.kz,homoglyph,,no
halykbank.kz,xn--hlykbak-9m4cz842j.kz,homoglyph,,no
halykbank.kz,xn--hlykbak-9za0n.kz,homoglyph,,no
halykbank.kz,xn--hlykbak-9za2l.kz,homoglyph,,no
halykbank.kz,xn--hlykbak-9za672a.kz,homoglyph,,no
halykbank.kz,xn--hlykbak-9za79q.kz,homoglyph,,no
halykbank.kz,xn--hlykbak-9za8059d.kz,homoglyph,,no
halykbank.kz,xn--hlykbak-9za843a.kz,homoglyph,,no
halykbank.kz,xn--hlykbak-9za89y.kz,homoglyph,,no
halykbank.kz,xn--hlykbak-9za8o.kz,homoglyph,,no
halykbank.kz,xn--hlykbak-b23cl5a.kz,homoglyph,,no
halykbank.kz,xn--hlykbak-e13cw6a.kz,homoglyph,,no
halykbank.kz,xn--hlykbak-exa01g.kz,homoglyph,,no
halykbank.kz,xn--hlykbak-exa13159a.kz,homoglyph,,no
halykbank.kz,xn--hlykbak-exa29f.kz,homoglyph,,no
halykbank.kz,xn--hlykbak-exa30w.kz,homoglyph,,no
halykbank.kz,xn--hlykbak-exa47f.kz,homoglyph,,no
halykbank.kz,xn--hlykbak-exa5388d.kz,homoglyph,,no
halykbank.kz,xn--hlykbak-exa7188d.kz,homoglyph,,no
halykbank.kz,xn--hlykbak-exa73g.kz,homoglyph,,no
halykbank.kz,xn--hlykbak-exa7i.kz,homoglyph,,no
halykbank.kz,xn--hlykbak-exa9978d.kz,homoglyph,,no
halykbank.kz,xn--hlykbak-fdd1545d.kz,homoglyph,,no
halykbank.kz,xn--hlykbak-fdd38719a.kz,homoglyph,,no
halykbank.kz,xn--hlykbak-fdd7845d.kz,homoglyph,,no
halykbank.kz,xn--hlykbak-fdd9645d.kz,homoglyph,,no
halykbank.kz,xn--hlykbak-hwa01g.kz,homoglyph,,no
halykbank.kz,xn--hlykbak-hwa1788d.kz,homoglyph,,no
halykbank.kz,xn--hlykbak-hwa3588d.kz,homoglyph,,no
halykbank.kz,xn--hlykbak-hwa37g.kz,homoglyph,,no
halykbank.kz,xn--hlykbak-hwa3m.kz,homoglyph,,no
halykbank.kz,xn--hlykbak-hwa5388d.kz,homoglyph,,no
halykbank.kz,xn--hlykbak-hwa64g.kz,homoglyph,,no
halykbank.kz,xn--hlykbak-hwa76159a.kz,homoglyph,,no
halykbank.kz,xn--hlykbak-hwa82g.kz,homoglyph,,no
halykbank.kz,xn--hlykbak-hwa93w.kz,homoglyph,,no
halykbank.kz,xn--hlykbak-lbd1455d.kz,homoglyph,,no
halykbank.kz,xn--hlykbak-lbd3255d.kz,homoglyph,,no
halykbank.kz,xn--hlykbak-lbd55819a.kz,homoglyph,,no
halykbank.kz,xn--hlykbak-lbd9555d.kz,homoglyph,,no
halykbank.kz,xn--hlykbak-mqc00f.kz,homoglyph,,no
halykbank.kz,xn--hlykbak-mqc22b.kz,homoglyph,,no
halykbank.kz,xn--hlykbak-mqc2317d.kz,homoglyph,,no
halykbank.kz,xn--hlykbak-mqc27f.kz,homoglyph,,no
halykbank.kz,xn--hlykbak-ngc0276d.kz,homoglyph,,no
halykbank.kz,xn--hlykbak-ngc2076d.kz,homoglyph,,no
halykbank.kz,xn--hlykbak-ngc43039a.kz,homoglyph,,no
halykbank.kz,xn--hlykbak-ngc60b.kz,homoglyph,,no
halykbank.kz,xn--hlykbak-ngc8376d.kz,homoglyph,,no
halykbank.kz,xn--hlykbak-p4a1158d.kz,homoglyph,,no
halykbank.kz,xn--hlykbak-p4a22d.kz,homoglyph,,no
halykbank.kz,xn--hlykbak-p4a34849a.kz,homoglyph,,no
halykbank.kz,xn--hlykbak-p4a40d.kz,homoglyph,,no
halykbank.kz,xn--hlykbak-p4a51t.kz,homoglyph,,no
halykbank.kz,xn--hlykbak-p4a68c.kz,homoglyph,,no
halykbank.kz,xn--hlykbak-p4a7458d.kz,homoglyph,,no
halykbank.kz,xn--hlykbak-p4a9258d.kz,homoglyph,,no
halykbank.kz,xn--hlykbak-p4a94d.kz,homoglyph,,no
halykbank.kz,xn--hlykbak-pkb11v.kz,homoglyph,,no
halykbank.kz,xn--hlykbak-pkb23j.kz,homoglyph,,no
halykbank.kz,xn--hlykbak-pkb33r.kz,homoglyph,,no
halykbank.kz,xn--hlykbak-pkb3478d.kz,homoglyph,,no
halykbank.kz,xn--hlykbak-pkb38v.kz,homoglyph,,no
halykbank.kz,xn--hlykbak-pwa03w.kz,homoglyph,,no
halykbank.kz,xn--hlykbak-pwa10g.kz,homoglyph,,no
halykbank.kz,xn--hlykbak-pwa2688d.kz,homoglyph,,no
halykbank.kz,xn--hlykbak-pwa4488d.kz,homoglyph,,no
halykbank.kz,xn--hlykbak-pwa46g.kz,homoglyph,,no
halykbank.kz,xn--hlykbak-pwa4l.kz,homoglyph,,no
halykbank.kz,xn--hlykbak-pwa6288d.kz,homoglyph,,no
halykbank.kz,xn--hlykbak-pwa73g.kz,homoglyph,,no
halykbank.kz,xn--hlykbak-pwa85159a.kz,homoglyph,,no
halykbank.kz,xn--hlykbak-pwa91g.kz,homoglyph,,no
halykbank.kz,xn--hlykbak-s3a04d.kz,homoglyph,,no
halykbank.kz,xn--hlykbak-s3a15t.kz,homoglyph,,no
halykbank.kz,xn--hlykbak-s3a22d.kz,homoglyph,,no
halykbank.kz,xn--hlykbak-s3a3858d.kz,homoglyph,,no
halykbank.kz,xn--hlykbak-s3a5658d.kz,homoglyph,,no
halykbank.kz,xn--hlykbak-s3a58d.kz,homoglyph,,no
halykbank.kz,xn--hlykbak-s3a7458d.kz,homoglyph,,no
halykbank.kz,xn--hlykbak-s3a85d.kz,homoglyph,,no
halykbank.kz,xn--hlykbak-s3a97849a.kz,homoglyph,,no
halykbank.kz,xn--hlykbak-u13c35a.kz,homoglyph,,no
halykbank.kz,xn--hlykbak-ulb66u.kz,homoglyph,,no
halykbank.kz,xn--hlykbak-ulb78i.kz,homoglyph,,no
halykbank.kz,xn--hlykbak-ulb83v.kz,homoglyph,,no
halykbank.kz,xn--hlykbak-ulb88q.kz,homoglyph,,no
halykbank.kz,xn--hlykbak-ulb8968d.kz,homoglyph,,no
halykbank.kz,xn--hlykbak-xwa01g.kz,homoglyph,,no
halykbank.kz,xn--hlykbak-xwa12w.kz,homoglyph,,no
halykbank.kz,xn--hlykbak-xwa29f.kz,homoglyph,,no
halykbank.kz,xn--hlykbak-xwa3588d.kz,homoglyph,,no
halykbank.kz,xn--hlykbak-xwa5388d.kz,homoglyph,,no
halykbank.kz,xn--hlykbak-xwa55g.kz,homoglyph,,no
halykbank.kz,xn--hlykbak-xwa5k.kz,homoglyph,,no
halykbank.kz,xn--hlykbak-xwa7188d.kz,homoglyph,,no
halykbank.kz,xn--hlykbak-xwa82g.kz,homoglyph,,no
halykbank.kz,xn--hlykbak-xwa94159a.kz,homoglyph,,no
halykbank.kz,xn--hlykbak-z0c1095d.kz,homoglyph,,no
halykbank.kz,xn--hlykbak-z0c33229a.kz,homoglyph,,no
halykbank.kz,xn--hlykbak-z0c7395d.kz,homoglyph,,no
halykbank.kz,xn--hlykbak-z0c9195d.kz,homoglyph,,no
halykbank.kz,xn--hlykbamk-0za.kz,homoglyph,,no
halykbank.kz,xn--hlykbamk-2dd.kz,homoglyph,,no
halykbank.kz,xn--hlykbamk-6pc.kz,homoglyph,,no
halykbank.kz,xn--hlykbamk-8ya.kz,homoglyph,,no
halykbank.kz,xn--hlykbamk-9za.kz,homoglyph,,no
halykbank.kz,xn--hlykbamk-h7a.kz,homoglyph,,no
halykbank.kz,xn--hlykbamk-i8a.kz,homoglyph,,no
halykbank.kz,xn--hlykbamk-iza.kz,homoglyph,,no
halykbank.kz,xn--hlykbamk-nx0d.kz,homoglyph,,no
halykbank.kz,xn--hlykbamk-rza.kz,homoglyph,,no
halykbank.kz,xn--hlykbamk-vod.kz,homoglyph,,no
halykbank.kz,xn--hlykbamk-xqd.kz,homoglyph,,no
halykbank.kz,xn--hlykbamk-z7a.kz,homoglyph,,no
halykbank.kz,xn--hlykbamk-zya.kz,homoglyph,,no
halykbank.kz,xn--hlykban-5wa3895d.kz,homoglyph,,no
halykbank.kz,xn--hlykban-5wa5668d.kz,homoglyph,,no
halykbank.kz,xn--hlykban-5wa67e.kz,homoglyph,,no
halykbank.kz,xn--hlykban-5wa7468d.kz,homoglyph,,no
halykbank.kz,xn--hlykban-5wa76e.kz,homoglyph,,no
halykbank.kz,xn--hlykban-5wa8931h.kz,homoglyph,,no
halykbank.kz,xn--hlykban-5wa96u.kz,homoglyph,,no
halykbank.kz,xn--hlykban-83a09r.kz,homoglyph,,no
halykbank.kz,xn--hlykban-83a4075d.kz,homoglyph,,no
halykbank.kz,xn--hlykban-83a6838d.kz,homoglyph,,no
halykbank.kz,xn--hlykban-83a79b.kz,homoglyph,,no
halykbank.kz,xn--hlykban-83a8638d.kz,homoglyph,,no
halykbank.kz,xn--hlykban-83a88b.kz,homoglyph,,no
halykbank.kz,xn--hlykban-83a9111h.kz,homoglyph,,no
halykbank.kz,xn--hlykban-8va1078d.kz,homoglyph,,no
halykbank.kz,xn--hlykban-8va21f.kz,homoglyph,,no
halykbank.kz,xn--hlykban-8va30f.kz,homoglyph,,no
halykbank.kz,xn--hlykban-8va3868d.kz,homoglyph,,no
halykbank.kz,xn--hlykban-8va4341h.kz,homoglyph,,no
halykbank.kz,xn--hlykban-8va50v.kz,homoglyph,,no
halykbank.kz,xn--hlykban-8va9106d.kz,homoglyph,,no
halykbank.kz,xn--hlykban-9m4cv53j.kz,homoglyph,,no
halykbank.kz,xn--hlykban-bhb54w.kz,homoglyph,,no
halykbank.kz,xn--hlykban-bhb66k.kz,homoglyph,,no
halykbank.kz,xn--hlykban-bhb71x.kz,homoglyph,,no
halykbank.kz,xn--hlykban-bhb76s.kz,homoglyph,,no
halykbank.kz,xn--hlykban-bhb7788d.kz,homoglyph,,no
halykbank.kz,xn--hlykban-bx3c72b.kz,homoglyph,,no
halykbank.kz,xn--hlykban-exa06u.kz,homoglyph,,no
halykbank.kz,xn--hlykban-exa4795d.kz,homoglyph,,no
halykbank.kz,xn--hlykban-exa6568d.kz,homoglyph,,no
halykbank.kz,xn--hlykban-exa76e.kz,homoglyph,,no
halykbank.kz,xn--hlykban-exa8368d.kz,homoglyph,,no
halykbank.kz,xn--hlykban-exa85e.kz,homoglyph,,no
halykbank.kz,xn--hlykban-exa9831h.kz,homoglyph,,no
halykbank.kz,xn--hlykban-fdd0925d.kz,homoglyph,,no
halykbank.kz,xn--hlykban-fdd1408g.kz,homoglyph,,no
halykbank.kz,xn--hlykban-fdd6262d.kz,homoglyph,,no
halykbank.kz,xn--hlykban-fdd8035d.kz,homoglyph,,no
halykbank.kz,xn--hlykban-hwa0106d.kz,homoglyph,,no
halykbank.kz,xn--hlykban-hwa2968d.kz,homoglyph,,no
halykbank.kz,xn--hlykban-hwa30f.kz,homoglyph,,no
halykbank.kz,xn--hlykban-hwa4768d.kz,homoglyph,,no
halykbank.kz,xn--hlykban-hwa49e.kz,homoglyph,,no
halykbank.kz,xn--hlykban-hwa5241h.kz,homoglyph,,no
halykbank.kz,xn--hlykban-hwa69u.kz,homoglyph,,no
halykbank.kz,xn--hlykban-jhb63w.kz,homoglyph,,no
halykbank.kz,xn--hlykban-jhb75k.kz,homoglyph,,no
halykbank.kz,xn--hlykban-jhb80x.kz,homoglyph,,no
halykbank.kz,xn--hlykban-jhb85s.kz,homoglyph,,no
halykbank.kz,xn--hlykban-jhb8688d.kz,homoglyph,,no
halykbank.kz,xn--hlykban-lbd0835d.kz,homoglyph,,no
halykbank.kz,xn--hlykban-lbd2635d.kz,homoglyph,,no
halykbank.kz,xn--hlykban-lbd3118g.kz,homoglyph,,no
halykbank.kz,xn--hlykban-lbd8962d.kz,homoglyph,,no
halykbank.kz,xn--hlykban-ngc1456d.kz,homoglyph,,no
halykbank.kz,xn--hlykban-ngc2929g.kz,homoglyph,,no
halykbank.kz,xn--hlykban-ngc3w.kz,homoglyph,,no
halykbank.kz,xn--hlykban-ngc7783d.kz,homoglyph,,no
halykbank.kz,xn--hlykban-ngc9556d.kz,homoglyph,,no
halykbank.kz,xn--hlykban-nz1cw9l.kz,homoglyph,,no
halykbank.kz,xn--hlykban-p4a0538d.kz,homoglyph,,no
halykbank.kz,xn--hlykban-p4a07b.kz,homoglyph,,no
halykbank.kz,xn--hlykban-p4a1011h.kz,homoglyph,,no
halykbank.kz,xn--hlykban-p4a27r.kz,homoglyph,,no
halykbank.kz,xn--hlykban-p4a6865d.kz,homoglyph,,no
halykbank.kz,xn--hlykban-p4a8638d.kz,homoglyph,,no
halykbank.kz,xn--hlykban-p4a97b.kz,homoglyph,,no
halykbank.kz,xn--hlykban-pwa1006d.kz,homoglyph,,no
halykbank.kz,xn--hlykban-pwa3868d.kz,homoglyph,,no
halykbank.kz,xn--hlykban-pwa49e.kz,homoglyph,,no
halykbank.kz,xn--hlykban-pwa5668d.kz,homoglyph,,no
halykbank.kz,xn--hlykban-pwa58e.kz,homoglyph,,no
halykbank.kz,xn--hlykban-pwa6141h.kz,homoglyph,,no
halykbank.kz,xn--hlykban-pwa78u.kz,homoglyph,,no
halykbank.kz,xn--hlykban-rx3cp2b.kz,homoglyph,,no
halykbank.kz,xn--hlykban-s3a2275d.kz,homoglyph,,no
halykbank.kz,xn--hlykban-s3a4048d.kz,homoglyph,,no
halykbank.kz,xn--hlykban-s3a51c.kz,homoglyph,,no
halykbank.kz,xn--hlykban-s3a60c.kz,homoglyph,,no
halykbank.kz,xn--hlykban-s3a6838d.kz,homoglyph,,no
halykbank.kz,xn--hlykban-s3a7311h.kz,homoglyph,,no
halykbank.kz,xn--hlykban-s3a80s.kz,homoglyph,,no
halykbank.kz,xn--hlykban-xwa2995d.kz,homoglyph,,no
halykbank.kz,xn--hlykban-xwa4768d.kz,homoglyph,,no
halykbank.kz,xn--hlykban-xwa58e.kz,homoglyph,,no
halykbank.kz,xn--hlykban-xwa6568d.kz,homoglyph,,no
halykbank.kz,xn--hlykban-xwa67e.kz,homoglyph,,no
halykbank.kz,xn--hlykban-xwa7041h.kz,homoglyph,,no
halykbank.kz,xn--hlykban-xwa87u.kz,homoglyph,,no
halykbank.kz,xn--hlykban-z0c0475d.kz,homoglyph,,no
halykbank.kz,xn--hlykban-z0c1948g.kz,homoglyph,,no
halykbank.kz,xn--hlykban-z0c6703d.kz,homoglyph,,no
halykbank.kz,xn--hlykban-z0c8575d.kz,homoglyph,,no
halykbank.kz,xn--hlykban-zmc34g.kz,homoglyph,,no
halykbank.kz,xn--hlykban-zmc51h.kz,homoglyph,,no
halykbank.kz,xn--hlykban-zmc56c.kz,homoglyph,,no
halykbank.kz,xn--hlykban-zmc5727d.kz,homoglyph,,no
halykbank.kz,xn--hlykbank-0za.kz,homoglyph,,no
halykbank.kz,xn--hlykbank-2dd.kz,homoglyph,,no
halykbank.kz,xn--hlykbank-6pc.kz,homoglyph,,no
halykbank.kz,xn--hlykbank-8ya.kz,homoglyph,,no
halykbank.kz,xn--hlykbank-9za.kz,homoglyph,,no
halykbank.kz,xn--hlykbank-h7a.kz,homoglyph,,no
halykbank.kz,xn--hlykbank-i8a.kz,homoglyph,,no
halykbank.kz,xn--hlykbank-iza.kz,homoglyph,,no
halykbank.kz,xn--hlykbank-nx0d.kz,homoglyph,,no
halykbank.kz,xn--hlykbank-rza.kz,homoglyph,,no
halykbank.kz,xn--hlykbank-vod.kz,homoglyph,,no
halykbank.kz,xn--hlykbank-xqd.kz,homoglyph,,no
halykbank.kz,xn--hlykbank-z7a.kz,homoglyph,,no
halykbank.kz,xn--hlykbank-zya.kz,homoglyph,,no
halykbank.kz,xn--hlykbanlc-01a.kz,homoglyph,,no
halykbank.kz,xn--hlykbanlc-076d.kz,homoglyph,,no
halykbank.kz,xn--hlykbanlc-51d.kz,homoglyph,,no
halykbank.kz,xn--hlykbanlc-52a.kz,homoglyph,,no
halykbank.kz,xn--hlykbanlc-5bb.kz,homoglyph,,no
halykbank.kz,xn--hlykbanlc-5pd.kz,homoglyph,,no
halykbank.kz,xn--hlykbanlc-b2a.kz,homoglyph,,no
halykbank.kz,xn--hlykbanlc-bdb.kz,homoglyph,,no
halykbank.kz,xn--hlykbanlc-g4d.kz,homoglyph,,no
halykbank.kz,xn--hlykbanlc-l2a.kz,homoglyph,,no
halykbank.kz,xn--hlykbanlc-q1a.kz,homoglyph,,no
halykbank.kz,xn--hlykbanlc-qcb.kz,homoglyph,,no
halykbank.kz,xn--hlykbanlc-qzc.kz,homoglyph,,no
halykbank.kz,xn--hlykbanlc-v2a.kz,homoglyph,,no
halykbank.kz,xn--hlykbark-0za.kz,homoglyph,,no
halykbank.kz,xn--hlykbark-2dd.kz,homoglyph,,no
halykbank.kz,xn--hlykbark-6pc.kz,homoglyph,,no
halykbank.kz,xn--hlykbark-8ya.kz,homoglyph,,no
halykbank.kz,xn--hlykbark-9za.kz,homoglyph,,no
halykbank.kz,xn--hlykbark-h7a.kz,homoglyph,,no
halykbank.kz,xn--hlykbark-i8a.kz,homoglyph,,no
halykbank.kz,xn--hlykbark-iza.kz,homoglyph,,no
halykbank.kz,xn--hlykbark-nx0d.kz,homoglyph,,no
halykbank.kz,xn--hlykbark-rza.kz,homoglyph,,no
halykbank.kz,xn--hlykbark-vod.kz,homoglyph,,no
halykbank.kz,xn--hlykbark-xqd.kz,homoglyph,,no
halykbank.kz,xn--hlykbark-z7a.kz,homoglyph,,no
halykbank.kz,xn--hlykbark-zya.kz,homoglyph,,no
halykbank.kz,xn--hlykbnk-1wa304a.kz,homoglyph,,no
halykbank.kz,xn--hlykbnk-1wa42s.kz,homoglyph,,no
halykbank.kz,xn--hlykbnk-1wa51a.kz,homoglyph,,no
halykbank.kz,xn--hlykbnk-1wa520a.kz,homoglyph,,no
halykbank.kz,xn--hlykbnk-1wa5369d.kz,homoglyph,,no
halykbank.kz,xn--hlykbnk-1wa574a.kz,homoglyph,,no
halykbank.kz,xn--hlykbnk-1wa7z.kz,homoglyph,,no
halykbank.kz,xn--hlykbnk-1wa9x.kz,homoglyph,,no
halykbank.kz,xn--hlykbnk-1wae.kz,homoglyph,,no
halykbank.kz,xn--hlykbnk-1wan.kz,homoglyph,,no
halykbank.kz,xn--hlykbnk-30c78a.kz,homoglyph,,no
halykbank.kz,xn--hlykbnk-30c9176d.kz,homoglyph,,no
halykbank.kz,xn--hlykbnk-30c95b.kz,homoglyph,,no
halykbank.kz,xn--hlykbnk-5wa304a.kz,homoglyph,,no
halykbank.kz,xn--hlykbnk-5wa42s.kz,homoglyph,,no
halykbank.kz,xn--hlykbnk-5wa51a.kz,homoglyph,,no
halykbank.kz,xn--hlykbnk-5wa520a.kz,homoglyph,,no
halykbank.kz,xn--hlykbnk-5wa5369d.kz,homoglyph,,no
halykbank.kz,xn--hlykbnk-5wa574a.kz,homoglyph,,no
halykbank.kz,xn--hlykbnk-5wa7z.kz,homoglyph,,no
halykbank.kz,xn--hlykbnk-5wa9x.kz,homoglyph,,no
halykbank.kz,xn--hlykbnk-5wae.kz,homoglyph,,no
halykbank.kz,xn--hlykbnk-5wan.kz,homoglyph,,no
halykbank.kz,xn--hlykbnk-83a421a.kz,homoglyph,,no
halykbank.kz,xn--hlykbnk-83a54p.kz,homoglyph,,no
halykbank.kz,xn--hlykbnk-83a64x.kz,homoglyph,,no
halykbank.kz,xn--hlykbnk-83a6539d.kz,homoglyph,,no
halykbank.kz,xn--hlykbnk-83a691a.kz,homoglyph,,no
halykbank.kz,xn--hlykbnk-83ae.kz,homoglyph,,no
halykbank.kz,xn--hlykbnk-83aw.kz,homoglyph,,no
halykbank.kz,xn--hlykbnk-8va06s.kz,homoglyph,,no
halykbank.kz,xn--hlykbnk-8va115a.kz,homoglyph,,no
halykbank.kz,xn--hlykbnk-8va15a.kz,homoglyph,,no
halykbank.kz,xn--hlykbnk-8va160a.kz,homoglyph,,no
halykbank.kz,xn--hlykbnk-8va1769d.kz,homoglyph,,no
halykbank.kz,xn--hlykbnk-8va33a.kz,homoglyph,,no
halykbank.kz,xn--hlykbnk-8va3c.kz,homoglyph,,no
halykbank.kz,xn--hlykbnk-8va4b.kz,homoglyph,,no
halykbank.kz,xn--hlykbnk-8va51a.kz,homoglyph,,no
halykbank.kz,xn--hlykbnk-8va5a.kz,homoglyph,,no
halykbank.kz,xn--hlykbnk-8va934a.kz,homoglyph,,no
halykbank.kz,xn--hlykbnk-8vae.kz,homoglyph,,no
halykbank.kz,xn--hlykbnk-8van.kz,homoglyph,,no
halykbank.kz,xn--hlykbnk-8vaw.kz,homoglyph,,no
halykbank.kz,xn--hlykbnk-9m4ce.kz,homoglyph,,no
halykbank.kz,xn--hlykbnk-9wa0x.kz,homoglyph,,no
halykbank.kz,xn--hlykbnk-9wa493a.kz,homoglyph,,no
halykbank.kz,xn--hlykbnk-9wa51s.kz,homoglyph,,no
halykbank.kz,xn--hlykbnk-9wa60a.kz,homoglyph,,no
halykbank.kz,xn--hlykbnk-9wa610a.kz,homoglyph,,no
halykbank.kz,xn--hlykbnk-9wa6269d.kz,homoglyph,,no
halykbank.kz,xn--hlykbnk-9wa664a.kz,homoglyph,,no
halykbank.kz,xn--hlykbnk-9wa8y.kz,homoglyph,,no
halykbank.kz,xn--hlykbnk-9wae.kz,homoglyph,,no
halykbank.kz,xn--hlykbnk-d4a511a.kz,homoglyph,,no
halykbank.kz,xn--hlykbnk-d4a63p.kz,homoglyph,,no
halykbank.kz,xn--hlykbnk-d4a73x.kz,homoglyph,,no
halykbank.kz,xn--hlykbnk-d4a7439d.kz,homoglyph,,no
halykbank.kz,xn--hlykbnk-d4a781a.kz,homoglyph,,no
halykbank.kz,xn--hlykbnk-d4an.kz,homoglyph,,no
halykbank.kz,xn--hlykbnk-dwa034a.kz,homoglyph,,no
halykbank.kz,xn--hlykbnk-dwa15s.kz,homoglyph,,no
halykbank.kz,xn--hlykbnk-dwa205a.kz,homoglyph,,no
halykbank.kz,xn--hlykbnk-dwa24a.kz,homoglyph,,no
halykbank.kz,xn--hlykbnk-dwa250a.kz,homoglyph,,no
halykbank.kz,xn--hlykbnk-dwa2669d.kz,homoglyph,,no
halykbank.kz,xn--hlykbnk-dwa42a.kz,homoglyph,,no
halykbank.kz,xn--hlykbnk-dwa4b.kz,homoglyph,,no
halykbank.kz,xn--hlykbnk-dwa5a.kz,homoglyph,,no
halykbank.kz,xn--hlykbnk-dwa60a.kz,homoglyph,,no
halykbank.kz,xn--hlykbnk-dwae.kz,homoglyph,,no
halykbank.kz,xn--hlykbnk-dwan.kz,homoglyph,,no
halykbank.kz,xn--hlykbnk-dwaw.kz,homoglyph,,no
halykbank.kz,xn--hlykbnk-exa0x.kz,homoglyph,,no
halykbank.kz,xn--hlykbnk-exa493a.kz,homoglyph,,no
halykbank.kz,xn--hlykbnk-exa51s.kz,homoglyph,,no
halykbank.kz,xn--hlykbnk-exa60a.kz,homoglyph,,no
halykbank.kz,xn--hlykbnk-exa610a.kz,homoglyph,,no
halykbank.kz,xn--hlykbnk-exa6269d.kz,homoglyph,,no
halykbank.kz,xn--hlykbnk-exa664a.kz,homoglyph,,no
halykbank.kz,xn--hlykbnk-exa8y.kz,homoglyph,,no
halykbank.kz,xn--hlykbnk-exae.kz,homoglyph,,no
halykbank.kz,xn--hlykbnk-fdd8726d.kz,homoglyph,,no
halykbank.kz,xn--hlykbnk-fdde.kz,homoglyph,,no
halykbank.kz,xn--hlykbnk-hwa034a.kz,homoglyph,,no
halykbank.kz,xn--hlykbnk-hwa15s.kz,homoglyph,,no
halykbank.kz,xn--hlykbnk-hwa205a.kz,homoglyph,,no
halykbank.kz,xn--hlykbnk-hwa24a.kz,homoglyph,,no
halykbank.kz,xn--hlykbnk-hwa250a.kz,homoglyph,,no
halykbank.kz,xn--hlykbnk-hwa2669d.kz,homoglyph,,no
halykbank.kz,xn--hlykbnk-hwa42a.kz,homoglyph,,no
halykbank.kz,xn--hlykbnk-hwa4b.kz,homoglyph,,no
halykbank.kz,xn--hlykbnk-hwa5a.kz,homoglyph,,no
halykbank.kz,xn--hlykbnk-hwa60a.kz,homoglyph,,no
halykbank.kz,xn--hlykbnk-hwae.kz,homoglyph,,no
halykbank.kz,xn--hlykbnk-hwan.kz,homoglyph,,no
halykbank.kz,xn--hlykbnk-hwaw.kz,homoglyph,,no
halykbank.kz,xn--hlykbnk-ixa1w.kz,homoglyph,,no
halykbank.kz,xn--hlykbnk-ixa583a.kz,homoglyph,,no
halykbank.kz,xn--hlykbnk-ixa60s.kz,homoglyph,,no
halykbank.kz,xn--hlykbnk-ixa700a.kz,homoglyph,,no
halykbank.kz,xn--hlykbnk-ixa7169d.kz,homoglyph,,no
halykbank.kz,xn--hlykbnk-ixa754a.kz,homoglyph,,no
halykbank.kz,xn--hlykbnk-ixa7z.kz,homoglyph,,no
halykbank.kz,xn--hlykbnk-ixa9x.kz,homoglyph,,no
halykbank.kz,xn--hlykbnk-jdd9626d.kz,homoglyph,,no
halykbank.kz,xn--hlykbnk-lbd0536d.kz,homoglyph,,no
halykbank.kz,xn--hlykbnk-lbd0f.kz,homoglyph,,no
halykbank.kz,xn--hlykbnk-lbde.kz,homoglyph,,no
halykbank.kz,xn--hlykbnk-lwa124a.kz,homoglyph,,no
halykbank.kz,xn--hlykbnk-lwa24s.kz,homoglyph,,no
halykbank.kz,xn--hlykbnk-lwa33a.kz,homoglyph,,no
halykbank.kz,xn--hlykbnk-lwa340a.kz,homoglyph,,no
halykbank.kz,xn--hlykbnk-lwa3569d.kz,homoglyph,,no
halykbank.kz,xn--hlykbnk-lwa394a.kz,homoglyph,,no
halykbank.kz,xn--hlykbnk-lwa51a.kz,homoglyph,,no
halykbank.kz,xn--hlykbnk-lwa5a.kz,homoglyph,,no
halykbank.kz,xn--hlykbnk-lwa7z.kz,homoglyph,,no
halykbank.kz,xn--hlykbnk-lwae.kz,homoglyph,,no
halykbank.kz,xn--hlykbnk-lwan.kz,homoglyph,,no
halykbank.kz,xn--hlykbnk-lwaw.kz,homoglyph,,no
halykbank.kz,xn--hlykbnk-ngc79i.kz,homoglyph,,no
halykbank.kz,xn--hlykbnk-ngc91f.kz,homoglyph,,no
halykbank.kz,xn--hlykbnk-ngc9257d.kz,homoglyph,,no
halykbank.kz,xn--hlykbnk-ngc96j.kz,homoglyph,,no
halykbank.kz,xn--hlykbnk-ngce.kz,homoglyph,,no
halykbank.kz,xn--hlykbnk-p4a601a.kz,homoglyph,,no
halykbank.kz,xn--hlykbnk-p4a72p.kz,homoglyph,,no
halykbank.kz,xn--hlykbnk-p4a82x.kz,homoglyph,,no
halykbank.kz,xn--hlykbnk-p4a8339d.kz,homoglyph,,no
halykbank.kz,xn--hlykbnk-p4a871a.kz,homoglyph,,no
halykbank.kz,xn--hlykbnk-p4ae.kz,homoglyph,,no
halykbank.kz,xn--hlykbnk-pbd1436d.kz,homoglyph,,no
halykbank.kz,xn--hlykbnk-pbd1e.kz,homoglyph,,no
halykbank.kz,xn--hlykbnk-pwa124a.kz,homoglyph,,no
halykbank.kz,xn--hlykbnk-pwa24s.kz,homoglyph,,no
halykbank.kz,xn--hlykbnk-pwa33a.kz,homoglyph,,no
halykbank.kz,xn--hlykbnk-pwa340a.kz,homoglyph,,no
halykbank.kz,xn--hlykbnk-pwa3569d.kz,homoglyph,,no
halykbank.kz,xn--hlykbnk-pwa394a.kz,homoglyph,,no
halykbank.kz,xn--hlykbnk-pwa51a.kz,homoglyph,,no
halykbank.kz,xn--hlykbnk-pwa5a.kz,homoglyph,,no
halykbank.kz,xn--hlykbnk-pwa7z.kz,homoglyph,,no
halykbank.kz,xn--hlykbnk-pwae.kz,homoglyph,,no
halykbank.kz,xn--hlykbnk-pwan.kz,homoglyph,,no
halykbank.kz,xn--hlykbnk-pwaw.kz,homoglyph,,no
halykbank.kz,xn--hlykbnk-rgc01f.kz,homoglyph,,no
halykbank.kz,xn--hlykbnk-rgc0257d.kz,homoglyph,,no
halykbank.kz,xn--hlykbnk-rgc06j.kz,homoglyph,,no
halykbank.kz,xn--hlykbnk-rgc88i.kz,homoglyph,,no
halykbank.kz,xn--hlykbnk-s3a241a.kz,homoglyph,,no
halykbank.kz,xn--hlykbnk-s3a36p.kz,homoglyph,,no
halykbank.kz,xn--hlykbnk-s3a412a.kz,homoglyph,,no
halykbank.kz,xn--hlykbnk-s3a46x.kz,homoglyph,,no
halykbank.kz,xn--hlykbnk-s3a4739d.kz,homoglyph,,no
halykbank.kz,xn--hlykbnk-s3a4b.kz,homoglyph,,no
halykbank.kz,xn--hlykbnk-s3ae.kz,homoglyph,,no
halykbank.kz,xn--hlykbnk-s3aw.kz,homoglyph,,no
halykbank.kz,xn--hlykbnk-t4a790a.kz,homoglyph,,no
halykbank.kz,xn--hlykbnk-t4a81p.kz,homoglyph,,no
halykbank.kz,xn--hlykbnk-t4a91x.kz,homoglyph,,no
halykbank.kz,xn--hlykbnk-t4a9239d.kz,homoglyph,,no
halykbank.kz,xn--hlykbnk-t4a961a.kz,homoglyph,,no
halykbank.kz,xn--hlykbnk-twa214a.kz,homoglyph,,no
halykbank.kz,xn--hlykbnk-twa33s.kz,homoglyph,,no
halykbank.kz,xn--hlykbnk-twa42a.kz,homoglyph,,no
halykbank.kz,xn--hlykbnk-twa430a.kz,homoglyph,,no
halykbank.kz,xn--hlykbnk-twa4469d.kz,homoglyph,,no
halykbank.kz,xn--hlykbnk-twa484a.kz,homoglyph,,no
halykbank.kz,xn--hlykbnk-twa60a.kz,homoglyph,,no
halykbank.kz,xn--hlykbnk-twa8y.kz,homoglyph,,no
halykbank.kz,xn--hlykbnk-twae.kz,homoglyph,,no
halykbank.kz,xn--hlykbnk-twan.kz,homoglyph,,no
halykbank.kz,xn--hlykbnk-twaw.kz,homoglyph,,no
halykbank.kz,xn--hlykbnk-w3a331a.kz,homoglyph,,no
halykbank.kz,xn--hlykbnk-w3a45p.kz,homoglyph,,no
halykbank.kz,xn--hlykbnk-w3a502a.kz,homoglyph,,no
halykbank.kz,xn--hlykbnk-w3a55x.kz,homoglyph,,no
halykbank.kz,xn--hlykbnk-w3a5639d.kz,homoglyph,,no
halykbank.kz,xn--hlykbnk-w3a5a.kz,homoglyph,,no
halykbank.kz,xn--hlykbnk-w3an.kz,homoglyph,,no
halykbank.kz,xn--hlykbnk-xwa214a.kz,homoglyph,,no
halykbank.kz,xn--hlykbnk-xwa33s.kz,homoglyph,,no
halykbank.kz,xn--hlykbnk-xwa42a.kz,homoglyph,,no
halykbank.kz,xn--hlykbnk-xwa430a.kz,homoglyph,,no
halykbank.kz,xn--hlykbnk-xwa4469d.kz,homoglyph,,no
halykbank.kz,xn--hlykbnk-xwa484a.kz,homoglyph,,no
halykbank.kz,xn--hlykbnk-xwa60a.kz,homoglyph,,no
halykbank.kz,xn--hlykbnk-xwa8y.kz,homoglyph,,no
halykbank.kz,xn--hlykbnk-xwae.kz,homoglyph,,no
halykbank.kz,xn--hlykbnk-xwan.kz,homoglyph,,no
halykbank.kz,xn--hlykbnk-xwaw.kz,homoglyph,,no
halykbank.kz,xn--hlykbnk-z0c69a.kz,homoglyph,,no
halykbank.kz,xn--hlykbnk-z0c8276d.kz,homoglyph,,no
halykbank.kz,xn--hlykbnk-z0c86b.kz,homoglyph,,no
halykbank.kz,xn--hlykbnk-z0ce.kz,homoglyph,,no
halykbank.kz,xn--hlykdank-0za.kz,homoglyph,,no
halykbank.kz,xn--hlykdank-2dd.kz,homoglyph,,no
halykbank.kz,xn--hlykdank-6pc.kz,homoglyph,,no
halykbank.kz,xn--hlykdank-8ya.kz,homoglyph,,no
halykbank.kz,xn--hlykdank-9za.kz,homoglyph,,no
halykbank.kz,xn--hlykdank-h7a.kz,homoglyph,,no
halykbank.kz,xn--hlykdank-i8a.kz,homoglyph,,no
halykbank.kz,xn--hlykdank-iza.kz,homoglyph,,no
halykbank.kz,xn--hlykdank-nx0d.kz,homoglyph,,no
halykbank.kz,xn--hlykdank-rza.kz,homoglyph,,no
halykbank.kz,xn--hlykdank-vod.kz,homoglyph,,no
halykbank.kz,xn--hlykdank-xqd.kz,homoglyph,,no
halykbank.kz,xn--hlykdank-z7a.kz,homoglyph,,no
halykbank.kz,xn--hlykdank-zya.kz,homoglyph,,no
halykbank.kz,xn--hlyklbank-01a.kz,homoglyph,,no
halykbank.kz,xn--hlyklbank-076d.kz,homoglyph,,no
halykbank.kz,xn--hlyklbank-51d.kz,homoglyph,,no
halykbank.kz,xn--hlyklbank-52a.kz,homoglyph,,no
halykbank.kz,xn--hlyklbank-5bb.kz,homoglyph,,no
halykbank.kz,xn--hlyklbank-5pd.kz,homoglyph,,no
halykbank.kz,xn--hlyklbank-b2a.kz,homoglyph,,no
halykbank.kz,xn--hlyklbank-bdb.kz,homoglyph,,no
halykbank.kz,xn--hlyklbank-g4d.kz,homoglyph,,no
halykbank.kz,xn--hlyklbank-l2a.kz,homoglyph,,no
halykbank.kz,xn--hlyklbank-q1a.kz,homoglyph,,no
halykbank.kz,xn--hlyklbank-qcb.kz,homoglyph,,no
halykbank.kz,xn--hlyklbank-qzc.kz,homoglyph,,no
halykbank.kz,xn--hlyklbank-v2a.kz,homoglyph,,no
halykbank.kz,xn--hlylcbank-01a.kz,homoglyph,,no
halykbank.kz,xn--hlylcbank-076d.kz,homoglyph,,no
halykbank.kz,xn--hlylcbank-51d.kz,homoglyph,,no
halykbank.kz,xn--hlylcbank-52a.kz,homoglyph,,no
halykbank.kz,xn--hlylcbank-5bb.kz,homoglyph,,no
halykbank.kz,xn--hlylcbank-5pd.kz,homoglyph,,no
halykbank.kz,xn--hlylcbank-b2a.kz,homoglyph,,no
halykbank.kz,xn--hlylcbank-bdb.kz,homoglyph,,no
halykbank.kz,xn--hlylcbank-g4d.kz,homoglyph,,no
halykbank.kz,xn--hlylcbank-l2a.kz,homoglyph,,no
halykbank.kz,xn--hlylcbank-q1a.kz,homoglyph,,no
halykbank.kz,xn--hlylcbank-qcb.kz,homoglyph,,no
halykbank.kz,xn--hlylcbank-qzc.kz,homoglyph,,no
halykbank.kz,xn--hlylcbank-v2a.kz,homoglyph,,no
halykbank.kz,xn--hykbank-5wa06f.kz,homoglyph,,no
halykbank.kz,xn--hykbank-5wa336a.kz,homoglyph,,no
halykbank.kz,xn--hykbank-5wa42f.kz,homoglyph,,no
halykbank.kz,xn--hykbank-5wa60f.kz,homoglyph,,no
halykbank.kz,xn--hykbank-5wa88e.kz,homoglyph,,no
halykbank.kz,xn--hykbank-83a18c.kz,homoglyph,,no
halykbank.kz,xn--hykbank-83a453a.kz,homoglyph,,no
halykbank.kz,xn--hykbank-83a54c.kz,homoglyph,,no
halykbank.kz,xn--hykbank-83a72c.kz,homoglyph,,no
halykbank.kz,xn--hykbank-83a90c.kz,homoglyph,,no
halykbank.kz,xn--hykbank-8va06f.kz,homoglyph,,no
halykbank.kz,xn--hykbank-8va24f.kz,homoglyph,,no
halykbank.kz,xn--hykbank-8va42f.kz,homoglyph,,no
halykbank.kz,xn--hykbank-8va69f.kz,homoglyph,,no
halykbank.kz,xn--hykbank-8va966a.kz,homoglyph,,no
halykbank.kz,xn--hykbank-9hb60w.kz,homoglyph,,no
halykbank.kz,xn--hykbank-9hb72k.kz,homoglyph,,no
halykbank.kz,xn--hykbank-9hb82s.kz,homoglyph,,no
halykbank.kz,xn--hykbank-9hb8388d.kz,homoglyph,,no
halykbank.kz,xn--hykbank-9hb87w.kz,homoglyph,,no
halykbank.kz,xn--hykbank-exa15f.kz,homoglyph,,no
halykbank.kz,xn--hykbank-exa426a.kz,homoglyph,,no
halykbank.kz,xn--hykbank-exa51f.kz,homoglyph,,no
halykbank.kz,xn--hykbank-exa79e.kz,homoglyph,,no
halykbank.kz,xn--hykbank-exa97e.kz,homoglyph,,no
halykbank.kz,xn--hykbank-fdd6n.kz,homoglyph,,no
halykbank.kz,xn--hykbank-hwa066a.kz,homoglyph,,no
halykbank.kz,xn--hykbank-hwa15f.kz,homoglyph,,no
halykbank.kz,xn--hykbank-hwa33f.kz,homoglyph,,no
halykbank.kz,xn--hykbank-hwa51f.kz,homoglyph,,no
halykbank.kz,xn--hykbank-hwa78f.kz,homoglyph,,no
halykbank.kz,xn--hykbank-jhd1116d.kz,homoglyph,,no
halykbank.kz,xn--hykbank-lbd8u.kz,homoglyph,,no
halykbank.kz,xn--hykbank-ngc72l.kz,homoglyph,,no
halykbank.kz,xn--hykbank-njb25v.kz,homoglyph,,no
halykbank.kz,xn--hykbank-njb37j.kz,homoglyph,,no
halykbank.kz,xn--hykbank-njb42w.kz,homoglyph,,no
halykbank.kz,xn--hykbank-njb47r.kz,homoglyph,,no
halykbank.kz,xn--hykbank-njb4878d.kz,homoglyph,,no
halykbank.kz,xn--hykbank-p4a19b.kz,homoglyph,,no
halykbank.kz,xn--hykbank-p4a36c.kz,homoglyph,,no
halykbank.kz,xn--hykbank-p4a633a.kz,homoglyph,,no
halykbank.kz,xn--hykbank-p4a72c.kz,homoglyph,,no
halykbank.kz,xn--hykbank-p4a90c.kz,homoglyph,,no
halykbank.kz,xn--hykbank-pwa156a.kz,homoglyph,,no
halykbank.kz,xn--hykbank-pwa24f.kz,homoglyph,,no
halykbank.kz,xn--hykbank-pwa42f.kz,homoglyph,,no
halykbank.kz,xn--hykbank-pwa60f.kz,homoglyph,,no
halykbank.kz,xn--hykbank-pwa87f.kz,homoglyph,,no
halykbank.kz,xn--hykbank-qib01s.kz,homoglyph,,no
halykbank.kz,xn--hykbank-qib0288d.kz,homoglyph,,no
halykbank.kz,xn--hykbank-qib06w.kz,homoglyph,,no
halykbank.kz,xn--hykbank-qib88v.kz,homoglyph,,no
halykbank.kz,xn--hykbank-qib90k.kz,homoglyph,,no
halykbank.kz,xn--hykbank-s3a273a.kz,homoglyph,,no
halykbank.kz,xn--hykbank-s3a36c.kz,homoglyph,,no
halykbank.kz,xn--hykbank-s3a54c.kz,homoglyph,,no
halykbank.kz,xn--hykbank-s3a72c.kz,homoglyph,,no
halykbank.kz,xn--hykbank-s3a99c.kz,homoglyph,,no
halykbank.kz,xn--hykbank-thb42w.kz,homoglyph,,no
halykbank.kz,xn--hykbank-thb54k.kz,homoglyph,,no
halykbank.kz,xn--hykbank-thb64s.kz,homoglyph,,no
halykbank.kz,xn--hykbank-thb6588d.kz,homoglyph,,no
halykbank.kz,xn--hykbank-thb69w.kz,homoglyph,,no
halykbank.kz,xn--hykbank-xwa246a.kz,homoglyph,,no
halykbank.kz,xn--hykbank-xwa33f.kz,homoglyph,,no
halykbank.kz,xn--hykbank-xwa51f.kz,homoglyph,,no
halykbank.kz,xn--hykbank-xwa79e.kz,homoglyph,,no
halykbank.kz,xn--hykbank-xwa96f.kz,homoglyph,,no
halykbank.kz,xn--hykbank-z0c62d.kz,homoglyph,,no
halykbank.kz,xn--lalykbank-065d.kz,homoglyph,,no
halykbank.kz,xn--lalykbank-0mb.kz,homoglyph,,no
halykbank.kz,xn--lalykbank-575d.kz,homoglyph,,no
halykbank.kz,xn--lalykbank-57d.kz,homoglyph,,no
halykbank.kz,xn--lalykbank-b95d.kz,homoglyph,,no
halykbank.kz,xn--lalykbank-gmb.kz,homoglyph,,no
halykbank.kz,xn--lalykbank-l75d.kz,homoglyph,,no
halykbank.kz,xn--lalykbank-q05g.kz,homoglyph,,no
halykbank.kz,xn--lalykbank-q85d.kz,homoglyph,,no
halykbank.kz,xn--lalykbank-v46d.kz,homoglyph,,no
halykbank.kz,xn--lalykbank-vnd.kz,homoglyph,,no
halykbank.kz,xn--lhalkbank-39a.kz,homoglyph,,no
halykbank.kz,xn--lhalkbank-3w7d.kz,homoglyph,,no
halykbank.kz,xn--lhalkbank-esc.kz,homoglyph,,no
halykbank.kz,xn--lhalkbank-o1d.kz,homoglyph,,no
halykbank.kz,xn--lhalkbank-obb.kz,homoglyph,,no
halykbank.kz,xn--lhalkbank-otd.kz,homoglyph,,no
halykbank.kz,xn--lhalkbank-y26d.kz,homoglyph,,no
halykbank.kz,xn--lhalkbank-y9b.kz,homoglyph,,no
halykbank.kz,xn--lhalkbank-yke.kz,homoglyph,,no
halykbank.kz,xn--lhalkbank-yz7d.kz,homoglyph,,no
halykbank.kz,xn--lhalybank-4w3d.kz,homoglyph,,no
halykbank.kz,xn--lhalybank-9c6d.kz,homoglyph,,no
halykbank.kz,xn--lhalybank-f15g.kz,homoglyph,,no
halykbank.kz,xn--lhalybank-k7c.kz,homoglyph,,no
halykbank.kz,xn--lhalybank-pc6d.kz,homoglyph,,no
halykbank.kz,xn--lhalybank-prb.kz,homoglyph,,no
halykbank.kz,xn--lhalybank-zrb.kz,homoglyph,,no
halykbank.kz,xn--lhalykank-0ec.kz,homoglyph,,no
halykbank.kz,xn--lhalykank-0x5d.kz,homoglyph,,no
halykbank.kz,xn--lhalykank-5y5d.kz,homoglyph,,no
halykbank.kz,xn--lhalykank-ly5d.kz,homoglyph,,no
halykbank.kz,xn--lhalykank-v2d.kz,homoglyph,,no
halykbank.kz,xn--lhalykank-vne.kz,homoglyph,,no
halykbank.kz,xn--lhalykbak-2i6d.kz,homoglyph,,no
halykbank.kz,xn--lhalykbak-2vb.kz,homoglyph,,no
halykbank.kz,xn--lhalykbak-7cd.kz,homoglyph,,no
halykbank.kz,xn--lhalykbak-7e36a.kz,homoglyph,,no
halykbank.kz,xn--lhalykbak-ii6d.kz,homoglyph,,no
halykbank.kz,xn--lhalykbak-ivb.kz,homoglyph,,no
halykbank.kz,xn--lhalykbak-ixb.kz,homoglyph,,no
halykbank.kz,xn--lhalykbak-nwb.kz,homoglyph,,no
halykbank.kz,xn--lhalykbak-s6a.kz,homoglyph,,no
halykbank.kz,xn--lhalykbak-xh6d.kz,homoglyph,,no
halykbank.kz,xn--lhalykban-3rb.kz,homoglyph,,no
halykbank.kz,xn--lhalykban-8w3d.kz,homoglyph,,no
halykbank.kz,xn--lhalykban-ed6d.kz,homoglyph,,no
halykbank.kz,xn--lhalykban-j15g.kz,homoglyph,,no
halykbank.kz,xn--lhalykban-o7c.kz,homoglyph,,no
halykbank.kz,xn--lhalykban-tc6d.kz,homoglyph,,no
halykbank.kz,xn--lhalykban-trb.kz,homoglyph,,no
halykbank.kz,xn--lhalykbnk-12a.kz,homoglyph,,no
halykbank.kz,xn--lhalykbnk-61a.kz,homoglyph,,no
halykbank.kz,xn--lhalykbnk-676d.kz,homoglyph,,no
halykbank.kz,xn--lhalykbnk-c2d.kz,homoglyph,,no
halykbank.kz,xn--lhalykbnk-c3a.kz,homoglyph,,no
halykbank.kz,xn--lhalykbnk-ccb.kz,homoglyph,,no
halykbank.kz,xn--lhalykbnk-cqd.kz,homoglyph,,no
halykbank.kz,xn--lhalykbnk-h2a.kz,homoglyph,,no
halykbank.kz,xn--lhalykbnk-hdb.kz,homoglyph,,no
halykbank.kz,xn--lhalykbnk-m4d.kz,homoglyph,,no
halykbank.kz,xn--lhalykbnk-r2a.kz,homoglyph,,no
halykbank.kz,xn--lhalykbnk-w1a.kz,homoglyph,,no
halykbank.kz,xn--lhalykbnk-wcb.kz,homoglyph,,no
halykbank.kz,xn--lhalykbnk-wzc.kz,homoglyph,,no
halykbank.kz,xn--lhaykbank-2sb.kz,homoglyph,,no
halykbank.kz,xn--lhaykbank-isb.kz,homoglyph,,no
halykbank.kz,xn--lhaykbank-n9d.kz,homoglyph,,no
halykbank.kz,xn--lhaykbank-ntb.kz,homoglyph,,no
halykbank.kz,xn--lhaykbank-sub.kz,homoglyph,,no
halykbank.kz,xn--lhlykbank-11a.kz,homoglyph,,no
halykbank.kz,xn--lhlykbank-176d.kz,homoglyph,,no
halykbank.kz,xn--lhlykbank-61d.kz,homoglyph,,no
halykbank.kz,xn--lhlykbank-62a.kz,homoglyph,,no
halykbank.kz,xn--lhlykbank-6bb.kz,homoglyph,,no
halykbank.kz,xn--lhlykbank-6pd.kz,homoglyph,,no
halykbank.kz,xn--lhlykbank-c2a.kz,homoglyph,,no
halykbank.kz,xn--lhlykbank-cdb.kz,homoglyph,,no
halykbank.kz,xn--lhlykbank-h4d.kz,homoglyph,,no
halykbank.kz,xn--lhlykbank-m2a.kz,homoglyph,,no
halykbank.kz,xn--lhlykbank-r1a.kz,homoglyph,,no
halykbank.kz,xn--lhlykbank-rcb.kz,homoglyph,,no
halykbank.kz,xn--lhlykbank-rzc.kz,homoglyph,,no
halykbank.kz,xn--lhlykbank-w2a.kz,homoglyph,,no
halykbank.kz,xn--lykbank-4wa0558d.kz,homoglyph,,no
halykbank.kz,xn--lykbank-4wa1359d.kz,homoglyph,,no
halykbank.kz,xn--lykbank-4wa2358d.kz,homoglyph,,no
halykbank.kz,xn--lykbank-4wa3731h.kz,homoglyph,,no
halykbank.kz,xn--lykbank-4wa4158d.kz,homoglyph,,no
halykbank.kz,xn--lykbank-4wa61d.kz,homoglyph,,no
halykbank.kz,xn--lykbank-4wa6948d.kz,homoglyph,,no
halykbank.kz,xn--lykbank-4wa785a.kz,homoglyph,,no
halykbank.kz,xn--lykbank-4wa84z.kz,homoglyph,,no
halykbank.kz,xn--lykbank-4wa8658d.kz,homoglyph,,no
halykbank.kz,xn--lykbank-4wa89c.kz,homoglyph,,no
halykbank.kz,xn--lykbank-4yc46b.kz,homoglyph,,no
halykbank.kz,xn--lykbank-4yc63c.kz,homoglyph,,no
halykbank.kz,xn--lykbank-4yc6976d.kz,homoglyph,,no
halykbank.kz,xn--lykbank-4yc6e.kz,homoglyph,,no
halykbank.kz,xn--lykbank-73a1728d.kz,homoglyph,,no
halykbank.kz,xn--lykbank-73a2529d.kz,homoglyph,,no
halykbank.kz,xn--lykbank-73a3528d.kz,homoglyph,,no
halykbank.kz,xn--lykbank-73a4901h.kz,homoglyph,,no
halykbank.kz,xn--lykbank-73a5328d.kz,homoglyph,,no
halykbank.kz,xn--lykbank-73a7128d.kz,homoglyph,,no
halykbank.kz,xn--lykbank-73a73a.kz,homoglyph,,no
halykbank.kz,xn--lykbank-73a803a.kz,homoglyph,,no
halykbank.kz,xn--lykbank-73a91a.kz,homoglyph,,no
halykbank.kz,xn--lykbank-73a96w.kz,homoglyph,,no
halykbank.kz,xn--lykbank-73a9828d.kz,homoglyph,,no
halykbank.kz,xn--lykbank-7va0558d.kz,homoglyph,,no
halykbank.kz,xn--lykbank-7va2358d.kz,homoglyph,,no
halykbank.kz,xn--lykbank-7va25d.kz,homoglyph,,no
halykbank.kz,xn--lykbank-7va326a.kz,homoglyph,,no
halykbank.kz,xn--lykbank-7va4068d.kz,homoglyph,,no
halykbank.kz,xn--lykbank-7va43d.kz,homoglyph,,no
halykbank.kz,xn--lykbank-7va48z.kz,homoglyph,,no
halykbank.kz,xn--lykbank-7va6858d.kz,homoglyph,,no
halykbank.kz,xn--lykbank-7va7659d.kz,homoglyph,,no
halykbank.kz,xn--lykbank-7va8658d.kz,homoglyph,,no
halykbank.kz,xn--lykbank-7va9041h.kz,homoglyph,,no
halykbank.kz,xn--lykbank-8m4cw43j.kz,homoglyph,,no
halykbank.kz,xn--lykbank-9u3cm6b.kz,homoglyph,,no
halykbank.kz,xn--lykbank-dgd7516d.kz,homoglyph,,no
halykbank.kz,xn--lykbank-du3cx7b.kz,homoglyph,,no
halykbank.kz,xn--lykbank-dxa1458d.kz,homoglyph,,no
halykbank.kz,xn--lykbank-dxa2259d.kz,homoglyph,,no
halykbank.kz,xn--lykbank-dxa3258d.kz,homoglyph,,no
halykbank.kz,xn--lykbank-dxa4631h.kz,homoglyph,,no
halykbank.kz,xn--lykbank-dxa5058d.kz,homoglyph,,no
halykbank.kz,xn--lykbank-dxa70d.kz,homoglyph,,no
halykbank.kz,xn--lykbank-dxa7848d.kz,homoglyph,,no
halykbank.kz,xn--lykbank-dxa875a.kz,homoglyph,,no
halykbank.kz,xn--lykbank-dxa93z.kz,homoglyph,,no
halykbank.kz,xn--lykbank-dxa9558d.kz,homoglyph,,no
halykbank.kz,xn--lykbank-dxa98c.kz,homoglyph,,no
halykbank.kz,xn--lykbank-edd0j.kz,homoglyph,,no
halykbank.kz,xn--lykbank-edd1125d.kz,homoglyph,,no
halykbank.kz,xn--lykbank-edd3915d.kz,homoglyph,,no
halykbank.kz,xn--lykbank-edd4716d.kz,homoglyph,,no
halykbank.kz,xn--lykbank-edd5715d.kz,homoglyph,,no
halykbank.kz,xn--lykbank-edd6108g.kz,homoglyph,,no
halykbank.kz,xn--lykbank-edd7515d.kz,homoglyph,,no
halykbank.kz,xn--lykbank-edd9315d.kz,homoglyph,,no
halykbank.kz,xn--lykbank-gdb69x.kz,homoglyph,,no
halykbank.kz,xn--lykbank-gdb71m.kz,homoglyph,,no
halykbank.kz,xn--lykbank-gdb81u.kz,homoglyph,,no
halykbank.kz,xn--lykbank-gdb8209d.kz,homoglyph,,no
halykbank.kz,xn--lykbank-gdb86y.kz,homoglyph,,no
halykbank.kz,xn--lykbank-gt3c88b.kz,homoglyph,,no
halykbank.kz,xn--lykbank-gwa0041h.kz,homoglyph,,no
halykbank.kz,xn--lykbank-gwa1458d.kz,homoglyph,,no
halykbank.kz,xn--lykbank-gwa3258d.kz,homoglyph,,no
halykbank.kz,xn--lykbank-gwa34d.kz,homoglyph,,no
halykbank.kz,xn--lykbank-gwa416a.kz,homoglyph,,no
halykbank.kz,xn--lykbank-gwa52d.kz,homoglyph,,no
halykbank.kz,xn--lykbank-gwa57z.kz,homoglyph,,no
halykbank.kz,xn--lykbank-gwa5958d.kz,homoglyph,,no
halykbank.kz,xn--lykbank-gwa7758d.kz,homoglyph,,no
halykbank.kz,xn--lykbank-gwa8559d.kz,homoglyph,,no
halykbank.kz,xn--lykbank-gwa9558d.kz,homoglyph,,no
halykbank.kz,xn--lykbank-kbd1125d.kz,homoglyph,,no
halykbank.kz,xn--lykbank-kbd2q.kz,homoglyph,,no
halykbank.kz,xn--lykbank-kbd3825d.kz,homoglyph,,no
halykbank.kz,xn--lykbank-kbd5625d.kz,homoglyph,,no
halykbank.kz,xn--lykbank-kbd6426d.kz,homoglyph,,no
halykbank.kz,xn--lykbank-kbd7425d.kz,homoglyph,,no
halykbank.kz,xn--lykbank-kbd8808g.kz,homoglyph,,no
halykbank.kz,xn--lykbank-kbd9225d.kz,homoglyph,,no
halykbank.kz,xn--lykbank-mgc0936d.kz,homoglyph,,no
halykbank.kz,xn--lykbank-mgc18k.kz,homoglyph,,no
halykbank.kz,xn--lykbank-mgc24e.kz,homoglyph,,no
halykbank.kz,xn--lykbank-mgc2646d.kz,homoglyph,,no
halykbank.kz,xn--lykbank-mgc4446d.kz,homoglyph,,no
halykbank.kz,xn--lykbank-mgc5247d.kz,homoglyph,,no
halykbank.kz,xn--lykbank-mgc6246d.kz,homoglyph,,no
halykbank.kz,xn--lykbank-mgc7629g.kz,homoglyph,,no
halykbank.kz,xn--lykbank-mgc8046d.kz,homoglyph,,no
halykbank.kz,xn--lykbank-o4a092a.kz,homoglyph,,no
halykbank.kz,xn--lykbank-o4a10a.kz,homoglyph,,no
halykbank.kz,xn--lykbank-o4a15w.kz,homoglyph,,no
halykbank.kz,xn--lykbank-o4a1728d.kz,homoglyph,,no
halykbank.kz,xn--lykbank-o4a3528d.kz,homoglyph,,no
halykbank.kz,xn--lykbank-o4a4329d.kz,homoglyph,,no
halykbank.kz,xn--lykbank-o4a5328d.kz,homoglyph,,no
halykbank.kz,xn--lykbank-o4a6701h.kz,homoglyph,,no
halykbank.kz,xn--lykbank-o4a7128d.kz,homoglyph,,no
halykbank.kz,xn--lykbank-o4a91a.kz,homoglyph,,no
halykbank.kz,xn--lykbank-o4a9918d.kz,homoglyph,,no
halykbank.kz,xn--lykbank-owa0558d.kz,homoglyph,,no
halykbank.kz,xn--lykbank-owa1931h.kz,homoglyph,,no
halykbank.kz,xn--lykbank-owa2358d.kz,homoglyph,,no
halykbank.kz,xn--lykbank-owa4158d.kz,homoglyph,,no
halykbank.kz,xn--lykbank-owa43d.kz,homoglyph,,no
halykbank.kz,xn--lykbank-owa506a.kz,homoglyph,,no
halykbank.kz,xn--lykbank-owa61d.kz,homoglyph,,no
halykbank.kz,xn--lykbank-owa66z.kz,homoglyph,,no
halykbank.kz,xn--lykbank-owa6858d.kz,homoglyph,,no
halykbank.kz,xn--lykbank-owa8658d.kz,homoglyph,,no
halykbank.kz,xn--lykbank-owa9459d.kz,homoglyph,,no
halykbank.kz,xn--lykbank-qk4cvd.kz,homoglyph,,no
halykbank.kz,xn--lykbank-r3a0729d.kz,homoglyph,,no
halykbank.kz,xn--lykbank-r3a1728d.kz,homoglyph,,no
halykbank.kz,xn--lykbank-r3a2111h.kz,homoglyph,,no
halykbank.kz,xn--lykbank-r3a3528d.kz,homoglyph,,no
halykbank.kz,xn--lykbank-r3a5328d.kz,homoglyph,,no
halykbank.kz,xn--lykbank-r3a55a.kz,homoglyph,,no
halykbank.kz,xn--lykbank-r3a623a.kz,homoglyph,,no
halykbank.kz,xn--lykbank-r3a7038d.kz,homoglyph,,no
halykbank.kz,xn--lykbank-r3a73a.kz,homoglyph,,no
halykbank.kz,xn--lykbank-r3a78w.kz,homoglyph,,no
halykbank.kz,xn--lykbank-r3a9828d.kz,homoglyph,,no
halykbank.kz,xn--lykbank-tu3c46b.kz,homoglyph,,no
halykbank.kz,xn--lykbank-wt3cq8b.kz,homoglyph,,no
halykbank.kz,xn--lykbank-wwa0459d.kz,homoglyph,,no
halykbank.kz,xn--lykbank-wwa1458d.kz,homoglyph,,no
halykbank.kz,xn--lykbank-wwa2831h.kz,homoglyph,,no
halykbank.kz,xn--lykbank-wwa3258d.kz,homoglyph,,no
halykbank.kz,xn--lykbank-wwa5058d.kz,homoglyph,,no
halykbank.kz,xn--lykbank-wwa52d.kz,homoglyph,,no
halykbank.kz,xn--lykbank-wwa695a.kz,homoglyph,,no
halykbank.kz,xn--lykbank-wwa70d.kz,homoglyph,,no
halykbank.kz,xn--lykbank-wwa75z.kz,homoglyph,,no
halykbank.kz,xn--lykbank-wwa7758d.kz,homoglyph,,no
halykbank.kz,xn--lykbank-wwa9558d.kz,homoglyph,,no
halykbank.kz,xn--lykbank-y0c08c.kz,homoglyph,,no
halykbank.kz,xn--lykbank-y0c1665d.kz,homoglyph,,no
halykbank.kz,xn--lykbank-y0c3465d.kz,homoglyph,,no
halykbank.kz,xn--lykbank-y0c4266d.kz,homoglyph,,no
halykbank.kz,xn--lykbank-y0c5265d.kz,homoglyph,,no
halykbank.kz,xn--lykbank-y0c6648g.kz,homoglyph,,no
halykbank.kz,xn--lykbank-y0c7065d.kz,homoglyph,,no
halykbank.kz,xn--lykbank-y0c9855d.kz,homoglyph,,no
halykbank.kz,xn--lykbank-zcb41y.kz,homoglyph,,no
halykbank.kz,xn--lykbank-zcb53m.kz,homoglyph,,no
halykbank.kz,xn--lykbank-zcb63u.kz,homoglyph,,no
halykbank.kz,xn--lykbank-zcb6409d.kz,homoglyph,,no
halykbank.kz,xn--lykbank-zcb68y.kz,homoglyph,,no
halykbank.kz,h-alykbank.kz,hyphenation,,no
halykbank.kz,ha-lykbank.kz,hyphenation,,no
halykbank.kz,hal-ykbank.kz,hyphenation,,no
halykbank.kz,haly-kbank.kz,hyphenation,,no
halykbank.kz,halyk-bank.kz,hyphenation,,no
halykbank.kz,halykb-ank.kz,hyphenation,,no
halykbank.kz,halykba-nk.kz,hyphenation,,no
halykbank.kz,halykban-k.kz,hyphenation,,no
halykbank.kz,bhalykbank.kz,insertion,,no
halykbank.kz,ghalykbank.kz,insertion,,no
halykbank.kz,h1alykbank.kz,insertion,,no
halykbank.kz,h2alykbank.kz,insertion,,no
halykbank.kz,ha1lykbank.kz,insertion,,no
halykbank.kz,ha2lykbank.kz,insertion,,no
halykbank.kz,haklykbank.kz,insertion,,no
halykbank.kz,hal6ykbank.kz,insertion,,no
halykbank.kz,hal7ykbank.kz,insertion,,no
halykbank.kz,halaykbank.kz,insertion,,no
halykbank.kz,halgykbank.kz,insertion,,no
halykbank.kz,halhykbank.kz,insertion,,no
halykbank.kz,halkykbank.kz,insertion,,no
halykbank.kz,halmykbank.kz,insertion,,no
halykbank.kz,haloykbank.kz,insertion,,no
halykbank.kz,halpykbank.kz,insertion,,no
halykbank.kz,halsykbank.kz,insertion,,no
halykbank.kz,haltykbank.kz,insertion,,no
halykbank.kz,haluykbank.kz,insertion,,no
halykbank.kz,halxykbank.kz,insertion,,no
halykbank.kz,haly6kbank.kz,insertion,,no
halykbank.kz,haly7kbank.kz,insertion,,no
halykbank.kz,halyakbank.kz,insertion,,no
halykbank.kz,halygkbank.kz,insertion,,no
halykbank.kz,halyhkbank.kz,insertion,,no
halykbank.kz,halyikbank.kz,insertion,,no
halykbank.kz,halyjkbank.kz,insertion,,no
halykbank.kz,halykb1ank.kz,insertion,,no
halykbank.kz,halykb2ank.kz,insertion,,no
halykbank.kz,halykba1nk.kz,insertion,,no
halykbank.kz,halykba2nk.kz,insertion,,no
halykbank.kz,halykbabnk.kz,insertion,,no
halykbank.kz,halykbahnk.kz,insertion,,no
halykbank.kz,halykbajnk.kz,insertion,,no
halykbank.kz,halykbamnk.kz,insertion,,no
halykbank.kz,halykbanbk.kz,insertion,,no
halykbank.kz,halykbanhk.kz,insertion,,no
halykbank.kz,halykbanjk.kz,insertion,,no
halykbank.kz,halykbanmk.kz,insertion,,no
halykbank.kz,halykbaqnk.kz,insertion,,no
halykbank.kz,halykbasnk.kz,insertion,,no
halykbank.kz,halykbawnk.kz,insertion,,no
halykbank.kz,halykbaynk.kz,insertion,,no
halykbank.kz,halykbaznk.kz,insertion,,no
halykbank.kz,halykbgank.kz,insertion,,no
halykbank.kz,halykbhank.kz,insertion,,no
halykbank.kz,halykbnank.kz,insertion,,no
halykbank.kz,halykbqank.kz,insertion,,no
halykbank.kz,halykbsank.kz,insertion,,no
halykbank.kz,halykbvank.kz,insertion,,no
halykbank.kz,halykbwank.kz,insertion,,no
halykbank.kz,halykbyank.kz,insertion,,no
halykbank.kz,halykbzank.kz,insertion,,no
halykbank.kz,halykgbank.kz,insertion,,no
halykbank.kz,halykhbank.kz,insertion,,no
halykbank.kz,halykjbank.kz,insertion,,no
halykbank.kz,halykmbank.kz,insertion,,no
halykbank.kz,halyknbank.kz,insertion,,no
halykbank.kz,halykobank.kz,insertion,,no
halykbank.kz,halykvbank.kz,insertion,,no
halykbank.kz,halylkbank.kz,insertion,,no
halykbank.kz,halymkbank.kz,insertion,,no
halykbank.kz,halyokbank.kz,insertion,,no
halykbank.kz,halyskbank.kz,insertion,,no
halykbank.kz,halytkbank.kz,insertion,,no
halykbank.kz,halyukbank.kz,insertion,,no
halykbank.kz,halyxkbank.kz,insertion,,no
halykbank.kz,hamlykbank.kz,insertion,,no
halykbank.kz,haolykbank.kz,insertion,,no
halykbank.kz,haplykbank.kz,insertion,,no
halykbank.kz,haqlykbank.kz,insertion,,no
halykbank.kz,haslykbank.kz,insertion,,no
halykbank.kz,hawlykbank.kz,insertion,,no
halykbank.kz,haylykbank.kz,insertion,,no
halykbank.kz,hazlykbank.kz,insertion,,no
halykbank.kz,hbalykbank.kz,insertion,,no
halykbank.kz,hgalykbank.kz,insertion,,no
halykbank.kz,hjalykbank.kz,insertion,,no
halykbank.kz,hnalykbank.kz,insertion,,no
halykbank.kz,hqalykbank.kz,insertion,,no
halykbank.kz,hsalykbank.kz,insertion,,no
halykbank.kz,hualykbank.kz,insertion,,no
halykbank.kz,hwalykbank.kz,insertion,,no
halykbank.kz,hyalykbank.kz,insertion,,no
halykbank.kz,hzalykbank.kz,insertion,,no
halykbank.kz,jhalykbank.kz,insertion,,no
halykbank.kz,nhalykbank.kz,insertion,,no
halykbank.kz,uhalykbank.kz,insertion,,no
halykbank.kz,yhalykbank.kz,insertion,,no
halykbank.kz,zhalykbank.kz,insertion,,no
halykbank.kz,alykbank.kz,omission,,no
halykbank.kz,halkbank.kz,omission,,no
halykbank.kz,halybank.kz,omission,,no
halykbank.kz,halykank.kz,omission,,no
halykbank.kz,halykbak.kz,omission,,no
halykbank.kz,halykban.kz,omission,,no
halykbank.kz,halykbnk.kz,omission,,no
halykbank.kz,haykbank.kz,omission,,no
halykbank.kz,hlykbank.kz,omission,,no
halykbank.kz,halyksbank.kz,plural,,no
halykbank.kz,haalykbank.kz,repetition,,no
halykbank.kz,hallykbank.kz,repetition,,no
halykbank.kz,halykbaank.kz,repetition,,no
halykbank.kz,halykbbank.kz,repetition,,no
halykbank.kz,halykkbank.kz,repetition,,no
halykbank.kz,halyykbank.kz,repetition,,no
halykbank.kz,hhalykbank.kz,repetition,,no
halykbank.kz,balykbank.kz,replacement,,no
halykbank.kz,galykbank.kz,replacement,,no
halykbank.kz,h1lykbank.kz,replacement,,no
halykbank.kz,h2lykbank.kz,replacement,,no
halykbank.kz,hakykbank.kz,replacement,,no
halykbank.kz,hal6kbank.kz,replacement,,no
halykbank.kz,hal7kbank.kz,replacement,,no
halykbank.kz,halakbank.kz,replacement,,no
halykbank.kz,halgkbank.kz,replacement,,no
halykbank.kz,halhkbank.kz,replacement,,no
halykbank.kz,halskbank.kz,replacement,,no
halykbank.kz,haltkbank.kz,replacement,,no
halykbank.kz,halukbank.kz,replacement,,no
halykbank.kz,halykb1nk.kz,replacement,,no
halykbank.kz,halykb2nk.kz,replacement,,no
halykbank.kz,halykbabk.kz,replacement,,no
halykbank.kz,halykbahk.kz,replacement,,no
halykbank.kz,halykbanl.kz,replacement,,no
halykbank.kz,halykbanm.kz,replacement,,no
halykbank.kz,halykbsnk.kz,replacement,,no
halykbank.kz,halykbwnk.kz,replacement,,no
halykbank.kz,halykbynk.kz,replacement,,no
halykbank.kz,halykbznk.kz,replacement,,no
halykbank.kz,halykgank.kz,replacement,,no
halykbank.kz,halykhank.kz,replacement,,no
halykbank.kz,halyknank.kz,replacement,,no
halykbank.kz,halykvank.kz,replacement,,no
halykbank.kz,halylbank.kz,replacement,,no
halykbank.kz,halymbank.kz,replacement,,no
halykbank.kz,haoykbank.kz,replacement,,no
halykbank.kz,hapykbank.kz,replacement,,no
halykbank.kz,hslykbank.kz,replacement,,no
halykbank.kz,hwlykbank.kz,replacement,,no
halykbank.kz,hylykbank.kz,replacement,,no
halykbank.kz,hzlykbank.kz,replacement,,no
halykbank.kz,nalykbank.kz,replacement,,no
halykbank.kz,ualykbank.kz,replacement,,no
halykbank.kz,yalykbank.kz,replacement,,no
halykbank.kz,zalykbank.kz,replacement,,no
halykbank.kz,h.alykbank.kz,subdomain,,no
halykbank.kz,ha.lykbank.kz,subdomain,,no
halykbank.kz,hal.ykbank.kz,subdomain,,no
halykbank.kz,haly.kbank.kz,subdomain,,no
halykbank.kz,halyk.bank.kz,subdomain,,no
halykbank.kz,halykb.ank.kz,subdomain,,no
halykbank.kz,halykba.nk.kz,subdomain,,no
halykbank.kz,ahlykbank.kz,transposition,,no
halykbank.kz,halkybank.kz,transposition,,no
halykbank.kz,halybkank.kz,transposition,,no
halykbank.kz,halykabnk.kz,transposition,,no
halykbank.kz,halykbakn.kz,transposition,,no
halykbank.kz,halykbnak.kz,transposition,,no
halykbank.kz,haylkbank.kz,transposition,,no
halykbank.kz,hlaykbank.kz,transposition,,no
halykbank.kz,halykbank-kz.com,various,,no
halykbank.kz,halykbankkz.com,various,,no
halykbank.kz,halykbankkz.kz,various,,no
halykbank.kz,halykbonk.kz,vowel-swap,,no
halykbank.kz,halykbunk.kz,vowel-swap,,no
halykbank.kz,holykbank.kz,vowel-swap,,no
halykbank.kz,hulykbank.kz,vowel-swap,,no
jusan.kz,jusan0.kz,addition,,no
jusan.kz,jusan1.kz,addition,,no
jusan.kz,jusan2.kz,addition,,no
jusan.kz,jusan3.kz,addition,,no
jusan.kz,jusan4.kz,addition,,no
jusan.kz,jusan5.kz,addition,,no
jusan.kz,jusan6.kz,addition,,no
jusan.kz,jusan7.kz,addition,,no
jusan.kz,jusan8.kz,addition,,no
jusan.kz,jusan9.kz,addition,,no
jusan.kz,jusana.kz,addition,,no
jusan.kz,jusanb.kz,addition,,no
jusan.kz,jusanc.kz,addition,,no
jusan.kz,jusand.kz,addition,,no
jusan.kz,jusane.kz,addition,,no
jusan.kz,jusanf.kz,addition,,no
jusan.kz,jusang.kz,addition,,no
jusan.kz,jusanh.kz,addition,,no
jusan.kz,jusani.kz,addition,,no
jusan.kz,jusanj.kz,addition,,no
jusan.kz,jusank.kz,addition,,no
jusan.kz,jusanl.kz,addition,,no
jusan.kz,jusanm.kz,addition,,no
jusan.kz,jusann.kz,addition,,no
jusan.kz,jusano.kz,addition,,no
jusan.kz,jusanp.kz,addition,,no
jusan.kz,jusanq.kz,addition,,no
jusan.kz,jusanr.kz,addition,,no
jusan.kz,jusans.kz,addition,,no
jusan.kz,jusant.kz,addition,,no
jusan.kz,jusanu.kz,addition,,no
jusan.kz,jusanv.kz,addition,,no
jusan.kz,jusanw.kz,addition,,no
jusan.kz,jusanx.kz,addition,,no
jusan.kz,jusany.kz,addition,,no
jusan.kz,jusanz.kz,addition,,no
jusan.kz,busan.kz,bitsquatting,,no
jusan.kz,husan.kz,bitsquatting,,no
jusan.kz,j5san.kz,bitsquatting,,no
jusan.kz,jesan.kz,bitsquatting,,no
jusan.kz,jqsan.kz,bitsquatting,,no
jusan.kz,jtsan.kz,bitsquatting,,no
jusan.kz,ju3an.kz,bitsquatting,,no
jusan.kz,jucan.kz,bitsquatting,,no
jusan.kz,juqan.kz,bitsquatting,,no
jusan.kz,juran.kz,bitsquatting,,no
jusan.kz,jusaf.kz,bitsquatting,,no
jusan.kz,jusaj.kz,bitsquatting,,no
jusan.kz,jusal.kz,bitsquatting,,no
jusan.kz,jusao.kz,bitsquatting,,no
jusan.kz,juscn.kz,bitsquatting,,no
jusan.kz,jusen.kz,bitsquatting,,no
jusan.kz,jusin.kz,bitsquatting,,no
jusan.kz,jusqn.kz,bitsquatting,,no
jusan.kz,juwan.kz,bitsquatting,,no
jusan.kz,jwsan.kz,bitsquatting,,no
jusan.kz,kusan.kz,bitsquatting,,no
jusan.kz,nusan.kz,bitsquatting,,no
jusan.kz,zusan.kz,bitsquatting,,no
jusan.kz,jusam.kz,homoglyph,,no
jusan.kz,jusar.kz,homoglyph,,no
jusan.kz,jusarn.kz,homoglyph,,no
jusan.kz,jvsam.kz,homoglyph,,no
jusan.kz,jvsan.kz,homoglyph,,no
jusan.kz,jvsar.kz,homoglyph,,no
jusan.kz,xn--jan-0za31g.kz,homoglyph,,no
jusan.kz,xn--jan-0za32g.kz,homoglyph,,no
jusan.kz,xn--jan-0za3988a.kz,homoglyph,,no
jusan.kz,xn--jan-0za39l.kz,homoglyph,,no
jusan.kz,xn--jan-0za3b.kz,homoglyph,,no
jusan.kz,xn--jan-0za3c.kz,homoglyph,,no
jusan.kz,xn--jan-0za3d.kz,homoglyph,,no
jusan.kz,xn--jan-0za3e.kz,homoglyph,,no
jusan.kz,xn--jan-0za3f.kz,homoglyph,,no
jusan.kz,xn--jan-0za3g.kz,homoglyph,,no
jusan.kz,xn--jan-0za8066a.kz,homoglyph,,no
jusan.kz,xn--jan-0za80b.kz,homoglyph,,no
jusan.kz,xn--jan-0za88c.kz,homoglyph,,no
jusan.kz,xn--jan-18a46h.kz,homoglyph,,no
jusan.kz,xn--jan-18a9387a.kz,homoglyph,,no
jusan.kz,xn--jan-18a93c.kz,homoglyph,,no
jusan.kz,xn--jan-18a9487a.kz,homoglyph,,no
jusan.kz,xn--jan-18a9592s.kz,homoglyph,,no
jusan.kz,xn--jan-1lb3797a.kz,homoglyph,,no
jusan.kz,xn--jan-1lb37c.kz,homoglyph,,no
jusan.kz,xn--jan-1lb8865a.kz,homoglyph,,no
jusan.kz,xn--jan-1xb3615a.kz,homoglyph,,no
jusan.kz,xn--jan-1xb8447a.kz,homoglyph,,no
jusan.kz,xn--jan-1xb8a.kz,homoglyph,,no
jusan.kz,xn--jan-21a4418a.kz,homoglyph,,no
jusan.kz,xn--jan-21a44f.kz,homoglyph,,no
jusan.kz,xn--jan-21a4518a.kz,homoglyph,,no
jusan.kz,xn--jan-21a4623s.kz,homoglyph,,no
jusan.kz,xn--jan-21a96k.kz,homoglyph,,no
jusan.kz,xn--jan-4na40c.kz,homoglyph,,no
jusan.kz,xn--jan-4na41c.kz,homoglyph,,no
jusan.kz,xn--jan-4na42c.kz,homoglyph,,no
jusan.kz,xn--jan-4na43c.kz,homoglyph,,no
jusan.kz,xn--jan-4na4578a.kz,homoglyph,,no
jusan.kz,xn--jan-4na45l.kz,homoglyph,,no
jusan.kz,xn--jan-4na4678a.kz,homoglyph,,no
jusan.kz,xn--jan-4na4783s.kz,homoglyph,,no
jusan.kz,xn--jan-4na97q.kz,homoglyph,,no
jusan.kz,xn--jan-50a4033s.kz,homoglyph,,no
jusan.kz,xn--jan-50a4818a.kz,homoglyph,,no
jusan.kz,xn--jan-50a48f.kz,homoglyph,,no
jusan.kz,xn--jan-50a4918a.kz,homoglyph,,no
jusan.kz,xn--jan-50a90l.kz,homoglyph,,no
jusan.kz,xn--jan-5db48f.kz,homoglyph,,no
jusan.kz,xn--jan-5db9567a.kz,homoglyph,,no
jusan.kz,xn--jan-5db95a.kz,homoglyph,,no
jusan.kz,xn--jan-5db9667a.kz,homoglyph,,no
jusan.kz,xn--jan-5db9772s.kz,homoglyph,,no
jusan.kz,xn--jan-8na47q.kz,homoglyph,,no
jusan.kz,xn--jan-8na90c.kz,homoglyph,,no
jusan.kz,xn--jan-8na91c.kz,homoglyph,,no
jusan.kz,xn--jan-8na92c.kz,homoglyph,,no
jusan.kz,xn--jan-8na9478a.kz,homoglyph,,no
jusan.kz,xn--jan-8na94l.kz,homoglyph,,no
jusan.kz,xn--jan-8na9578a.kz,homoglyph,,no
jusan.kz,xn--jan-8na9683s.kz,homoglyph,,no
jusan.kz,xn--jan-8na99b.kz,homoglyph,,no
jusan.kz,xn--jan-c6x94f.kz,homoglyph,,no
jusan.kz,xn--jan-c6xz059f.kz,homoglyph,,no
jusan.kz,xn--jan-c6xz4f.kz,homoglyph,,no
jusan.kz,xn--jan-cza3298a.kz,homoglyph,,no
jusan.kz,xn--jan-cza32m.kz,homoglyph,,no
jusan.kz,xn--jan-cza34g.kz,homoglyph,,no
jusan.kz,xn--jan-cza35g.kz,homoglyph,,no
jusan.kz,xn--jan-cza3e.kz,homoglyph,,no
jusan.kz,xn--jan-cza3f.kz,homoglyph,,no
jusan.kz,xn--jan-cza3g.kz,homoglyph,,no
jusan.kz,xn--jan-cza3h.kz,homoglyph,,no
jusan.kz,xn--jan-cza3i.kz,homoglyph,,no
jusan.kz,xn--jan-cza3j.kz,homoglyph,,no
jusan.kz,xn--jan-cza81d.kz,homoglyph,,no
jusan.kz,xn--jan-cza8366a.kz,homoglyph,,no
jusan.kz,xn--jan-cza83b.kz,homoglyph,,no
jusan.kz,xn--jan-doa40c.kz,homoglyph,,no
jusan.kz,xn--jan-doa41c.kz,homoglyph,,no
jusan.kz,xn--jan-doa42c.kz,homoglyph,,no
jusan.kz,xn--jan-doa4478a.kz,homoglyph,,no
jusan.kz,xn--jan-doa44l.kz,homoglyph,,no
jusan.kz,xn--jan-doa4578a.kz,homoglyph,,no
jusan.kz,xn--jan-doa4683s.kz,homoglyph,,no
jusan.kz,xn--jan-doa49b.kz,homoglyph,,no
jusan.kz,xn--jan-doa96q.kz,homoglyph,,no
jusan.kz,xn--jan-e1a4718a.kz,homoglyph,,no
jusan.kz,xn--jan-e1a47f.kz,homoglyph,,no
jusan.kz,xn--jan-e1a4818a.kz,homoglyph,,no
jusan.kz,xn--jan-e1a4923s.kz,homoglyph,,no
jusan.kz,xn--jan-e1a99k.kz,homoglyph,,no
jusan.kz,xn--jan-h8yt6a.kz,homoglyph,,no
jusan.kz,xn--jan-hoa46q.kz,homoglyph,,no
jusan.kz,xn--jan-hoa90c.kz,homoglyph,,no
jusan.kz,xn--jan-hoa91c.kz,homoglyph,,no
jusan.kz,xn--jan-hoa9378a.kz,homoglyph,,no
jusan.kz,xn--jan-hoa93l.kz,homoglyph,,no
jusan.kz,xn--jan-hoa9478a.kz,homoglyph,,no
jusan.kz,xn--jan-hoa9583s.kz,homoglyph,,no
jusan.kz,xn--jan-hoa98b.kz,homoglyph,,no
jusan.kz,xn--jan-hoa99b.kz,homoglyph,,no
jusan.kz,xn--jan-koz8024f.kz,homoglyph,,no
jusan.kz,xn--jan-kza3198a.kz,homoglyph,,no
jusan.kz,xn--jan-kza31m.kz,homoglyph,,no
jusan.kz,xn--jan-kza33g.kz,homoglyph,,no
jusan.kz,xn--jan-kza34g.kz,homoglyph,,no
jusan.kz,xn--jan-kza3d.kz,homoglyph,,no
jusan.kz,xn--jan-kza3e.kz,homoglyph,,no
jusan.kz,xn--jan-kza3f.kz,homoglyph,,no
jusan.kz,xn--jan-kza3g.kz,homoglyph,,no
jusan.kz,xn--jan-kza3h.kz,homoglyph,,no
jusan.kz,xn--jan-kza3i.kz,homoglyph,,no
jusan.kz,xn--jan-kza80d.kz,homoglyph,,no
jusan.kz,xn--jan-kza8266a.kz,homoglyph,,no
jusan.kz,xn--jan-kza82b.kz,homoglyph,,no
jusan.kz,xn--jan-llb4337a.kz,homoglyph,,no
jusan.kz,xn--jan-llb4437a.kz,homoglyph,,no
jusan.kz,xn--jan-llb4542s.kz,homoglyph,,no
jusan.kz,xn--jan-llb95c.kz,homoglyph,,no
jusan.kz,xn--jan-llbu.kz,homoglyph,,no
jusan.kz,xn--jan-m1a4618a.kz,homoglyph,,no
jusan.kz,xn--jan-m1a46f.kz,homoglyph,,no
jusan.kz,xn--jan-m1a4718a.kz,homoglyph,,no
jusan.kz,xn--jan-m1a4823s.kz,homoglyph,,no
jusan.kz,xn--jan-m1a98k.kz,homoglyph,,no
jusan.kz,xn--jan-p8y35a.kz,homoglyph,,no
jusan.kz,xn--jan-sza3098a.kz,homoglyph,,no
jusan.kz,xn--jan-sza30m.kz,homoglyph,,no
jusan.kz,xn--jan-sza32g.kz,homoglyph,,no
jusan.kz,xn--jan-sza33g.kz,homoglyph,,no
jusan.kz,xn--jan-sza3c.kz,homoglyph,,no
jusan.kz,xn--jan-sza3d.kz,homoglyph,,no
jusan.kz,xn--jan-sza3e.kz,homoglyph,,no
jusan.kz,xn--jan-sza3f.kz,homoglyph,,no
jusan.kz,xn--jan-sza3g.kz,homoglyph,,no
jusan.kz,xn--jan-sza3h.kz,homoglyph,,no
jusan.kz,xn--jan-sza8166a.kz,homoglyph,,no
jusan.kz,xn--jan-sza81b.kz,homoglyph,,no
jusan.kz,xn--jan-sza89c.kz,homoglyph,,no
jusan.kz,xn--jan-tlb4237a.kz,homoglyph,,no
jusan.kz,xn--jan-tlb4337a.kz,homoglyph,,no
jusan.kz,xn--jan-tlb4442s.kz,homoglyph,,no
jusan.kz,xn--jan-tlb94c.kz,homoglyph,,no
jusan.kz,xn--jan-tlbk.kz,homoglyph,,no
jusan.kz,xn--jan-u1a4518a.kz,homoglyph,,no
jusan.kz,xn--jan-u1a45f.kz,homoglyph,,no
jusan.kz,xn--jan-u1a4618a.kz,homoglyph,,no
jusan.kz,xn--jan-u1a4723s.kz,homoglyph,,no
jusan.kz,xn--jan-u1a97k.kz,homoglyph,,no
jusan.kz,xn--jan-uyb4576a.kz,homoglyph,,no
jusan.kz,xn--jan-uyb4676a.kz,homoglyph,,no
jusan.kz,xn--jan-uyb4781s.kz,homoglyph,,no
jusan.kz,xn--jan-x0a4028a.kz,homoglyph,,no
jusan.kz,xn--jan-x0a4133s.kz,homoglyph,,no
jusan.kz,xn--jan-x0a4918a.kz,homoglyph,,no
jusan.kz,xn--jan-x0a49f.kz,homoglyph,,no
jusan.kz,xn--jan-x0a91l.kz,homoglyph,,no
jusan.kz,xn--jsa-18a1077a.kz,homoglyph,,no
jusan.kz,xn--jsa-18a1177a.kz,homoglyph,,no
jusan.kz,xn--jsa-18a1277a.kz,homoglyph,,no
jusan.kz,xn--jsa-18a1443s.kz,homoglyph,,no
jusan.kz,xn--jsa-18a18a.kz,homoglyph,,no
jusan.kz,xn--jsa-21a6008a.kz,homoglyph,,no
jusan.kz,xn--jsa-21a6108a.kz,homoglyph,,no
jusan.kz,xn--jsa-21a6208a.kz,homoglyph,,no
jusan.kz,xn--jsa-21a6473s.kz,homoglyph,,no
jusan.kz,xn--jsa-21a68d.kz,homoglyph,,no
jusan.kz,xn--jsa-4na10b.kz,homoglyph,,no
jusan.kz,xn--jsa-4na11b.kz,homoglyph,,no
jusan.kz,xn--jsa-4na19a.kz,homoglyph,,no
jusan.kz,xn--jsa-4na6168a.kz,homoglyph,,no
jusan.kz,xn--jsa-4na6268a.kz,homoglyph,,no
jusan.kz,xn--jsa-4na62b.kz,homoglyph,,no
jusan.kz,xn--jsa-4na6368a.kz,homoglyph,,no
jusan.kz,xn--jsa-4na6534s.kz,homoglyph,,no
jusan.kz,xn--jsa-4na69j.kz,homoglyph,,no
jusan.kz,xn--jsa-50a62e.kz,homoglyph,,no
jusan.kz,xn--jsa-50a6408a.kz,homoglyph,,no
jusan.kz,xn--jsa-50a6508a.kz,homoglyph,,no
jusan.kz,xn--jsa-50a6608a.kz,homoglyph,,no
jusan.kz,xn--jsa-50a6873s.kz,homoglyph,,no
jusan.kz,xn--jsa-5db1257a.kz,homoglyph,,no
jusan.kz,xn--jsa-5db1357a.kz,homoglyph,,no
jusan.kz,xn--jsa-5db1457a.kz,homoglyph,,no
jusan.kz,xn--jsa-5db1623s.kz,homoglyph,,no
jusan.kz,xn--jsa-5db1q.kz,homoglyph,,no
jusan.kz,xn--jsa-7wa11e.kz,homoglyph,,no
jusan.kz,xn--jsa-7wa1376a.kz,homoglyph,,no
jusan.kz,xn--jsa-7wa13c.kz,homoglyph,,no
jusan.kz,xn--jsa-7wa6109a.kz,homoglyph,,no
jusan.kz,xn--jsa-7wa61n.kz,homoglyph,,no
jusan.kz,xn--jsa-7wa63h.kz,homoglyph,,no
jusan.kz,xn--jsa-7wa64h.kz,homoglyph,,no
jusan.kz,xn--jsa-7wa6n.kz,homoglyph,,no
jusan.kz,xn--jsa-7wa6o.kz,homoglyph,,no
jusan.kz,xn--jsa-7wa6p.kz,homoglyph,,no
jusan.kz,xn--jsa-7wa6q.kz,homoglyph,,no
jusan.kz,xn--jsa-7wa6r.kz,homoglyph,,no
jusan.kz,xn--jsa-7wa6s.kz,homoglyph,,no
jusan.kz,xn--jsa-8na1168a.kz,homoglyph,,no
jusan.kz,xn--jsa-8na1268a.kz,homoglyph,,no
jusan.kz,xn--jsa-8na12b.kz,homoglyph,,no
jusan.kz,xn--jsa-8na1368a.kz,homoglyph,,no
jusan.kz,xn--jsa-8na1534s.kz,homoglyph,,no
jusan.kz,xn--jsa-8na19j.kz,homoglyph,,no
jusan.kz,xn--jsa-8na60b.kz,homoglyph,,no
jusan.kz,xn--jsa-8na68a.kz,homoglyph,,no
jusan.kz,xn--jsa-8na69a.kz,homoglyph,,no
jusan.kz,xn--jsa-9ma11d.kz,homoglyph,,no
jusan.kz,xn--jsa-9ma12d.kz,homoglyph,,no
jusan.kz,xn--jsa-9ma13d.kz,homoglyph,,no
jusan.kz,xn--jsa-9ma14d.kz,homoglyph,,no
jusan.kz,xn--jsa-9ma1549a.kz,homoglyph,,no
jusan.kz,xn--jsa-9ma15d.kz,homoglyph,,no
jusan.kz,xn--jsa-9ma15r.kz,homoglyph,,no
jusan.kz,xn--jsa-9ma16d.kz,homoglyph,,no
jusan.kz,xn--jsa-9ma17l.kz,homoglyph,,no
jusan.kz,xn--jsa-9ma18l.kz,homoglyph,,no
jusan.kz,xn--jsa-9ma1b.kz,homoglyph,,no
jusan.kz,xn--jsa-9ma1c.kz,homoglyph,,no
jusan.kz,xn--jsa-9ma64i.kz,homoglyph,,no
jusan.kz,xn--jsa-9ma6617a.kz,homoglyph,,no
jusan.kz,xn--jsa-9ma66g.kz,homoglyph,,no
jusan.kz,xn--jsa-9ma6b.kz,homoglyph,,no
jusan.kz,xn--jsa-9ma6c.kz,homoglyph,,no
jusan.kz,xn--jsa-c5yr3b.kz,homoglyph,,no
jusan.kz,xn--jsa-c6x1479f.kz,homoglyph,,no
jusan.kz,xn--jsa-c6x17e.kz,homoglyph,,no
jusan.kz,xn--jsa-c6x18e.kz,homoglyph,,no
jusan.kz,xn--jsa-c6xr8e.kz,homoglyph,,no
jusan.kz,xn--jsa-doa10b.kz,homoglyph,,no
jusan.kz,xn--jsa-doa18a.kz,homoglyph,,no
jusan.kz,xn--jsa-doa19a.kz,homoglyph,,no
jusan.kz,xn--jsa-doa6068a.kz,homoglyph,,no
jusan.kz,xn--jsa-doa6168a.kz,homoglyph,,no
jusan.kz,xn--jsa-doa61b.kz,homoglyph,,no
jusan.kz,xn--jsa-doa6268a.kz,homoglyph,,no
jusan.kz,xn--jsa-doa6434s.kz,homoglyph,,no
jusan.kz,xn--jsa-doa68j.kz,homoglyph,,no
jusan.kz,xn--jsa-e1a61e.kz,homoglyph,,no
jusan.kz,xn--jsa-e1a6308a.kz,homoglyph,,no
jusan.kz,xn--jsa-e1a6408a.kz,homoglyph,,no
jusan.kz,xn--jsa-e1a6508a.kz,homoglyph,,no
jusan.kz,xn--jsa-e1a6773s.kz,homoglyph,,no
jusan.kz,xn--jsa-gib1318a.kz,homoglyph,,no
jusan.kz,xn--jsa-gib13e.kz,homoglyph,,no
jusan.kz,xn--jsa-gib1l.kz,homoglyph,,no
jusan.kz,xn--jsa-gib1m.kz,homoglyph,,no
jusan.kz,xn--jsa-gib6485a.kz,homoglyph,,no
jusan.kz,xn--jsa-hoa1068a.kz,homoglyph,,no
jusan.kz,xn--jsa-hoa1168a.kz,homoglyph,,no
jusan.kz,xn--jsa-hoa11b.kz,homoglyph,,no
jusan.kz,xn--jsa-hoa1268a.kz,homoglyph,,no
jusan.kz,xn--jsa-hoa1434s.kz,homoglyph,,no
jusan.kz,xn--jsa-hoa18j.kz,homoglyph,,no
jusan.kz,xn--jsa-hoa67a.kz,homoglyph,,no
jusan.kz,xn--jsa-hoa68a.kz,homoglyph,,no
jusan.kz,xn--jsa-hoa69a.kz,homoglyph,,no
jusan.kz,xn--jsa-k5y12b.kz,homoglyph,,no
jusan.kz,xn--jsa-koz7344f.kz,homoglyph,,no
jusan.kz,xn--jsa-kxa1009a.kz,homoglyph,,no
jusan.kz,xn--jsa-kxa10n.kz,homoglyph,,no
jusan.kz,xn--jsa-kxa12h.kz,homoglyph,,no
jusan.kz,xn--jsa-kxa13h.kz,homoglyph,,no
jusan.kz,xn--jsa-kxa1m.kz,homoglyph,,no
jusan.kz,xn--jsa-kxa1n.kz,homoglyph,,no
jusan.kz,xn--jsa-kxa1o.kz,homoglyph,,no
jusan.kz,xn--jsa-kxa1p.kz,homoglyph,,no
jusan.kz,xn--jsa-kxa1q.kz,homoglyph,,no
jusan.kz,xn--jsa-kxa1r.kz,homoglyph,,no
jusan.kz,xn--jsa-kxa6176a.kz,homoglyph,,no
jusan.kz,xn--jsa-kxa61c.kz,homoglyph,,no
jusan.kz,xn--jsa-kxa69d.kz,homoglyph,,no
jusan.kz,xn--jsa-llb6027a.kz,homoglyph,,no
jusan.kz,xn--jsa-llb6127a.kz,homoglyph,,no
jusan.kz,xn--jsa-llb6392s.kz,homoglyph,,no
jusan.kz,xn--jsa-llb6917a.kz,homoglyph,,no
jusan.kz,xn--jsa-m1a60e.kz,homoglyph,,no
jusan.kz,xn--jsa-m1a6208a.kz,homoglyph,,no
jusan.kz,xn--jsa-m1a6308a.kz,homoglyph,,no
jusan.kz,xn--jsa-m1a6408a.kz,homoglyph,,no
jusan.kz,xn--jsa-m1a6673s.kz,homoglyph,,no
jusan.kz,xn--jsa-rwa13e.kz,homoglyph,,no
jusan.kz,xn--jsa-rwa1576a.kz,homoglyph,,no
jusan.kz,xn--jsa-rwa15c.kz,homoglyph,,no
jusan.kz,xn--jsa-rwa6309a.kz,homoglyph,,no
jusan.kz,xn--jsa-rwa63n.kz,homoglyph,,no
jusan.kz,xn--jsa-rwa65h.kz,homoglyph,,no
jusan.kz,xn--jsa-rwa66h.kz,homoglyph,,no
jusan.kz,xn--jsa-rwa6p.kz,homoglyph,,no
jusan.kz,xn--jsa-rwa6q.kz,homoglyph,,no
jusan.kz,xn--jsa-rwa6r.kz,homoglyph,,no
jusan.kz,xn--jsa-rwa6s.kz,homoglyph,,no
jusan.kz,xn--jsa-rwa6t.kz,homoglyph,,no
jusan.kz,xn--jsa-rwa6u.kz,homoglyph,,no
jusan.kz,xn--jsa-s5yr2b.kz,homoglyph,,no
jusan.kz,xn--jsa-tlb6027a.kz,homoglyph,,no
jusan.kz,xn--jsa-tlb6292s.kz,homoglyph,,no
jusan.kz,xn--jsa-tlb6817a.kz,homoglyph,,no
jusan.kz,xn--jsa-tlb6917a.kz,homoglyph,,no
jusan.kz,xn--jsa-u1a6108a.kz,homoglyph,,no
jusan.kz,xn--jsa-u1a6208a.kz,homoglyph,,no
jusan.kz,xn--jsa-u1a6308a.kz,homoglyph,,no
jusan.kz,xn--jsa-u1a6573s.kz,homoglyph,,no
jusan.kz,xn--jsa-u1a69d.kz,homoglyph,,no
jusan.kz,xn--jsa-uyb6166a.kz,homoglyph,,no
jusan.kz,xn--jsa-uyb6266a.kz,homoglyph,,no
jusan.kz,xn--jsa-uyb6366a.kz,homoglyph,,no
jusan.kz,xn--jsa-uyb6532s.kz,homoglyph,,no
jusan.kz,xn--jsa-x0a63e.kz,homoglyph,,no
jusan.kz,xn--jsa-x0a6508a.kz,homoglyph,,no
jusan.kz,xn--jsa-x0a6608a.kz,homoglyph,,no
jusan.kz,xn--jsa-x0a6708a.kz,homoglyph,,no
jusan.kz,xn--jsa-x0a6973s.kz,homoglyph,,no
jusan.kz,xn--jsa-zwa12e.kz,homoglyph,,no
jusan.kz,xn--jsa-zwa1476a.kz,homoglyph,,no
jusan.kz,xn--jsa-zwa14c.kz,homoglyph,,no
jusan.kz,xn--jsa-zwa6209a.kz,homoglyph,,no
jusan.kz,xn--jsa-zwa62n.kz,homoglyph,,no
jusan.kz,xn--jsa-zwa64h.kz,homoglyph,,no
jusan.kz,xn--jsa-zwa65h.kz,homoglyph,,no
jusan.kz,xn--jsa-zwa6o.kz,homoglyph,,no
jusan.kz,xn--jsa-zwa6p.kz,homoglyph,,no
jusan.kz,xn--jsa-zwa6q.kz,homoglyph,,no
jusan.kz,xn--jsa-zwa6r.kz,homoglyph,,no
jusan.kz,xn--jsa-zwa6s.kz,homoglyph,,no
jusan.kz,xn--jsa-zwa6t.kz,homoglyph,,no
jusan.kz,xn--jsam-08a.kz,homoglyph,,no
jusan.kz,xn--jsam-0ra.kz,homoglyph,,no
jusan.kz,xn--jsam-57a.kz,homoglyph,,no
jusan.kz,xn--jsam-5wb.kz,homoglyph,,no
jusan.kz,xn--jsam-g8a.kz,homoglyph,,no
jusan.kz,xn--jsam-gxb.kz,homoglyph,,no
jusan.kz,xn--jsam-l53a.kz,homoglyph,,no
jusan.kz,xn--jsam-l7a.kz,homoglyph,,no
jusan.kz,xn--jsam-lra.kz,homoglyph,,no
jusan.kz,xn--jsam-q8a.kz,homoglyph,,no
jusan.kz,xn--jsam-qec.kz,homoglyph,,no
jusan.kz,xn--jsam-qib.kz,homoglyph,,no
jusan.kz,xn--jsam-qra.kz,homoglyph,,no
jusan.kz,xn--jsam-v05a.kz,homoglyph,,no
jusan.kz,xn--jsam-v7a.kz,homoglyph,,no
jusan.kz,xn--jsam-vnb.kz,homoglyph,,no
jusan.kz,xn--jsam-vra.kz,homoglyph,,no
jusan.kz,xn--jsan-08a.kz,homoglyph,,no
jusan.kz,xn--jsan-0l5a.kz,homoglyph,,no
jusan.kz,xn--jsan-0ra.kz,homoglyph,,no
jusan.kz,xn--jsan-553a.kz,homoglyph,,no
jusan.kz,xn--jsan-57a.kz,homoglyph,,no
jusan.kz,xn--jsan-5wb.kz,homoglyph,,no
jusan.kz,xn--jsan-b69b.kz,homoglyph,,no
jusan.kz,xn--jsan-bm5a.kz,homoglyph,,no
jusan.kz,xn--jsan-g8a.kz,homoglyph,,no
jusan.kz,xn--jsan-gxb.kz,homoglyph,,no
jusan.kz,xn--jsan-l53a.kz,homoglyph,,no
jusan.kz,xn--jsan-l7a.kz,homoglyph,,no
jusan.kz,xn--jsan-lm4a.kz,homoglyph,,no
jusan.kz,xn--jsan-lra.kz,homoglyph,,no
jusan.kz,xn--jsan-q69b.kz,homoglyph,,no
jusan.kz,xn--jsan-q8a.kz,homoglyph,,no
jusan.kz,xn--jsan-qec.kz,homoglyph,,no
jusan.kz,xn--jsan-qib.kz,homoglyph,,no
jusan.kz,xn--jsan-qra.kz,homoglyph,,no
jusan.kz,xn--jsan-v05a.kz,homoglyph,,no
jusan.kz,xn--jsan-v7a.kz,homoglyph,,no
jusan.kz,xn--jsan-vnb.kz,homoglyph,,no
jusan.kz,xn--jsan-vra.kz,homoglyph,,no
jusan.kz,xn--jsar-08a.kz,homoglyph,,no
jusan.kz,xn--jsar-0ra.kz,homoglyph,,no
jusan.kz,xn--jsar-57a.kz,homoglyph,,no
jusan.kz,xn--jsar-5wb.kz,homoglyph,,no
jusan.kz,xn--jsar-g8a.kz,homoglyph,,no
jusan.kz,xn--jsar-gxb.kz,homoglyph,,no
jusan.kz,xn--jsar-l53a.kz,homoglyph,,no
jusan.kz,xn--jsar-l7a.kz,homoglyph,,no
jusan.kz,xn--jsar-lra.kz,homoglyph,,no
jusan.kz,xn--jsar-q8a.kz,homoglyph,,no
jusan.kz,xn--jsar-qec.kz,homoglyph,,no
jusan.kz,xn--jsar-qib.kz,homoglyph,,no
jusan.kz,xn--jsar-qra.kz,homoglyph,,no
jusan.kz,xn--jsar-v05a.kz,homoglyph,,no
jusan.kz,xn--jsar-v7a.kz,homoglyph,,no
jusan.kz,xn--jsar-vnb.kz,homoglyph,,no
jusan.kz,xn--jsar-vra.kz,homoglyph,,no
jusan.kz,xn--jsn-18a01d.kz,homoglyph,,no
jusan.kz,xn--jsn-18a02f.kz,homoglyph,,no
jusan.kz,xn--jsn-18a0618a.kz,homoglyph,,no
jusan.kz,xn--jsn-18a06f.kz,homoglyph,,no
jusan.kz,xn--jsn-18a5m.kz,homoglyph,,no
jusan.kz,xn--jsn-21a07b.kz,homoglyph,,no
jusan.kz,xn--jsn-21a51g.kz,homoglyph,,no
jusan.kz,xn--jsn-21a52i.kz,homoglyph,,no
jusan.kz,xn--jsn-21a5648a.kz,homoglyph,,no
jusan.kz,xn--jsn-21a56i.kz,homoglyph,,no
jusan.kz,xn--jsn-2oa20l.kz,homoglyph,,no
jusan.kz,xn--jsn-2oa23c.kz,homoglyph,,no
jusan.kz,xn--jsn-2oa24c.kz,homoglyph,,no
jusan.kz,xn--jsn-2oa25c.kz,homoglyph,,no
jusan.kz,xn--jsn-2oa26c.kz,homoglyph,,no
jusan.kz,xn--jsn-2oa2739a.kz,homoglyph,,no
jusan.kz,xn--jsn-2oa27c.kz,homoglyph,,no
jusan.kz,xn--jsn-2oa27q.kz,homoglyph,,no
jusan.kz,xn--jsn-2oa28c.kz,homoglyph,,no
jusan.kz,xn--jsn-2oa29k.kz,homoglyph,,no
jusan.kz,xn--jsn-2oa76h.kz,homoglyph,,no
jusan.kz,xn--jsn-2oa7807a.kz,homoglyph,,no
jusan.kz,xn--jsn-2oa78f.kz,homoglyph,,no
jusan.kz,xn--jsn-4na08h.kz,homoglyph,,no
jusan.kz,xn--jsn-4na52m.kz,homoglyph,,no
jusan.kz,xn--jsn-4na53o.kz,homoglyph,,no
jusan.kz,xn--jsn-4na5709a.kz,homoglyph,,no
jusan.kz,xn--jsn-4na57o.kz,homoglyph,,no
jusan.kz,xn--jsn-4na5b.kz,homoglyph,,no
jusan.kz,xn--jsn-4na5c.kz,homoglyph,,no
jusan.kz,xn--jsn-4na5d.kz,homoglyph,,no
jusan.kz,xn--jsn-50a01c.kz,homoglyph,,no
jusan.kz,xn--jsn-50a5058a.kz,homoglyph,,no
jusan.kz,xn--jsn-50a50j.kz,homoglyph,,no
jusan.kz,xn--jsn-50a55g.kz,homoglyph,,no
jusan.kz,xn--jsn-50a56i.kz,homoglyph,,no
jusan.kz,xn--jsn-5db03b.kz,homoglyph,,no
jusan.kz,xn--jsn-5db04d.kz,homoglyph,,no
jusan.kz,xn--jsn-5db0897a.kz,homoglyph,,no
jusan.kz,xn--jsn-5db08d.kz,homoglyph,,no
jusan.kz,xn--jsn-8na02m.kz,homoglyph,,no
jusan.kz,xn--jsn-8na03o.kz,homoglyph,,no
jusan.kz,xn--jsn-8na0709a.kz,homoglyph,,no
jusan.kz,xn--jsn-8na07o.kz,homoglyph,,no
jusan.kz,xn--jsn-8na0b.kz,homoglyph,,no
jusan.kz,xn--jsn-8na0c.kz,homoglyph,,no
jusan.kz,xn--jsn-8na0d.kz,homoglyph,,no
jusan.kz,xn--jsn-8na57h.kz,homoglyph,,no
jusan.kz,xn--jsn-bla23j.kz,homoglyph,,no
jusan.kz,xn--jsn-bla2527a.kz,homoglyph,,no
jusan.kz,xn--jsn-bla25h.kz,homoglyph,,no
jusan.kz,xn--jsn-bla2k.kz,homoglyph,,no
jusan.kz,xn--jsn-bla2l.kz,homoglyph,,no
jusan.kz,xn--jsn-bla70e.kz,homoglyph,,no
jusan.kz,xn--jsn-bla71e.kz,homoglyph,,no
jusan.kz,xn--jsn-bla72e.kz,homoglyph,,no
jusan.kz,xn--jsn-bla7359a.kz,homoglyph,,no
jusan.kz,xn--jsn-bla73e.kz,homoglyph,,no
jusan.kz,xn--jsn-bla73s.kz,homoglyph,,no
jusan.kz,xn--jsn-bla74e.kz,homoglyph,,no
jusan.kz,xn--jsn-bla75m.kz,homoglyph,,no
jusan.kz,xn--jsn-bla76m.kz,homoglyph,,no
jusan.kz,xn--jsn-bla79d.kz,homoglyph,,no
jusan.kz,xn--jsn-bla7j.kz,homoglyph,,no
jusan.kz,xn--jsn-bla7k.kz,homoglyph,,no
jusan.kz,xn--jsn-bpa22c.kz,homoglyph,,no
jusan.kz,xn--jsn-bpa23c.kz,homoglyph,,no
jusan.kz,xn--jsn-bpa24c.kz,homoglyph,,no
jusan.kz,xn--jsn-bpa25c.kz,homoglyph,,no
jusan.kz,xn--jsn-bpa2639a.kz,homoglyph,,no
jusan.kz,xn--jsn-bpa26c.kz,homoglyph,,no
jusan.kz,xn--jsn-bpa26q.kz,homoglyph,,no
jusan.kz,xn--jsn-bpa27c.kz,homoglyph,,no
jusan.kz,xn--jsn-bpa28k.kz,homoglyph,,no
jusan.kz,xn--jsn-bpa29k.kz,homoglyph,,no
jusan.kz,xn--jsn-bpa75h.kz,homoglyph,,no
jusan.kz,xn--jsn-bpa7707a.kz,homoglyph,,no
jusan.kz,xn--jsn-bpa77f.kz,homoglyph,,no
jusan.kz,xn--jsn-c6x00h.kz,homoglyph,,no
jusan.kz,xn--jsn-doa07h.kz,homoglyph,,no
jusan.kz,xn--jsn-doa51m.kz,homoglyph,,no
jusan.kz,xn--jsn-doa52o.kz,homoglyph,,no
jusan.kz,xn--jsn-doa5609a.kz,homoglyph,,no
jusan.kz,xn--jsn-doa56o.kz,homoglyph,,no
jusan.kz,xn--jsn-doa5a.kz,homoglyph,,no
jusan.kz,xn--jsn-doa5b.kz,homoglyph,,no
jusan.kz,xn--jsn-doa5c.kz,homoglyph,,no
jusan.kz,xn--jsn-e1a00c.kz,homoglyph,,no
jusan.kz,xn--jsn-e1a54g.kz,homoglyph,,no
jusan.kz,xn--jsn-e1a55i.kz,homoglyph,,no
jusan.kz,xn--jsn-e1a5948a.kz,homoglyph,,no
jusan.kz,xn--jsn-e1a59i.kz,homoglyph,,no
jusan.kz,xn--jsn-etb2567a.kz,homoglyph,,no
jusan.kz,xn--jsn-etb2v.kz,homoglyph,,no
jusan.kz,xn--jsn-etb7635a.kz,homoglyph,,no
jusan.kz,xn--jsn-fla20e.kz,homoglyph,,no
jusan.kz,xn--jsn-fla21e.kz,homoglyph,,no
jusan.kz,xn--jsn-fla22e.kz,homoglyph,,no
jusan.kz,xn--jsn-fla2359a.kz,homoglyph,,no
jusan.kz,xn--jsn-fla23e.kz,homoglyph,,no
jusan.kz,xn--jsn-fla23s.kz,homoglyph,,no
jusan.kz,xn--jsn-fla24e.kz,homoglyph,,no
jusan.kz,xn--jsn-fla25m.kz,homoglyph,,no
jusan.kz,xn--jsn-fla26m.kz,homoglyph,,no
jusan.kz,xn--jsn-fla29d.kz,homoglyph,,no
jusan.kz,xn--jsn-fla2j.kz,homoglyph,,no
jusan.kz,xn--jsn-fla2k.kz,homoglyph,,no
jusan.kz,xn--jsn-fla72j.kz,homoglyph,,no
jusan.kz,xn--jsn-fla7427a.kz,homoglyph,,no
jusan.kz,xn--jsn-fla74h.kz,homoglyph,,no
jusan.kz,xn--jsn-fla7j.kz,homoglyph,,no
jusan.kz,xn--jsn-fla7k.kz,homoglyph,,no
jusan.kz,xn--jsn-hoa01m.kz,homoglyph,,no
jusan.kz,xn--jsn-hoa02o.kz,homoglyph,,no
jusan.kz,xn--jsn-hoa0609a.kz,homoglyph,,no
jusan.kz,xn--jsn-hoa06o.kz,homoglyph,,no
jusan.kz,xn--jsn-hoa0a.kz,homoglyph,,no
jusan.kz,xn--jsn-hoa0b.kz,homoglyph,,no
jusan.kz,xn--jsn-hoa0c.kz,homoglyph,,no
jusan.kz,xn--jsn-hoa56h.kz,homoglyph,,no
jusan.kz,xn--jsn-hsb2967a.kz,homoglyph,,no
jusan.kz,xn--jsn-hsb2z.kz,homoglyph,,no
jusan.kz,xn--jsn-hsb7045a.kz,homoglyph,,no
jusan.kz,xn--jsn-idb2606a.kz,homoglyph,,no
jusan.kz,xn--jsn-idb2a.kz,homoglyph,,no
jusan.kz,xn--jsn-idb7438a.kz,homoglyph,,no
jusan.kz,xn--jsn-idb74g.kz,homoglyph,,no
jusan.kz,xn--jsn-idb76a.kz,homoglyph,,no
jusan.kz,xn--jsn-idb77a.kz,homoglyph,,no
jusan.kz,xn--jsn-jla22j.kz,homoglyph,,no
jusan.kz,xn--jsn-jla2427a.kz,homoglyph,,no
jusan.kz,xn--jsn-jla24h.kz,homoglyph,,no
jusan.kz,xn--jsn-jla2j.kz,homoglyph,,no
jusan.kz,xn--jsn-jla2k.kz,homoglyph,,no
jusan.kz,xn--jsn-jla70e.kz,homoglyph,,no
jusan.kz,xn--jsn-jla71e.kz,homoglyph,,no
jusan.kz,xn--jsn-jla7259a.kz,homoglyph,,no
jusan.kz,xn--jsn-jla72e.kz,homoglyph,,no
jusan.kz,xn--jsn-jla72s.kz,homoglyph,,no
jusan.kz,xn--jsn-jla73e.kz,homoglyph,,no
jusan.kz,xn--jsn-jla74m.kz,homoglyph,,no
jusan.kz,xn--jsn-jla75m.kz,homoglyph,,no
jusan.kz,xn--jsn-jla78d.kz,homoglyph,,no
jusan.kz,xn--jsn-jla79d.kz,homoglyph,,no
jusan.kz,xn--jsn-jla7i.kz,homoglyph,,no
jusan.kz,xn--jsn-jla7j.kz,homoglyph,,no
jusan.kz,xn--jsn-jpa21c.kz,homoglyph,,no
jusan.kz,xn--jsn-jpa22c.kz,homoglyph,,no
jusan.kz,xn--jsn-jpa23c.kz,homoglyph,,no
jusan.kz,xn--jsn-jpa24c.kz,homoglyph,,no
jusan.kz,xn--jsn-jpa2539a.kz,homoglyph,,no
jusan.kz,xn--jsn-jpa25c.kz,homoglyph,,no
jusan.kz,xn--jsn-jpa25q.kz,homoglyph,,no
jusan.kz,xn--jsn-jpa26c.kz,homoglyph,,no
jusan.kz,xn--jsn-jpa27k.kz,homoglyph,,no
jusan.kz,xn--jsn-jpa28k.kz,homoglyph,,no
jusan.kz,xn--jsn-jpa74h.kz,homoglyph,,no
jusan.kz,xn--jsn-jpa7607a.kz,homoglyph,,no
jusan.kz,xn--jsn-jpa76f.kz,homoglyph,,no
jusan.kz,xn--jsn-llb51a.kz,homoglyph,,no
jusan.kz,xn--jsn-llb5567a.kz,homoglyph,,no
jusan.kz,xn--jsn-llb55a.kz,homoglyph,,no
jusan.kz,xn--jsn-llb5g.kz,homoglyph,,no
jusan.kz,xn--jsn-m1a09b.kz,homoglyph,,no
jusan.kz,xn--jsn-m1a53g.kz,homoglyph,,no
jusan.kz,xn--jsn-m1a54i.kz,homoglyph,,no
jusan.kz,xn--jsn-m1a5848a.kz,homoglyph,,no
jusan.kz,xn--jsn-m1a58i.kz,homoglyph,,no
jusan.kz,xn--jsn-nla20e.kz,homoglyph,,no
jusan.kz,xn--jsn-nla21e.kz,homoglyph,,no
jusan.kz,xn--jsn-nla2259a.kz,homoglyph,,no
jusan.kz,xn--jsn-nla22e.kz,homoglyph,,no
jusan.kz,xn--jsn-nla22s.kz,homoglyph,,no
jusan.kz,xn--jsn-nla23e.kz,homoglyph,,no
jusan.kz,xn--jsn-nla24m.kz,homoglyph,,no
jusan.kz,xn--jsn-nla25m.kz,homoglyph,,no
jusan.kz,xn--jsn-nla28d.kz,homoglyph,,no
jusan.kz,xn--jsn-nla29d.kz,homoglyph,,no
jusan.kz,xn--jsn-nla2i.kz,homoglyph,,no
jusan.kz,xn--jsn-nla2j.kz,homoglyph,,no
jusan.kz,xn--jsn-nla71j.kz,homoglyph,,no
jusan.kz,xn--jsn-nla7327a.kz,homoglyph,,no
jusan.kz,xn--jsn-nla73h.kz,homoglyph,,no
jusan.kz,xn--jsn-nla7i.kz,homoglyph,,no
jusan.kz,xn--jsn-nla7j.kz,homoglyph,,no
jusan.kz,xn--jsn-onb2097a.kz,homoglyph,,no
jusan.kz,xn--jsn-onb20c.kz,homoglyph,,no
jusan.kz,xn--jsn-onb7165a.kz,homoglyph,,no
jusan.kz,xn--jsn-rla21j.kz,homoglyph,,no
jusan.kz,xn--jsn-rla2327a.kz,homoglyph,,no
jusan.kz,xn--jsn-rla23h.kz,homoglyph,,no
jusan.kz,xn--jsn-rla2i.kz,homoglyph,,no
jusan.kz,xn--jsn-rla2j.kz,homoglyph,,no
jusan.kz,xn--jsn-rla70e.kz,homoglyph,,no
jusan.kz,xn--jsn-rla7159a.kz,homoglyph,,no
jusan.kz,xn--jsn-rla71e.kz,homoglyph,,no
jusan.kz,xn--jsn-rla71s.kz,homoglyph,,no
jusan.kz,xn--jsn-rla72e.kz,homoglyph,,no
jusan.kz,xn--jsn-rla73m.kz,homoglyph,,no
jusan.kz,xn--jsn-rla74m.kz,homoglyph,,no
jusan.kz,xn--jsn-rla77d.kz,homoglyph,,no
jusan.kz,xn--jsn-rla78d.kz,homoglyph,,no
jusan.kz,xn--jsn-rla79d.kz,homoglyph,,no
jusan.kz,xn--jsn-rla7h.kz,homoglyph,,no
jusan.kz,xn--jsn-rla7i.kz,homoglyph,,no
jusan.kz,xn--jsn-tgzxp.kz,homoglyph,,no
jusan.kz,xn--jsn-tlb50a.kz,homoglyph,,no
jusan.kz,xn--jsn-tlb5467a.kz,homoglyph,,no
jusan.kz,xn--jsn-tlb54a.kz,homoglyph,,no
jusan.kz,xn--jsn-tlb5f.kz,homoglyph,,no
jusan.kz,xn--jsn-u1a08b.kz,homoglyph,,no
jusan.kz,xn--jsn-u1a52g.kz,homoglyph,,no
jusan.kz,xn--jsn-u1a53i.kz,homoglyph,,no
jusan.kz,xn--jsn-u1a5748a.kz,homoglyph,,no
jusan.kz,xn--jsn-u1a57i.kz,homoglyph,,no
jusan.kz,xn--jsn-uyb5707a.kz,homoglyph,,no
jusan.kz,xn--jsn-vla20e.kz,homoglyph,,no
jusan.kz,xn--jsn-vla2159a.kz,homoglyph,,no
jusan.kz,xn--jsn-vla21e.kz,homoglyph,,no
jusan.kz,xn--jsn-vla21s.kz,homoglyph,,no
jusan.kz,xn--jsn-vla22e.kz,homoglyph,,no
jusan.kz,xn--jsn-vla23m.kz,homoglyph,,no
jusan.kz,xn--jsn-vla24m.kz,homoglyph,,no
jusan.kz,xn--jsn-vla27d.kz,homoglyph,,no
jusan.kz,xn--jsn-vla28d.kz,homoglyph,,no
jusan.kz,xn--jsn-vla29d.kz,homoglyph,,no
jusan.kz,xn--jsn-vla2h.kz,homoglyph,,no
jusan.kz,xn--jsn-vla2i.kz,homoglyph,,no
jusan.kz,xn--jsn-vla70j.kz,homoglyph,,no
jusan.kz,xn--jsn-vla7227a.kz,homoglyph,,no
jusan.kz,xn--jsn-vla72h.kz,homoglyph,,no
jusan.kz,xn--jsn-vla7h.kz,homoglyph,,no
jusan.kz,xn--jsn-vla7i.kz,homoglyph,,no
jusan.kz,xn--jsn-x0a02c.kz,homoglyph,,no
jusan.kz,xn--jsn-x0a5158a.kz,homoglyph,,no
jusan.kz,xn--jsn-x0a51j.kz,homoglyph,,no
jusan.kz,xn--jsn-x0a56g.kz,homoglyph,,no
jusan.kz,xn--jsn-x0a57i.kz,homoglyph,,no
jusan.kz,xn--jua-1za5018a.kz,homoglyph,,no
jusan.kz,xn--jua-1za5118a.kz,homoglyph,,no
jusan.kz,xn--jua-1za5383s.kz,homoglyph,,no
jusan.kz,xn--jua-1za57e.kz,homoglyph,,no
jusan.kz,xn--jua-1za5908a.kz,homoglyph,,no
jusan.kz,xn--jua-2lb5192s.kz,homoglyph,,no
jusan.kz,xn--jua-2lb5717a.kz,homoglyph,,no
jusan.kz,xn--jua-2lb5817a.kz,homoglyph,,no
jusan.kz,xn--jua-2lb5917a.kz,homoglyph,,no
jusan.kz,xn--jua-2xb0566a.kz,homoglyph,,no
jusan.kz,xn--jua-2xb0666a.kz,homoglyph,,no
jusan.kz,xn--jua-2xb0766a.kz,homoglyph,,no
jusan.kz,xn--jua-2xb0932s.kz,homoglyph,,no
jusan.kz,xn--jua-7wa28m.kz,homoglyph,,no
jusan.kz,xn--jua-7wa7538a.kz,homoglyph,,no
jusan.kz,xn--jua-7wa75h.kz,homoglyph,,no
jusan.kz,xn--jua-7wa7638a.kz,homoglyph,,no
jusan.kz,xn--jua-7wa7743s.kz,homoglyph,,no
jusan.kz,xn--jua-7wa7g.kz,homoglyph,,no
jusan.kz,xn--jua-7wa7h.kz,homoglyph,,no
jusan.kz,xn--jua-7wa7i.kz,homoglyph,,no
jusan.kz,xn--jua-7wa7j.kz,homoglyph,,no
jusan.kz,xn--jua-8l3lqp.kz,homoglyph,,no
jusan.kz,xn--jua-9ma2088a.kz,homoglyph,,no
jusan.kz,xn--jua-9ma2193s.kz,homoglyph,,no
jusan.kz,xn--jua-9ma24c.kz,homoglyph,,no
jusan.kz,xn--jua-9ma25c.kz,homoglyph,,no
jusan.kz,xn--jua-9ma26c.kz,homoglyph,,no
jusan.kz,xn--jua-9ma27c.kz,homoglyph,,no
jusan.kz,xn--jua-9ma2978a.kz,homoglyph,,no
jusan.kz,xn--jua-9ma29l.kz,homoglyph,,no
jusan.kz,xn--jua-9ma71r.kz,homoglyph,,no
jusan.kz,xn--jua-c5y2g.kz,homoglyph,,no
jusan.kz,xn--jua-c5ys678f.kz,homoglyph,,no
jusan.kz,xn--jua-c5ysg.kz,homoglyph,,no
jusan.kz,xn--jua-dza50f.kz,homoglyph,,no
jusan.kz,xn--jua-dza5218a.kz,homoglyph,,no
jusan.kz,xn--jua-dza5318a.kz,homoglyph,,no
jusan.kz,xn--jua-dza5418a.kz,homoglyph,,no
jusan.kz,xn--jua-dza5683s.kz,homoglyph,,no
jusan.kz,xn--jua-gib2747a.kz,homoglyph,,no
jusan.kz,xn--jua-gib2847a.kz,homoglyph,,no
jusan.kz,xn--jua-gib2952s.kz,homoglyph,,no
jusan.kz,xn--jua-gib2n.kz,homoglyph,,no
jusan.kz,xn--jua-gib79d.kz,homoglyph,,no
jusan.kz,xn--jua-i8yv398f.kz,homoglyph,,no
jusan.kz,xn--jua-k5y2578f.kz,homoglyph,,no
jusan.kz,xn--jua-k5y2f.kz,homoglyph,,no
jusan.kz,xn--jua-k5ysg.kz,homoglyph,,no
jusan.kz,xn--jua-kxa2438a.kz,homoglyph,,no
jusan.kz,xn--jua-kxa24h.kz,homoglyph,,no
jusan.kz,xn--jua-kxa2538a.kz,homoglyph,,no
jusan.kz,xn--jua-kxa2643s.kz,homoglyph,,no
jusan.kz,xn--jua-kxa2f.kz,homoglyph,,no
jusan.kz,xn--jua-kxa2g.kz,homoglyph,,no
jusan.kz,xn--jua-kxa2h.kz,homoglyph,,no
jusan.kz,xn--jua-kxa2i.kz,homoglyph,,no
jusan.kz,xn--jua-kxa76m.kz,homoglyph,,no
jusan.kz,xn--jua-lza5118a.kz,homoglyph,,no
jusan.kz,xn--jua-lza5218a.kz,homoglyph,,no
jusan.kz,xn--jua-lza5318a.kz,homoglyph,,no
jusan.kz,xn--jua-lza5583s.kz,homoglyph,,no
jusan.kz,xn--jua-lza59e.kz,homoglyph,,no
jusan.kz,xn--jua-q8y5298f.kz,homoglyph,,no
jusan.kz,xn--jua-rwa20n.kz,homoglyph,,no
jusan.kz,xn--jua-rwa7738a.kz,homoglyph,,no
jusan.kz,xn--jua-rwa77h.kz,homoglyph,,no
jusan.kz,xn--jua-rwa7838a.kz,homoglyph,,no
jusan.kz,xn--jua-rwa7943s.kz,homoglyph,,no
jusan.kz,xn--jua-rwa7i.kz,homoglyph,,no
jusan.kz,xn--jua-rwa7j.kz,homoglyph,,no
jusan.kz,xn--jua-rwa7k.kz,homoglyph,,no
jusan.kz,xn--jua-rwa7l.kz,homoglyph,,no
jusan.kz,xn--jua-s5y2f.kz,homoglyph,,no
jusan.kz,xn--jua-s5ys578f.kz,homoglyph,,no
jusan.kz,xn--jua-s5ysf.kz,homoglyph,,no
jusan.kz,xn--jua-tza5018a.kz,homoglyph,,no
jusan.kz,xn--jua-tza5118a.kz,homoglyph,,no
jusan.kz,xn--jua-tza5218a.kz,homoglyph,,no
jusan.kz,xn--jua-tza5483s.kz,homoglyph,,no
jusan.kz,xn--jua-tza58e.kz,homoglyph,,no
jusan.kz,xn--jua-zwa29m.kz,homoglyph,,no
jusan.kz,xn--jua-zwa7638a.kz,homoglyph,,no
jusan.kz,xn--jua-zwa76h.kz,homoglyph,,no
jusan.kz,xn--jua-zwa7738a.kz,homoglyph,,no
jusan.kz,xn--jua-zwa7843s.kz,homoglyph,,no
jusan.kz,xn--jua-zwa7h.kz,homoglyph,,no
jusan.kz,xn--jua-zwa7i.kz,homoglyph,,no
jusan.kz,xn--jua-zwa7j.kz,homoglyph,,no
jusan.kz,xn--jua-zwa7k.kz,homoglyph,,no
jusan.kz,xn--juam-1h5a.kz,homoglyph,,no
jusan.kz,xn--juam-65a.kz,homoglyph,,no
jusan.kz,xn--juam-ci5a.kz,homoglyph,,no
jusan.kz,xn--juam-h6a.kz,homoglyph,,no
jusan.kz,xn--juam-hg8o.kz,homoglyph,,no
jusan.kz,xn--juam-m5a.kz,homoglyph,,no
jusan.kz,xn--juam-rdc.kz,homoglyph,,no
jusan.kz,xn--juam-rxb.kz,homoglyph,,no
jusan.kz,xn--juam-w5a.kz,homoglyph,,no
jusan.kz,xn--juan-1h5a.kz,homoglyph,,no
jusan.kz,xn--juan-65a.kz,homoglyph,,no
jusan.kz,xn--juan-ci5a.kz,homoglyph,,no
jusan.kz,xn--juan-h6a.kz,homoglyph,,no
jusan.kz,xn--juan-hg8o.kz,homoglyph,,no
jusan.kz,xn--juan-m5a.kz,homoglyph,,no
jusan.kz,xn--juan-rdc.kz,homoglyph,,no
jusan.kz,xn--juan-rxb.kz,homoglyph,,no
jusan.kz,xn--juan-w5a.kz,homoglyph,,no
jusan.kz,xn--juar-1h5a.kz,homoglyph,,no
jusan.kz,xn--juar-65a.kz,homoglyph,,no
jusan.kz,xn--juar-ci5a.kz,homoglyph,,no
jusan.kz,xn--juar-h6a.kz,homoglyph,,no
jusan.kz,xn--juar-hg8o.kz,homoglyph,,no
jusan.kz,xn--juar-m5a.kz,homoglyph,,no
jusan.kz,xn--juar-rdc.kz,homoglyph,,no
jusan.kz,xn--juar-rxb.kz,homoglyph,,no
jusan.kz,xn--juar-w5a.kz,homoglyph,,no
jusan.kz,xn--jun-1za40h.kz,homoglyph,,no
jusan.kz,xn--jun-1za41j.kz,homoglyph,,no
jusan.kz,xn--jun-1za4558a.kz,homoglyph,,no
jusan.kz,xn--jun-1za45j.kz,homoglyph,,no
jusan.kz,xn--jun-1za95c.kz,homoglyph,,no
jusan.kz,xn--jun-2lb4367a.kz,homoglyph,,no
jusan.kz,xn--jun-2lb43a.kz,homoglyph,,no
jusan.kz,xn--jun-2lb4e.kz,homoglyph,,no
jusan.kz,xn--jun-2lb4z.kz,homoglyph,,no
jusan.kz,xn--jun-2oa3178a.kz,homoglyph,,no
jusan.kz,xn--jun-2oa31l.kz,homoglyph,,no
jusan.kz,xn--jun-2oa3278a.kz,homoglyph,,no
jusan.kz,xn--jun-2oa3383s.kz,homoglyph,,no
jusan.kz,xn--jun-2oa36b.kz,homoglyph,,no
jusan.kz,xn--jun-2oa37b.kz,homoglyph,,no
jusan.kz,xn--jun-2oa38b.kz,homoglyph,,no
jusan.kz,xn--jun-2oa39b.kz,homoglyph,,no
jusan.kz,xn--jun-2oa83q.kz,homoglyph,,no
jusan.kz,xn--jun-2xb9017a.kz,homoglyph,,no
jusan.kz,xn--jun-bla30s.kz,homoglyph,,no
jusan.kz,xn--jun-bla82d.kz,homoglyph,,no
jusan.kz,xn--jun-bla83d.kz,homoglyph,,no
jusan.kz,xn--jun-bla84d.kz,homoglyph,,no
jusan.kz,xn--jun-bla85d.kz,homoglyph,,no
jusan.kz,xn--jun-bla8788a.kz,homoglyph,,no
jusan.kz,xn--jun-bla87m.kz,homoglyph,,no
jusan.kz,xn--jun-bla8888a.kz,homoglyph,,no
jusan.kz,xn--jun-bla8993s.kz,homoglyph,,no
jusan.kz,xn--jun-bpa3078a.kz,homoglyph,,no
jusan.kz,xn--jun-bpa30l.kz,homoglyph,,no
jusan.kz,xn--jun-bpa3178a.kz,homoglyph,,no
jusan.kz,xn--jun-bpa3283s.kz,homoglyph,,no
jusan.kz,xn--jun-bpa35b.kz,homoglyph,,no
jusan.kz,xn--jun-bpa36b.kz,homoglyph,,no
jusan.kz,xn--jun-bpa37b.kz,homoglyph,,no
jusan.kz,xn--jun-bpa38b.kz,homoglyph,,no
jusan.kz,xn--jun-bpa82q.kz,homoglyph,,no
jusan.kz,xn--jun-dza43h.kz,homoglyph,,no
jusan.kz,xn--jun-dza44j.kz,homoglyph,,no
jusan.kz,xn--jun-dza4858a.kz,homoglyph,,no
jusan.kz,xn--jun-dza48j.kz,homoglyph,,no
jusan.kz,xn--jun-dza98c.kz,homoglyph,,no
jusan.kz,xn--jun-etb3007a.kz,homoglyph,,no
jusan.kz,xn--jun-etb3112s.kz,homoglyph,,no
jusan.kz,xn--jun-etb3996a.kz,homoglyph,,no
jusan.kz,xn--jun-etb8r.kz,homoglyph,,no
jusan.kz,xn--jun-fla32d.kz,homoglyph,,no
jusan.kz,xn--jun-fla33d.kz,homoglyph,,no
jusan.kz,xn--jun-fla34d.kz,homoglyph,,no
jusan.kz,xn--jun-fla35d.kz,homoglyph,,no
jusan.kz,xn--jun-fla3788a.kz,homoglyph,,no
jusan.kz,xn--jun-fla37m.kz,homoglyph,,no
jusan.kz,xn--jun-fla3888a.kz,homoglyph,,no
jusan.kz,xn--jun-fla3993s.kz,homoglyph,,no
jusan.kz,xn--jun-fla89r.kz,homoglyph,,no
jusan.kz,xn--jun-hsb3307a.kz,homoglyph,,no
jusan.kz,xn--jun-hsb3407a.kz,homoglyph,,no
jusan.kz,xn--jun-hsb3512s.kz,homoglyph,,no
jusan.kz,xn--jun-hsb8v.kz,homoglyph,,no
jusan.kz,xn--jun-i8yup.kz,homoglyph,,no
jusan.kz,xn--jun-idb31g.kz,homoglyph,,no
jusan.kz,xn--jun-idb8082s.kz,homoglyph,,no
jusan.kz,xn--jun-idb8867a.kz,homoglyph,,no
jusan.kz,xn--jun-idb88a.kz,homoglyph,,no
jusan.kz,xn--jun-idb8967a.kz,homoglyph,,no
jusan.kz,xn--jun-jla39r.kz,homoglyph,,no
jusan.kz,xn--jun-jla81d.kz,homoglyph,,no
jusan.kz,xn--jun-jla82d.kz,homoglyph,,no
jusan.kz,xn--jun-jla83d.kz,homoglyph,,no
jusan.kz,xn--jun-jla84d.kz,homoglyph,,no
jusan.kz,xn--jun-jla8688a.kz,homoglyph,,no
jusan.kz,xn--jun-jla86m.kz,homoglyph,,no
jusan.kz,xn--jun-jla8788a.kz,homoglyph,,no
jusan.kz,xn--jun-jla8893s.kz,homoglyph,,no
jusan.kz,xn--jun-jpa3078a.kz,homoglyph,,no
jusan.kz,xn--jun-jpa3183s.kz,homoglyph,,no
jusan.kz,xn--jun-jpa34b.kz,homoglyph,,no
jusan.kz,xn--jun-jpa35b.kz,homoglyph,,no
jusan.kz,xn--jun-jpa36b.kz,homoglyph,,no
jusan.kz,xn--jun-jpa37b.kz,homoglyph,,no
jusan.kz,xn--jun-jpa3968a.kz,homoglyph,,no
jusan.kz,xn--jun-jpa39k.kz,homoglyph,,no
jusan.kz,xn--jun-jpa81q.kz,homoglyph,,no
jusan.kz,xn--jun-lza42h.kz,homoglyph,,no
jusan.kz,xn--jun-lza43j.kz,homoglyph,,no
jusan.kz,xn--jun-lza4758a.kz,homoglyph,,no
jusan.kz,xn--jun-lza47j.kz,homoglyph,,no
jusan.kz,xn--jun-lza97c.kz,homoglyph,,no
jusan.kz,xn--jun-nla31d.kz,homoglyph,,no
jusan.kz,xn--jun-nla32d.kz,homoglyph,,no
jusan.kz,xn--jun-nla33d.kz,homoglyph,,no
jusan.kz,xn--jun-nla34d.kz,homoglyph,,no
jusan.kz,xn--jun-nla3688a.kz,homoglyph,,no
jusan.kz,xn--jun-nla36m.kz,homoglyph,,no
jusan.kz,xn--jun-nla3788a.kz,homoglyph,,no
jusan.kz,xn--jun-nla3893s.kz,homoglyph,,no
jusan.kz,xn--jun-nla88r.kz,homoglyph,,no
jusan.kz,xn--jun-onb3427a.kz,homoglyph,,no
jusan.kz,xn--jun-onb3527a.kz,homoglyph,,no
jusan.kz,xn--jun-onb3632s.kz,homoglyph,,no
jusan.kz,xn--jun-onb86b.kz,homoglyph,,no
jusan.kz,xn--jun-q8y4o.kz,homoglyph,,no
jusan.kz,xn--jun-rla38r.kz,homoglyph,,no
jusan.kz,xn--jun-rla80d.kz,homoglyph,,no
jusan.kz,xn--jun-rla81d.kz,homoglyph,,no
jusan.kz,xn--jun-rla82d.kz,homoglyph,,no
jusan.kz,xn--jun-rla83d.kz,homoglyph,,no
jusan.kz,xn--jun-rla8588a.kz,homoglyph,,no
jusan.kz,xn--jun-rla85m.kz,homoglyph,,no
jusan.kz,xn--jun-rla8688a.kz,homoglyph,,no
jusan.kz,xn--jun-rla8793s.kz,homoglyph,,no
jusan.kz,xn--jun-tgzq734f.kz,homoglyph,,no
jusan.kz,xn--jun-tza41h.kz,homoglyph,,no
jusan.kz,xn--jun-tza42j.kz,homoglyph,,no
jusan.kz,xn--jun-tza4658a.kz,homoglyph,,no
jusan.kz,xn--jun-tza46j.kz,homoglyph,,no
jusan.kz,xn--jun-tza96c.kz,homoglyph,,no
jusan.kz,xn--jun-vla30d.kz,homoglyph,,no
jusan.kz,xn--jun-vla31d.kz,homoglyph,,no
jusan.kz,xn--jun-vla32d.kz,homoglyph,,no
jusan.kz,xn--jun-vla33d.kz,homoglyph,,no
jusan.kz,xn--jun-vla3588a.kz,homoglyph,,no
jusan.kz,xn--jun-vla35m.kz,homoglyph,,no
jusan.kz,xn--jun-vla3688a.kz,homoglyph,,no
jusan.kz,xn--jun-vla3793s.kz,homoglyph,,no
jusan.kz,xn--jun-vla87r.kz,homoglyph,,no
jusan.kz,xn--jus-3oa4134s.kz,homoglyph,,no
jusan.kz,xn--jus-3oa45j.kz,homoglyph,,no
jusan.kz,xn--jus-3oa4758a.kz,homoglyph,,no
jusan.kz,xn--jus-3oa4858a.kz,homoglyph,,no
jusan.kz,xn--jus-3oa48a.kz,homoglyph,,no
jusan.kz,xn--jus-3oa4958a.kz,homoglyph,,no
jusan.kz,xn--jus-3oa94a.kz,homoglyph,,no
jusan.kz,xn--jus-3oa95a.kz,homoglyph,,no
jusan.kz,xn--jus-3oa96a.kz,homoglyph,,no
jusan.kz,xn--jus-7wa38d.kz,homoglyph,,no
jusan.kz,xn--jus-7wa82i.kz,homoglyph,,no
jusan.kz,xn--jus-7wa83k.kz,homoglyph,,no
jusan.kz,xn--jus-7wa8768a.kz,homoglyph,,no
jusan.kz,xn--jus-7wa87k.kz,homoglyph,,no
jusan.kz,xn--jus-9ma3119a.kz,homoglyph,,no
jusan.kz,xn--jus-9ma31p.kz,homoglyph,,no
jusan.kz,xn--jus-9ma36m.kz,homoglyph,,no
jusan.kz,xn--jus-9ma37o.kz,homoglyph,,no
jusan.kz,xn--jus-9ma3f.kz,homoglyph,,no
jusan.kz,xn--jus-9ma3g.kz,homoglyph,,no
jusan.kz,xn--jus-9ma3h.kz,homoglyph,,no
jusan.kz,xn--jus-9ma81i.kz,homoglyph,,no
jusan.kz,xn--jus-c5ytw.kz,homoglyph,,no
jusan.kz,xn--jus-cla41c.kz,homoglyph,,no
jusan.kz,xn--jus-cla42c.kz,homoglyph,,no
jusan.kz,xn--jus-cla43c.kz,homoglyph,,no
jusan.kz,xn--jus-cla91l.kz,homoglyph,,no
jusan.kz,xn--jus-cla9378a.kz,homoglyph,,no
jusan.kz,xn--jus-cla9478a.kz,homoglyph,,no
jusan.kz,xn--jus-cla94c.kz,homoglyph,,no
jusan.kz,xn--jus-cla9578a.kz,homoglyph,,no
jusan.kz,xn--jus-cla9744s.kz,homoglyph,,no
jusan.kz,xn--jus-cla9f.kz,homoglyph,,no
jusan.kz,xn--jus-cpa4034s.kz,homoglyph,,no
jusan.kz,xn--jus-cpa44j.kz,homoglyph,,no
jusan.kz,xn--jus-cpa4658a.kz,homoglyph,,no
jusan.kz,xn--jus-cpa4758a.kz,homoglyph,,no
jusan.kz,xn--jus-cpa47a.kz,homoglyph,,no
jusan.kz,xn--jus-cpa4858a.kz,homoglyph,,no
jusan.kz,xn--jus-cpa93a.kz,homoglyph,,no
jusan.kz,xn--jus-cpa94a.kz,homoglyph,,no
jusan.kz,xn--jus-cpa95a.kz,homoglyph,,no
jusan.kz,xn--jus-ftb4586a.kz,homoglyph,,no
jusan.kz,xn--jus-ftb4686a.kz,homoglyph,,no
jusan.kz,xn--jus-ftb4786a.kz,homoglyph,,no
jusan.kz,xn--jus-ftb4952s.kz,homoglyph,,no
jusan.kz,xn--jus-gib35b.kz,homoglyph,,no
jusan.kz,xn--jus-gib3977a.kz,homoglyph,,no
jusan.kz,xn--jus-gib39b.kz,homoglyph,,no
jusan.kz,xn--jus-gib3u.kz,homoglyph,,no
jusan.kz,xn--jus-gla41l.kz,homoglyph,,no
jusan.kz,xn--jus-gla4378a.kz,homoglyph,,no
jusan.kz,xn--jus-gla4478a.kz,homoglyph,,no
jusan.kz,xn--jus-gla44c.kz,homoglyph,,no
jusan.kz,xn--jus-gla4578a.kz,homoglyph,,no
jusan.kz,xn--jus-gla4744s.kz,homoglyph,,no
jusan.kz,xn--jus-gla4f.kz,homoglyph,,no
jusan.kz,xn--jus-gla90c.kz,homoglyph,,no
jusan.kz,xn--jus-gla91c.kz,homoglyph,,no
jusan.kz,xn--jus-gla92c.kz,homoglyph,,no
jusan.kz,xn--jus-isb4096a.kz,homoglyph,,no
jusan.kz,xn--jus-isb4196a.kz,homoglyph,,no
jusan.kz,xn--jus-isb4362s.kz,homoglyph,,no
jusan.kz,xn--jus-isb4986a.kz,homoglyph,,no
jusan.kz,xn--jus-jdb9457a.kz,homoglyph,,no
jusan.kz,xn--jus-jdb9557a.kz,homoglyph,,no
jusan.kz,xn--jus-jdb9657a.kz,homoglyph,,no
jusan.kz,xn--jus-jdb9823s.kz,homoglyph,,no
jusan.kz,xn--jus-jdb9s.kz,homoglyph,,no
jusan.kz,xn--jus-k5y3v.kz,homoglyph,,no
jusan.kz,xn--jus-kla40c.kz,homoglyph,,no
jusan.kz,xn--jus-kla41c.kz,homoglyph,,no
jusan.kz,xn--jus-kla42c.kz,homoglyph,,no
jusan.kz,xn--jus-kla90l.kz,homoglyph,,no
jusan.kz,xn--jus-kla9278a.kz,homoglyph,,no
jusan.kz,xn--jus-kla9378a.kz,homoglyph,,no
jusan.kz,xn--jus-kla93c.kz,homoglyph,,no
jusan.kz,xn--jus-kla9478a.kz,homoglyph,,no
jusan.kz,xn--jus-kla9644s.kz,homoglyph,,no
jusan.kz,xn--jus-kla9e.kz,homoglyph,,no
jusan.kz,xn--jus-kpa43j.kz,homoglyph,,no
jusan.kz,xn--jus-kpa4558a.kz,homoglyph,,no
jusan.kz,xn--jus-kpa4658a.kz,homoglyph,,no
jusan.kz,xn--jus-kpa46a.kz,homoglyph,,no
jusan.kz,xn--jus-kpa4758a.kz,homoglyph,,no
jusan.kz,xn--jus-kpa4924s.kz,homoglyph,,no
jusan.kz,xn--jus-kpa92a.kz,homoglyph,,no
jusan.kz,xn--jus-kpa93a.kz,homoglyph,,no
jusan.kz,xn--jus-kpa94a.kz,homoglyph,,no
jusan.kz,xn--jus-kxa31i.kz,homoglyph,,no
jusan.kz,xn--jus-kxa32k.kz,homoglyph,,no
jusan.kz,xn--jus-kxa3668a.kz,homoglyph,,no
jusan.kz,xn--jus-kxa36k.kz,homoglyph,,no
jusan.kz,xn--jus-kxa86d.kz,homoglyph,,no
jusan.kz,xn--jus-ola40l.kz,homoglyph,,no
jusan.kz,xn--jus-ola4278a.kz,homoglyph,,no
jusan.kz,xn--jus-ola4378a.kz,homoglyph,,no
jusan.kz,xn--jus-ola43c.kz,homoglyph,,no
jusan.kz,xn--jus-ola4478a.kz,homoglyph,,no
jusan.kz,xn--jus-ola4644s.kz,homoglyph,,no
jusan.kz,xn--jus-ola4e.kz,homoglyph,,no
jusan.kz,xn--jus-ola90c.kz,homoglyph,,no
jusan.kz,xn--jus-ola91c.kz,homoglyph,,no
jusan.kz,xn--jus-ola99b.kz,homoglyph,,no
jusan.kz,xn--jus-pnb4017a.kz,homoglyph,,no
jusan.kz,xn--jus-pnb4117a.kz,homoglyph,,no
jusan.kz,xn--jus-pnb4217a.kz,homoglyph,,no
jusan.kz,xn--jus-pnb4482s.kz,homoglyph,,no
jusan.kz,xn--jus-rwa30e.kz,homoglyph,,no
jusan.kz,xn--jus-rwa84i.kz,homoglyph,,no
jusan.kz,xn--jus-rwa85k.kz,homoglyph,,no
jusan.kz,xn--jus-rwa8968a.kz,homoglyph,,no
jusan.kz,xn--jus-rwa89k.kz,homoglyph,,no
jusan.kz,xn--jus-s5ytv.kz,homoglyph,,no
jusan.kz,xn--jus-sla40c.kz,homoglyph,,no
jusan.kz,xn--jus-sla41c.kz,homoglyph,,no
jusan.kz,xn--jus-sla49b.kz,homoglyph,,no
jusan.kz,xn--jus-sla9178a.kz,homoglyph,,no
jusan.kz,xn--jus-sla9278a.kz,homoglyph,,no
jusan.kz,xn--jus-sla92c.kz,homoglyph,,no
jusan.kz,xn--jus-sla9378a.kz,homoglyph,,no
jusan.kz,xn--jus-sla9544s.kz,homoglyph,,no
jusan.kz,xn--jus-sla99k.kz,homoglyph,,no
jusan.kz,xn--jus-sla9d.kz,homoglyph,,no
jusan.kz,xn--jus-ugz9954f.kz,homoglyph,,no
jusan.kz,xn--jus-wla4178a.kz,homoglyph,,no
jusan.kz,xn--jus-wla4278a.kz,homoglyph,,no
jusan.kz,xn--jus-wla42c.kz,homoglyph,,no
jusan.kz,xn--jus-wla4378a.kz,homoglyph,,no
jusan.kz,xn--jus-wla4544s.kz,homoglyph,,no
jusan.kz,xn--jus-wla49k.kz,homoglyph,,no
jusan.kz,xn--jus-wla4d.kz,homoglyph,,no
jusan.kz,xn--jus-wla90c.kz,homoglyph,,no
jusan.kz,xn--jus-wla98b.kz,homoglyph,,no
jusan.kz,xn--jus-wla99b.kz,homoglyph,,no
jusan.kz,xn--jus-zwa39d.kz,homoglyph,,no
jusan.kz,xn--jus-zwa83i.kz,homoglyph,,no
jusan.kz,xn--jus-zwa84k.kz,homoglyph,,no
jusan.kz,xn--jus-zwa8868a.kz,homoglyph,,no
jusan.kz,xn--jus-zwa88k.kz,homoglyph,,no
jusan.kz,xn--jusa-34a.kz,homoglyph,,no
jusan.kz,xn--jusa-3cc.kz,homoglyph,,no
jusan.kz,xn--jusa-3d5a.kz,homoglyph,,no
jusan.kz,xn--jusa-84b.kz,homoglyph,,no
jusan.kz,xn--jusa-8c5a.kz,homoglyph,,no
jusan.kz,xn--jusa-8cc.kz,homoglyph,,no
jusan.kz,xn--jusa-8g5a.kz,homoglyph,,no
jusan.kz,xn--jusa-8sb.kz,homoglyph,,no
jusan.kz,xn--jusa-8t8o.kz,homoglyph,,no
jusan.kz,xn--jusa-e2a.kz,homoglyph,,no
jusan.kz,xn--jusa-e3a.kz,homoglyph,,no
jusan.kz,xn--jusa-e5a.kz,homoglyph,,no
jusan.kz,xn--jusa-ebc.kz,homoglyph,,no
jusan.kz,xn--jusa-ee5a.kz,homoglyph,,no
jusan.kz,xn--jusa-j33a.kz,homoglyph,,no
jusan.kz,xn--jusa-jd5a.kz,homoglyph,,no
jusan.kz,xn--jusa-jdc.kz,homoglyph,,no
jusan.kz,xn--jusa-jqa.kz,homoglyph,,no
jusan.kz,xn--jusa-o2a.kz,homoglyph,,no
jusan.kz,xn--jusa-oe5a.kz,homoglyph,,no
jusan.kz,xn--jusa-owb.kz,homoglyph,,no
jusan.kz,xn--jusa-t4a.kz,homoglyph,,no
jusan.kz,xn--jusa-td5a.kz,homoglyph,,no
jusan.kz,xn--jusa-th5a.kz,homoglyph,,no
jusan.kz,xn--jusa-y2a.kz,homoglyph,,no
jusan.kz,xn--jusa-ycc.kz,homoglyph,,no
jusan.kz,xn--jusa-yg5a.kz,homoglyph,,no
jusan.kz,xn--jusa-ywb.kz,homoglyph,,no
jusan.kz,xn--jusm-2mb.kz,homoglyph,,no
jusan.kz,xn--jusm-2na.kz,homoglyph,,no
jusan.kz,xn--jusm-2sa.kz,homoglyph,,no
jusan.kz,xn--jusm-7na.kz,homoglyph,,no
jusan.kz,xn--jusm-7q5a.kz,homoglyph,,no
jusan.kz,xn--jusm-doa.kz,homoglyph,,no
jusan.kz,xn--jusm-dta.kz,homoglyph,,no
jusan.kz,xn--jusm-ioa.kz,homoglyph,,no
jusan.kz,xn--jusm-noa.kz,homoglyph,,no
jusan.kz,xn--jusm-s5b.kz,homoglyph,,no
jusan.kz,xn--jusm-soa.kz,homoglyph,,no
jusan.kz,xn--jusm-ssa.kz,homoglyph,,no
jusan.kz,xn--jusm-szb.kz,homoglyph,,no
jusan.kz,xn--jusm-x6b.kz,homoglyph,,no
jusan.kz,xn--jusn-2mb.kz,homoglyph,,no
jusan.kz,xn--jusn-2na.kz,homoglyph,,no
jusan.kz,xn--jusn-2sa.kz,homoglyph,,no
jusan.kz,xn--jusn-7na.kz,homoglyph,,no
jusan.kz,xn--jusn-7q5a.kz,homoglyph,,no
jusan.kz,xn--jusn-doa.kz,homoglyph,,no
jusan.kz,xn--jusn-dta.kz,homoglyph,,no
jusan.kz,xn--jusn-ioa.kz,homoglyph,,no
jusan.kz,xn--jusn-noa.kz,homoglyph,,no
jusan.kz,xn--jusn-s5b.kz,homoglyph,,no
jusan.kz,xn--jusn-soa.kz,homoglyph,,no
jusan.kz,xn--jusn-ssa.kz,homoglyph,,no
jusan.kz,xn--jusn-szb.kz,homoglyph,,no
jusan.kz,xn--jusn-x6b.kz,homoglyph,,no
jusan.kz,xn--jusr-2mb.kz,homoglyph,,no
jusan.kz,xn--jusr-2na.kz,homoglyph,,no
jusan.kz,xn--jusr-2sa.kz,homoglyph,,no
jusan.kz,xn--jusr-7na.kz,homoglyph,,no
jusan.kz,xn--jusr-7q5a.kz,homoglyph,,no
jusan.kz,xn--jusr-doa.kz,homoglyph,,no
jusan.kz,xn--jusr-dta.kz,homoglyph,,no
jusan.kz,xn--jusr-ioa.kz,homoglyph,,no
jusan.kz,xn--jusr-noa.kz,homoglyph,,no
jusan.kz,xn--jusr-s5b.kz,homoglyph,,no
jusan.kz,xn--jusr-soa.kz,homoglyph,,no
jusan.kz,xn--jusr-ssa.kz,homoglyph,,no
jusan.kz,xn--jusr-szb.kz,homoglyph,,no
jusan.kz,xn--jusr-x6b.kz,homoglyph,,no
jusan.kz,xn--jvan-1h5a.kz,homoglyph,,no
jusan.kz,xn--jvan-65a.kz,homoglyph,,no
jusan.kz,xn--jvan-ci5a.kz,homoglyph,,no
jusan.kz,xn--jvan-h6a.kz,homoglyph,,no
jusan.kz,xn--jvan-hg8o.kz,homoglyph,,no
jusan.kz,xn--jvan-m5a.kz,homoglyph,,no
jusan.kz,xn--jvan-rdc.kz,homoglyph,,no
jusan.kz,xn--jvan-rxb.kz,homoglyph,,no
jusan.kz,xn--jvan-w5a.kz,homoglyph,,no
jusan.kz,xn--jvsa-3d5a.kz,homoglyph,,no
jusan.kz,xn--jvsa-8sb.kz,homoglyph,,no
jusan.kz,xn--jvsa-8t8o.kz,homoglyph,,no
jusan.kz,xn--jvsa-e2a.kz,homoglyph,,no
jusan.kz,xn--jvsa-e3a.kz,homoglyph,,no
jusan.kz,xn--jvsa-ee5a.kz,homoglyph,,no
jusan.kz,xn--jvsa-jqa.kz,homoglyph,,no
jusan.kz,xn--jvsa-o2a.kz,homoglyph,,no
jusan.kz,xn--jvsa-oe5a.kz,homoglyph,,no
jusan.kz,xn--jvsa-y2a.kz,homoglyph,,no
jusan.kz,xn--jvsn-2mb.kz,homoglyph,,no
jusan.kz,xn--jvsn-2na.kz,homoglyph,,no
jusan.kz,xn--jvsn-2sa.kz,homoglyph,,no
jusan.kz,xn--jvsn-7na.kz,homoglyph,,no
jusan.kz,xn--jvsn-7q5a.kz,homoglyph,,no
jusan.kz,xn--jvsn-doa.kz,homoglyph,,no
jusan.kz,xn--jvsn-dta.kz,homoglyph,,no
jusan.kz,xn--jvsn-ioa.kz,homoglyph,,no
jusan.kz,xn--jvsn-noa.kz,homoglyph,,no
jusan.kz,xn--jvsn-s5b.kz,homoglyph,,no
jusan.kz,xn--jvsn-soa.kz,homoglyph,,no
jusan.kz,xn--jvsn-ssa.kz,homoglyph,,no
jusan.kz,xn--jvsn-szb.kz,homoglyph,,no
jusan.kz,xn--jvsn-x6b.kz,homoglyph,,no
jusan.kz,xn--san-08a33a.kz,homoglyph,,no
jusan.kz,xn--san-08a87e.kz,homoglyph,,no
jusan.kz,xn--san-08a89i.kz,homoglyph,,no
jusan.kz,xn--san-11a30m.kz,homoglyph,,no
jusan.kz,xn--san-11a38h.kz,homoglyph,,no
jusan.kz,xn--san-11a83d.kz,homoglyph,,no
jusan.kz,xn--san-30b4137a.kz,homoglyph,,no
jusan.kz,xn--san-30b9205a.kz,homoglyph,,no
jusan.kz,xn--san-3na31a.kz,homoglyph,,no
jusan.kz,xn--san-3na31s.kz,homoglyph,,no
jusan.kz,xn--san-3na39n.kz,homoglyph,,no
jusan.kz,xn--san-3na84j.kz,homoglyph,,no
jusan.kz,xn--san-40a32i.kz,homoglyph,,no
jusan.kz,xn--san-40a34m.kz,homoglyph,,no
jusan.kz,xn--san-40a87d.kz,homoglyph,,no
jusan.kz,xn--san-4db3l.kz,homoglyph,,no
jusan.kz,xn--san-4db81h.kz,homoglyph,,no
jusan.kz,xn--san-4db89c.kz,homoglyph,,no
jusan.kz,xn--san-7na34j.kz,homoglyph,,no
jusan.kz,xn--san-7na80a.kz,homoglyph,,no
jusan.kz,xn--san-7na80s.kz,homoglyph,,no
jusan.kz,xn--san-7na88n.kz,homoglyph,,no
jusan.kz,xn--san-chb4985a.kz,homoglyph,,no
jusan.kz,xn--san-chb9718a.kz,homoglyph,,no
jusan.kz,xn--san-chb97e.kz,homoglyph,,no
jusan.kz,xn--san-chb9p.kz,homoglyph,,no
jusan.kz,xn--san-chb9q.kz,homoglyph,,no
jusan.kz,xn--san-coa30a.kz,homoglyph,,no
jusan.kz,xn--san-coa30s.kz,homoglyph,,no
jusan.kz,xn--san-coa38n.kz,homoglyph,,no
jusan.kz,xn--san-coa83j.kz,homoglyph,,no
jusan.kz,xn--san-d1a31i.kz,homoglyph,,no
jusan.kz,xn--san-d1a33m.kz,homoglyph,,no
jusan.kz,xn--san-d1a86d.kz,homoglyph,,no
jusan.kz,xn--san-goa33j.kz,homoglyph,,no
jusan.kz,xn--san-goa87n.kz,homoglyph,,no
jusan.kz,xn--san-goa89r.kz,homoglyph,,no
jusan.kz,xn--san-goa8z.kz,homoglyph,,no
jusan.kz,xn--san-irb4377a.kz,homoglyph,,no
jusan.kz,xn--san-irb43a.kz,homoglyph,,no
jusan.kz,xn--san-irb9445a.kz,homoglyph,,no
jusan.kz,xn--san-klb39d.kz,homoglyph,,no
jusan.kz,xn--san-klb3x.kz,homoglyph,,no
jusan.kz,xn--san-l1a30i.kz,homoglyph,,no
jusan.kz,xn--san-l1a32m.kz,homoglyph,,no
jusan.kz,xn--san-l1a85d.kz,homoglyph,,no
jusan.kz,xn--san-slb38d.kz,homoglyph,,no
jusan.kz,xn--san-slb3w.kz,homoglyph,,no
jusan.kz,xn--san-t1a31m.kz,homoglyph,,no
jusan.kz,xn--san-t1a39h.kz,homoglyph,,no
jusan.kz,xn--san-t1a84d.kz,homoglyph,,no
jusan.kz,xn--san-tyb3h.kz,homoglyph,,no
jusan.kz,xn--san-w0a33i.kz,homoglyph,,no
jusan.kz,xn--san-w0a35m.kz,homoglyph,,no
jusan.kz,xn--san-w0a88d.kz,homoglyph,,no
jusan.kz,xn--san-yua40a.kz,homoglyph,,no
jusan.kz,xn--san-yua4119a.kz,homoglyph,,no
jusan.kz,xn--san-yua41a.kz,homoglyph,,no
jusan.kz,xn--san-yua41o.kz,homoglyph,,no
jusan.kz,xn--san-yua42a.kz,homoglyph,,no
jusan.kz,xn--san-yua43i.kz,homoglyph,,no
jusan.kz,xn--san-yua44i.kz,homoglyph,,no
jusan.kz,xn--san-yua4x.kz,homoglyph,,no
jusan.kz,xn--san-yua4y.kz,homoglyph,,no
jusan.kz,xn--san-yua4z.kz,homoglyph,,no
jusan.kz,xn--san-yua90f.kz,homoglyph,,no
jusan.kz,xn--san-yua9286a.kz,homoglyph,,no
jusan.kz,xn--san-yua92d.kz,homoglyph,,no
jusan.kz,xn--uan-0za27i.kz,homoglyph,,no
jusan.kz,xn--uan-0za29m.kz,homoglyph,,no
jusan.kz,xn--uan-0za72e.kz,homoglyph,,no
jusan.kz,xn--uan-1lb27d.kz,homoglyph,,no
jusan.kz,xn--uan-1lb2v.kz,homoglyph,,no
jusan.kz,xn--uan-1xb7k.kz,homoglyph,,no
jusan.kz,xn--uan-30b5566a.kz,homoglyph,,no
jusan.kz,xn--uan-30b5666a.kz,homoglyph,,no
jusan.kz,xn--uan-30b5771s.kz,homoglyph,,no
jusan.kz,xn--uan-chb0257a.kz,homoglyph,,no
jusan.kz,xn--uan-chb0357a.kz,homoglyph,,no
jusan.kz,xn--uan-chb0462s.kz,homoglyph,,no
jusan.kz,xn--uan-chb0s.kz,homoglyph,,no
jusan.kz,xn--uan-chb54e.kz,homoglyph,,no
jusan.kz,xn--uan-cza20j.kz,homoglyph,,no
jusan.kz,xn--uan-cza22n.kz,homoglyph,,no
jusan.kz,xn--uan-cza75e.kz,homoglyph,,no
jusan.kz,xn--uan-irb00a.kz,homoglyph,,no
jusan.kz,xn--uan-irb5707a.kz,homoglyph,,no
jusan.kz,xn--uan-irb5807a.kz,homoglyph,,no
jusan.kz,xn--uan-irb5912s.kz,homoglyph,,no
jusan.kz,xn--uan-kza21n.kz,homoglyph,,no
jusan.kz,xn--uan-kza29i.kz,homoglyph,,no
jusan.kz,xn--uan-kza74e.kz,homoglyph,,no
jusan.kz,xn--uan-sza20n.kz,homoglyph,,no
jusan.kz,xn--uan-sza28i.kz,homoglyph,,no
jusan.kz,xn--uan-sza73e.kz,homoglyph,,no
jusan.kz,xn--uan-yua08n.kz,homoglyph,,no
jusan.kz,xn--uan-yua5548a.kz,homoglyph,,no
jusan.kz,xn--uan-yua55i.kz,homoglyph,,no
jusan.kz,xn--uan-yua5648a.kz,homoglyph,,no
jusan.kz,xn--uan-yua5753s.kz,homoglyph,,no
jusan.kz,xn--uan-yua5q.kz,homoglyph,,no
jusan.kz,xn--uan-yua5r.kz,homoglyph,,no
jusan.kz,xn--uan-yua5s.kz,homoglyph,,no
jusan.kz,xn--uan-yua5t.kz,homoglyph,,no
jusan.kz,xn--usa-30b7156a.kz,homoglyph,,no
jusan.kz,xn--usa-30b7256a.kz,homoglyph,,no
jusan.kz,xn--usa-30b7356a.kz,homoglyph,,no
jusan.kz,xn--usa-30b7522s.kz,homoglyph,,no
jusan.kz,xn--usa-7wa05f.kz,homoglyph,,no
jusan.kz,xn--usa-7wa51o.kz,homoglyph,,no
jusan.kz,xn--usa-7wa59j.kz,homoglyph,,no
jusan.kz,xn--usa-9ma03o.kz,homoglyph,,no
jusan.kz,xn--usa-9ma05a.kz,homoglyph,,no
jusan.kz,xn--usa-9ma05s.kz,homoglyph,,no
jusan.kz,xn--usa-9ma58j.kz,homoglyph,,no
jusan.kz,xn--usa-chb2047a.kz,homoglyph,,no
jusan.kz,xn--usa-chb2213s.kz,homoglyph,,no
jusan.kz,xn--usa-chb2837a.kz,homoglyph,,no
jusan.kz,xn--usa-chb2937a.kz,homoglyph,,no
jusan.kz,xn--usa-chb2c.kz,homoglyph,,no
jusan.kz,xn--usa-gib01b.kz,homoglyph,,no
jusan.kz,xn--usa-gib03f.kz,homoglyph,,no
jusan.kz,xn--usa-irb7396a.kz,homoglyph,,no
jusan.kz,xn--usa-irb7496a.kz,homoglyph,,no
jusan.kz,xn--usa-irb7596a.kz,homoglyph,,no
jusan.kz,xn--usa-irb7762s.kz,homoglyph,,no
jusan.kz,xn--usa-kxa00o.kz,homoglyph,,no
jusan.kz,xn--usa-kxa08j.kz,homoglyph,,no
jusan.kz,xn--usa-kxa53f.kz,homoglyph,,no
jusan.kz,xn--usa-rwa07f.kz,homoglyph,,no
jusan.kz,xn--usa-rwa51k.kz,homoglyph,,no
jusan.kz,xn--usa-rwa53o.kz,homoglyph,,no
jusan.kz,xn--usa-yua2f.kz,homoglyph,,no
jusan.kz,xn--usa-yua2g.kz,homoglyph,,no
jusan.kz,xn--usa-yua2h.kz,homoglyph,,no
jusan.kz,xn--usa-yua7138a.kz,homoglyph,,no
jusan.kz,xn--usa-yua7238a.kz,homoglyph,,no
jusan.kz,xn--usa-yua7338a.kz,homoglyph,,no
jusan.kz,xn--usa-yua7504s.kz,homoglyph,,no
jusan.kz,xn--usa-yua79g.kz,homoglyph,,no
jusan.kz,xn--usa-yua7i.kz,homoglyph,,no
jusan.kz,xn--usa-zwa06f.kz,homoglyph,,no
jusan.kz,xn--usa-zwa50k.kz,homoglyph,,no
jusan.kz,xn--usa-zwa52o.kz,homoglyph,,no
jusan.kz,xn--usam-4za.kz,homoglyph,,no
jusan.kz,xn--usam-k4b.kz,homoglyph,,no
jusan.kz,xn--usam-khc.kz,homoglyph,,no
jusan.kz,xn--usam-urb.kz,homoglyph,,no
jusan.kz,xn--usan-4za.kz,homoglyph,,no
jusan.kz,xn--usan-k4b.kz,homoglyph,,no
jusan.kz,xn--usan-khc.kz,homoglyph,,no
jusan.kz,xn--usan-urb.kz,homoglyph,,no
jusan.kz,xn--usar-4za.kz,homoglyph,,no
jusan.kz,xn--usar-k4b.kz,homoglyph,,no
jusan.kz,xn--usar-khc.kz,homoglyph,,no
jusan.kz,xn--usar-urb.kz,homoglyph,,no
jusan.kz,xn--usn-2oa15n.kz,homoglyph,,no
jusan.kz,xn--usn-2oa17r.kz,homoglyph,,no
jusan.kz,xn--usn-2oa1x.kz,homoglyph,,no
jusan.kz,xn--usn-2oa60j.kz,homoglyph,,no
jusan.kz,xn--usn-30b6796a.kz,homoglyph,,no
jusan.kz,xn--usn-bla17k.kz,homoglyph,,no
jusan.kz,xn--usn-bla61p.kz,homoglyph,,no
jusan.kz,xn--usn-bla63b.kz,homoglyph,,no
jusan.kz,xn--usn-bla63t.kz,homoglyph,,no
jusan.kz,xn--usn-bpa14n.kz,homoglyph,,no
jusan.kz,xn--usn-bpa16r.kz,homoglyph,,no
jusan.kz,xn--usn-bpa1w.kz,homoglyph,,no
jusan.kz,xn--usn-bpa69i.kz,homoglyph,,no
jusan.kz,xn--usn-chb10c.kz,homoglyph,,no
jusan.kz,xn--usn-chb1487a.kz,homoglyph,,no
jusan.kz,xn--usn-chb14c.kz,homoglyph,,no
jusan.kz,xn--usn-chb1z.kz,homoglyph,,no
jusan.kz,xn--usn-etb15a.kz,homoglyph,,no
jusan.kz,xn--usn-fla11p.kz,homoglyph,,no
jusan.kz,xn--usn-fla13b.kz,homoglyph,,no
jusan.kz,xn--usn-fla13t.kz,homoglyph,,no
jusan.kz,xn--usn-fla66k.kz,homoglyph,,no
jusan.kz,xn--usn-hsb19a.kz,homoglyph,,no
jusan.kz,xn--usn-idb1o.kz,homoglyph,,no
jusan.kz,xn--usn-idb62d.kz,homoglyph,,no
jusan.kz,xn--usn-idb64h.kz,homoglyph,,no
jusan.kz,xn--usn-irb6937a.kz,homoglyph,,no
jusan.kz,xn--usn-irb6b.kz,homoglyph,,no
jusan.kz,xn--usn-irb6f.kz,homoglyph,,no
jusan.kz,xn--usn-jla16k.kz,homoglyph,,no
jusan.kz,xn--usn-jla60p.kz,homoglyph,,no
jusan.kz,xn--usn-jla62b.kz,homoglyph,,no
jusan.kz,xn--usn-jla62t.kz,homoglyph,,no
jusan.kz,xn--usn-jpa13n.kz,homoglyph,,no
jusan.kz,xn--usn-jpa15r.kz,homoglyph,,no
jusan.kz,xn--usn-jpa1v.kz,homoglyph,,no
jusan.kz,xn--usn-jpa68i.kz,homoglyph,,no
jusan.kz,xn--usn-nla10p.kz,homoglyph,,no
jusan.kz,xn--usn-nla12b.kz,homoglyph,,no
jusan.kz,xn--usn-nla12t.kz,homoglyph,,no
jusan.kz,xn--usn-nla65k.kz,homoglyph,,no
jusan.kz,xn--usn-onb10d.kz,homoglyph,,no
jusan.kz,xn--usn-onb1o.kz,homoglyph,,no
jusan.kz,xn--usn-rla15k.kz,homoglyph,,no
jusan.kz,xn--usn-rla61b.kz,homoglyph,,no
jusan.kz,xn--usn-rla61t.kz,homoglyph,,no
jusan.kz,xn--usn-rla69o.kz,homoglyph,,no
jusan.kz,xn--usn-vla11b.kz,homoglyph,,no
jusan.kz,xn--usn-vla11t.kz,homoglyph,,no
jusan.kz,xn--usn-vla19o.kz,homoglyph,,no
jusan.kz,xn--usn-vla64k.kz,homoglyph,,no
jusan.kz,xn--usn-yua18e.kz,homoglyph,,no
jusan.kz,xn--usn-yua62j.kz,homoglyph,,no
jusan.kz,xn--usn-yua63l.kz,homoglyph,,no
jusan.kz,xn--usn-yua6778a.kz,homoglyph,,no
jusan.kz,xn--usn-yua67l.kz,homoglyph,,no
jusan.kz,xn--vsan-4za.kz,homoglyph,,no
jusan.kz,xn--vsan-k4b.kz,homoglyph,,no
jusan.kz,xn--vsan-khc.kz,homoglyph,,no
jusan.kz,xn--vsan-urb.kz,homoglyph,,no
jusan.kz,j-usan.kz,hyphenation,,no
jusan.kz,ju-san.kz,hyphenation,,no
jusan.kz,jus-an.kz,hyphenation,,no
jusan.kz,jusa-n.kz,hyphenation,,no
jusan.kz,hjusan.kz,insertion,,no
jusan.kz,ijusan.kz,insertion,,no
jusan.kz,j7usan.kz,insertion,,no
jusan.kz,j8usan.kz,insertion,,no
jusan.kz,jhusan.kz,insertion,,no
jusan.kz,jiusan.kz,insertion,,no
jusan.kz,jjusan.kz,insertion,,no
jusan.kz,jkusan.kz,insertion,,no
jusan.kz,jmusan.kz,insertion,,no
jusan.kz,jnusan.kz,insertion,,no
jusan.kz,ju7san.kz,insertion,,no
jusan.kz,ju8san.kz,insertion,,no
jusan.kz,juasan.kz,insertion,,no
jusan.kz,judsan.kz,insertion,,no
jusan.kz,juesan.kz,insertion,,no
jusan.kz,juhsan.kz,insertion,,no
jusan.kz,juisan.kz,insertion,,no
jusan.kz,jujsan.kz,insertion,,no
jusan.kz,juqsan.kz,insertion,,no
jusan.kz,jus1an.kz,insertion,,no
jusan.kz,jus2an.kz,insertion,,no
jusan.kz,jusa1n.kz,insertion,,no
jusan.kz,jusa2n.kz,insertion,,no
jusan.kz,jusaan.kz,insertion,,no
jusan.kz,jusaqn.kz,insertion,,no
jusan.kz,jusasn.kz,insertion,,no
jusan.kz,jusawn.kz,insertion,,no
jusan.kz,jusayn.kz,insertion,,no
jusan.kz,jusazn.kz,insertion,,no
jusan.kz,jusdan.kz,insertion,,no
jusan.kz,jusean.kz,insertion,,no
jusan.kz,jusqan.kz,insertion,,no
jusan.kz,jussan.kz,insertion,,no
jusan.kz,juswan.kz,insertion,,no
jusan.kz,jusxan.kz,insertion,,no
jusan.kz,jusyan.kz,insertion,,no
jusan.kz,juszan.kz,insertion,,no
jusan.kz,juusan.kz,insertion,,no
jusan.kz,juwsan.kz,insertion,,no
jusan.kz,juxsan.kz,insertion,,no
jusan.kz,juysan.kz,insertion,,no
jusan.kz,juzsan.kz,insertion,,no
jusan.kz,jyusan.kz,insertion,,no
jusan.kz,jzusan.kz,insertion,,no
jusan.kz,kjusan.kz,insertion,,no
jusan.kz,mjusan.kz,insertion,,no
jusan.kz,njusan.kz,insertion,,no
jusan.kz,ujusan.kz,insertion,,no
jusan.kz,jsan.kz,omission,,no
jusan.kz,juan.kz,omission,,no
jusan.kz,jusa.kz,omission,,no
jusan.kz,jusn.kz,omission,,no
jusan.kz,usan.kz,omission,,no
jusan.kz,jusesan.kz,plural,,no
jusan.kz,iusan.kz,replacement,,no
jusan.kz,j7san.kz,replacement,,no
jusan.kz,j8san.kz,replacement,,no
jusan.kz,jhsan.kz,replacement,,no
jusan.kz,jisan.kz,replacement,,no
jusan.kz,jjsan.kz,replacement,,no
jusan.kz,juaan.kz,replacement,,no
jusan.kz,judan.kz,replacement,,no
jusan.kz,juean.kz,replacement,,no
jusan.kz,jus1n.kz,replacement,,no
jusan.kz,jus2n.kz,replacement,,no
jusan.kz,jusab.kz,replacement,,no
jusan.kz,jusah.kz,replacement,,no
jusan.kz,jussn.kz,replacement,,no
jusan.kz,juswn.kz,replacement,,no
jusan.kz,jusyn.kz,replacement,,no
jusan.kz,juszn.kz,replacement,,no
jusan.kz,juxan.kz,replacement,,no
jusan.kz,juyan.kz,replacement,,no
jusan.kz,juzan.kz,replacement,,no
jusan.kz,jysan.kz,replacement,,no
jusan.kz,jzsan.kz,replacement,,no
jusan.kz,musan.kz,replacement,,no
jusan.kz,uusan.kz,replacement,,no
jusan.kz,j.usan.kz,subdomain,,no
jusan.kz,ju.san.kz,subdomain,,no
jusan.kz,jus.an.kz,subdomain,,no
jusan.kz,jsuan.kz,transposition,,no
jusan.kz,juasn.kz,transposition,,no
jusan.kz,jusna.kz,transposition,,no
jusan.kz,ujsan.kz,transposition,,no
jusan.kz,jusan-kz.com,various,,no
jusan.kz,jusankz.com,various,,no
jusan.kz,jusankz.kz,various,,no
jusan.kz,jasan.kz,vowel-swap,,no
jusan.kz,josan.kz,vowel-swap,,no
jusan.kz,juson.kz,vowel-swap,,no
jusan.kz,jusun.kz,vowel-swap,,no
kazpost.kz,kazpost0.kz,addition,,no
kazpost.kz,kazpost1.kz,addition,,no
kazpost.kz,kazpost2.kz,addition,,no
kazpost.kz,kazpost3.kz,addition,,no
kazpost.kz,kazpost4.kz,addition,,no
kazpost.kz,kazpost5.kz,addition,,no
kazpost.kz,kazpost6.kz,addition,,no
kazpost.kz,kazpost7.kz,addition,,no
kazpost.kz,kazpost8.kz,addition,,no
kazpost.kz,kazpost9.kz,addition,,no
kazpost.kz,kazposta.kz,addition,,no
kazpost.kz,kazpostb.kz,addition,,no
kazpost.kz,kazpostc.kz,addition,,no
kazpost.kz,kazpostd.kz,addition,,no
kazpost.kz,kazposte.kz,addition,,no
kazpost.kz,kazpostf.kz,addition,,no
kazpost.kz,kazpostg.kz,addition,,no
kazpost.kz,kazposth.kz,addition,,no
kazpost.kz,kazposti.kz,addition,,no
kazpost.kz,kazpostj.kz,addition,,no
kazpost.kz,kazpostk.kz,addition,,no
kazpost.kz,kazpostl.kz,addition,,no
kazpost.kz,kazpostm.kz,addition,,no
kazpost.kz,kazpostn.kz,addition,,no
kazpost.kz,kazposto.kz,addition,,no
kazpost.kz,kazpostp.kz,addition,,no
kazpost.kz,kazpostq.kz,addition,,no
kazpost.kz,kazpostr.kz,addition,,no
kazpost.kz,kazposts.kz,addition,,no
kazpost.kz,kazpostt.kz,addition,,no
kazpost.kz,kazpostu.kz,addition,,no
kazpost.kz,kazpostv.kz,addition,,no
kazpost.kz,kazpostw.kz,addition,,no
kazpost.kz,kazpostx.kz,addition,,no
kazpost.kz,kazposty.kz,addition,,no
kazpost.kz,kazpostz.kz,addition,,no
kazpost.kz,cazpost.kz,bitsquatting,,no
kazpost.kz,iazpost.kz,bitsquatting,,no
kazpost.kz,jazpost.kz,bitsquatting,,no
kazpost.kz,kajpost.kz,bitsquatting,,no
kazpost.kz,karpost.kz,bitsquatting,,no
kazpost.kz,kaxpost.kz,bitsquatting,,no
kazpost.kz,kaz0ost.kz,bitsquatting,,no
kazpost.kz,kazpgst.kz,bitsquatting,,no
kazpost.kz,kazpkst.kz,bitsquatting,,no
kazpost.kz,kazpmst.kz,bitsquatting,,no
kazpost.kz,kazpnst.kz,bitsquatting,,no
kazpost.kz,kazpo3t.kz,bitsquatting,,no
kazpost.kz,kazpoct.kz,bitsquatting,,no
kazpost.kz,kazpoqt.kz,bitsquatting,,no
kazpost.kz,kazport.kz,bitsquatting,,no
kazpost.kz,kazpos4.kz,bitsquatting,,no
kazpost.kz,kazposd.kz,bitsquatting,,no
kazpost.kz,kazposp.kz,bitsquatting,,no
kazpost.kz,kazposu.kz,bitsquatting,,no
kazpost.kz,kazposv.kz,bitsquatting,,no
kazpost.kz,kazpowt.kz,bitsquatting,,no
kazpost.kz,kazqost.kz,bitsquatting,,no
kazpost.kz,kazrost.kz,bitsquatting,,no
kazpost.kz,kaztost.kz,bitsquatting,,no
kazpost.kz,kazxost.kz,bitsquatting,,no
kazpost.kz,kczpost.kz,bitsquatting,,no
kazpost.kz,kezpost.kz,bitsquatting,,no
kazpost.kz,kizpost.kz,bitsquatting,,no
kazpost.kz,kqzpost.kz,bitsquatting,,no
kazpost.kz,oazpost.kz,bitsquatting,,no
kazpost.kz,1cazpost.kz,homoglyph,,no
kazpost.kz,icazpost.kz,homoglyph,,no
kazpost.kz,kazp0st.kz,homoglyph,,no
kazpost.kz,lcazp0st.kz,homoglyph,,no
kazpost.kz,lcazpost.kz,homoglyph,,no
kazpost.kz,leazpost.kz,homoglyph,,no
kazpost.kz,xn--apost-4y1b219h.kz,homoglyph,,no
kazpost.kz,xn--apost-50b1842c.kz,homoglyph,,no
kazpost.kz,xn--apost-50b48i.kz,homoglyph,,no
kazpost.kz,xn--apost-50b5942c.kz,homoglyph,,no
kazpost.kz,xn--apost-50b6927e.kz,homoglyph,,no
kazpost.kz,xn--apost-50b8989b.kz,homoglyph,,no
kazpost.kz,xn--apost-5hb1150c.kz,homoglyph,,no
kazpost.kz,xn--apost-5hb3852c.kz,homoglyph,,no
kazpost.kz,xn--apost-5hb6508e.kz,homoglyph,,no
kazpost.kz,xn--apost-5hb7952c.kz,homoglyph,,no
kazpost.kz,xn--apost-5hb98e.kz,homoglyph,,no
kazpost.kz,xn--apost-gsb1900c.kz,homoglyph,,no
kazpost.kz,xn--apost-gsb3612c.kz,homoglyph,,no
kazpost.kz,xn--apost-gsb6367e.kz,homoglyph,,no
kazpost.kz,xn--apost-gsb7712c.kz,homoglyph,,no
kazpost.kz,xn--apost-gsb96a.kz,homoglyph,,no
kazpost.kz,xn--apost-hc9cpa.kz,homoglyph,,no
kazpost.kz,xn--apost-hz1br64h.kz,homoglyph,,no
kazpost.kz,xn--apost-iib2408e.kz,homoglyph,,no
kazpost.kz,xn--apost-iib3852c.kz,homoglyph,,no
kazpost.kz,xn--apost-iib57e.kz,homoglyph,,no
kazpost.kz,xn--apost-iib7940c.kz,homoglyph,,no
kazpost.kz,xn--apost-iib9652c.kz,homoglyph,,no
kazpost.kz,xn--apost-n5a03v.kz,homoglyph,,no
kazpost.kz,xn--apost-n5a1473c.kz,homoglyph,,no
kazpost.kz,xn--apost-n5a21c.kz,homoglyph,,no
kazpost.kz,xn--apost-n5a2458e.kz,homoglyph,,no
kazpost.kz,xn--apost-n5a40g.kz,homoglyph,,no
kazpost.kz,xn--apost-n5a4411c.kz,homoglyph,,no
kazpost.kz,xn--apost-n5a48b.kz,homoglyph,,no
kazpost.kz,xn--apost-n5a7273c.kz,homoglyph,,no
kazpost.kz,xn--apost-n5a89b.kz,homoglyph,,no
kazpost.kz,xn--apost-ni1b112i.kz,homoglyph,,no
kazpost.kz,xn--apost-ni1b32a.kz,homoglyph,,no
kazpost.kz,xn--apost-ni1bu3a.kz,homoglyph,,no
kazpost.kz,xn--apost-t5a0273c.kz,homoglyph,,no
kazpost.kz,xn--apost-t5a19b.kz,homoglyph,,no
kazpost.kz,xn--apost-t5a32v.kz,homoglyph,,no
kazpost.kz,xn--apost-t5a4373c.kz,homoglyph,,no
kazpost.kz,xn--apost-t5a50c.kz,homoglyph,,no
kazpost.kz,xn--apost-t5a5358e.kz,homoglyph,,no
kazpost.kz,xn--apost-t5a7311c.kz,homoglyph,,no
kazpost.kz,xn--apost-t5a77b.kz,homoglyph,,no
kazpost.kz,xn--apost-t5a79f.kz,homoglyph,,no
kazpost.kz,xn--apost-tuc0116e.kz,homoglyph,,no
kazpost.kz,xn--apost-tuc1560c.kz,homoglyph,,no
kazpost.kz,xn--apost-tuc5658b.kz,homoglyph,,no
kazpost.kz,xn--apost-tuc7360c.kz,homoglyph,,no
kazpost.kz,xn--apost-uib16e.kz,homoglyph,,no
kazpost.kz,xn--apost-uib3840c.kz,homoglyph,,no
kazpost.kz,xn--apost-uib5552c.kz,homoglyph,,no
kazpost.kz,xn--apost-uib8208e.kz,homoglyph,,no
kazpost.kz,xn--apost-uib9652c.kz,homoglyph,,no
kazpost.kz,xn--apost-v59a930j.kz,homoglyph,,no
kazpost.kz,xn--apost-v59ao7f.kz,homoglyph,,no
kazpost.kz,xn--apost-v59ax6f.kz,homoglyph,,no
kazpost.kz,xn--apost-w19a311j.kz,homoglyph,,no
kazpost.kz,xn--apost-w19a52j.kz,homoglyph,,no
kazpost.kz,xn--apost-w19aw3j.kz,homoglyph,,no
kazpost.kz,xn--apost-w19ayg.kz,homoglyph,,no
kazpost.kz,xn--apost-zi1b32a.kz,homoglyph,,no
kazpost.kz,xn--apost-zi1bn12i.kz,homoglyph,,no
kazpost.kz,xn--apost-zi1bp2a.kz,homoglyph,,no
kazpost.kz,xn--azost-0tb2757e.kz,homoglyph,,no
kazpost.kz,xn--azost-0tb3112c.kz,homoglyph,,no
kazpost.kz,xn--azost-0tb50a.kz,homoglyph,,no
kazpost.kz,xn--azost-0tb7200c.kz,homoglyph,,no
kazpost.kz,xn--azost-0tb9902c.kz,homoglyph,,no
kazpost.kz,xn--azost-50b2602c.kz,homoglyph,,no
kazpost.kz,xn--azost-50b8402c.kz,homoglyph,,no
kazpost.kz,xn--azost-jo1by01i.kz,homoglyph,,no
kazpost.kz,xn--azost-kpb1822c.kz,homoglyph,,no
kazpost.kz,xn--azost-kpb4577e.kz,homoglyph,,no
kazpost.kz,xn--azost-kpb5922c.kz,homoglyph,,no
kazpost.kz,xn--azost-kpb78b.kz,homoglyph,,no
kazpost.kz,xn--azost-kpb9020c.kz,homoglyph,,no
kazpost.kz,xn--azost-n5a4923c.kz,homoglyph,,no
kazpost.kz,xn--azost-n5a68e.kz,homoglyph,,no
kazpost.kz,xn--azost-n5a8033c.kz,homoglyph,,no
kazpost.kz,xn--azost-n5a86g.kz,homoglyph,,no
kazpost.kz,xn--azost-ni1b7j.kz,homoglyph,,no
kazpost.kz,xn--azost-ni1byk.kz,homoglyph,,no
kazpost.kz,xn--azost-t5a1033c.kz,homoglyph,,no
kazpost.kz,xn--azost-t5a16g.kz,homoglyph,,no
kazpost.kz,xn--azost-t5a7823c.kz,homoglyph,,no
kazpost.kz,xn--azost-t5a97e.kz,homoglyph,,no
kazpost.kz,xn--azost-vo1b790i.kz,homoglyph,,no
kazpost.kz,xn--azost-w19a04h.kz,homoglyph,,no
kazpost.kz,xn--azost-w19a93h.kz,homoglyph,,no
kazpost.kz,xn--azost-zi1b7j.kz,homoglyph,,no
kazpost.kz,xn--azost-zi1btj.kz,homoglyph,,no
kazpost.kz,xn--azp0st-2bb.kz,homoglyph,,no
kazpost.kz,xn--azp0st-9p7b.kz,homoglyph,,no
kazpost.kz,xn--azp0st-hcc.kz,homoglyph,,no
kazpost.kz,xn--azp0st-o05b.kz,homoglyph,,no
kazpost.kz,xn--azp0st-oi8d.kz,homoglyph,,no
kazpost.kz,xn--azp0st-vbb.kz,homoglyph,,no
kazpost.kz,xn--azp0st-vp7b.kz,homoglyph,,no
kazpost.kz,xn--azpos-0eb0460c.kz,homoglyph,,no
kazpost.kz,xn--azpos-0eb2172c.kz,homoglyph,,no
kazpost.kz,xn--azpos-0eb5818e.kz,homoglyph,,no
kazpost.kz,xn--azpos-0eb6272c.kz,homoglyph,,no
kazpost.kz,xn--azpos-0eb81g.kz,homoglyph,,no
kazpost.kz,xn--azpos-50b5022c.kz,homoglyph,,no
kazpost.kz,xn--azpos-50b9122c.kz,homoglyph,,no
kazpost.kz,xn--azpos-50b96a.kz,homoglyph,,no
kazpost.kz,xn--azpos-ceb0472c.kz,homoglyph,,no
kazpost.kz,xn--azpos-ceb3128e.kz,homoglyph,,no
kazpost.kz,xn--azpos-ceb4572c.kz,homoglyph,,no
kazpost.kz,xn--azpos-ceb64g.kz,homoglyph,,no
kazpost.kz,xn--azpos-ceb8660c.kz,homoglyph,,no
kazpost.kz,xn--azpos-es1b230i.kz,homoglyph,,no
kazpost.kz,xn--azpos-n5a13f.kz,homoglyph,,no
kazpost.kz,xn--azpos-n5a14a.kz,homoglyph,,no
kazpost.kz,xn--azpos-n5a1543c.kz,homoglyph,,no
kazpost.kz,xn--azpos-n5a51n.kz,homoglyph,,no
kazpost.kz,xn--azpos-n5a55a.kz,homoglyph,,no
kazpost.kz,xn--azpos-n5a5643c.kz,homoglyph,,no
kazpost.kz,xn--azpos-n5a72a.kz,homoglyph,,no
kazpost.kz,xn--azpos-ni1b3q.kz,homoglyph,,no
kazpost.kz,xn--azpos-ni1bur.kz,homoglyph,,no
kazpost.kz,xn--azpos-oeb0472c.kz,homoglyph,,no
kazpost.kz,xn--azpos-oeb23g.kz,homoglyph,,no
kazpost.kz,xn--azpos-oeb4560c.kz,homoglyph,,no
kazpost.kz,xn--azpos-oeb6272c.kz,homoglyph,,no
kazpost.kz,xn--azpos-oeb9918e.kz,homoglyph,,no
kazpost.kz,xn--azpos-oqb0522c.kz,homoglyph,,no
kazpost.kz,xn--azpos-oqb24b.kz,homoglyph,,no
kazpost.kz,xn--azpos-oqb4610c.kz,homoglyph,,no
kazpost.kz,xn--azpos-oqb6322c.kz,homoglyph,,no
kazpost.kz,xn--azpos-oqb9077e.kz,homoglyph,,no
kazpost.kz,xn--azpos-qs1bo30i.kz,homoglyph,,no
kazpost.kz,xn--azpos-t5a02a.kz,homoglyph,,no
kazpost.kz,xn--azpos-t5a42f.kz,homoglyph,,no
kazpost.kz,xn--azpos-t5a43a.kz,homoglyph,,no
kazpost.kz,xn--azpos-t5a4443c.kz,homoglyph,,no
kazpost.kz,xn--azpos-t5a80n.kz,homoglyph,,no
kazpost.kz,xn--azpos-t5a84a.kz,homoglyph,,no
kazpost.kz,xn--azpos-t5a8543c.kz,homoglyph,,no
kazpost.kz,xn--azpos-v9b0839b.kz,homoglyph,,no
kazpost.kz,xn--azpos-v9b2541c.kz,homoglyph,,no
kazpost.kz,xn--azpos-v9b5296e.kz,homoglyph,,no
kazpost.kz,xn--azpos-v9b6641c.kz,homoglyph,,no
kazpost.kz,xn--azpos-w19a50i.kz,homoglyph,,no
kazpost.kz,xn--azpos-w19aw1i.kz,homoglyph,,no
kazpost.kz,xn--azpos-zi1b3q.kz,homoglyph,,no
kazpost.kz,xn--azpos-zi1bpq.kz,homoglyph,,no
kazpost.kz,xn--azpost-2bb.kz,homoglyph,,no
kazpost.kz,xn--azpost-9p7b.kz,homoglyph,,no
kazpost.kz,xn--azpost-hcc.kz,homoglyph,,no
kazpost.kz,xn--azpost-o05b.kz,homoglyph,,no
kazpost.kz,xn--azpost-oi8d.kz,homoglyph,,no
kazpost.kz,xn--azpost-vbb.kz,homoglyph,,no
kazpost.kz,xn--azpost-vp7b.kz,homoglyph,,no
kazpost.kz,xn--azpot-50b20370a.kz,homoglyph,,no
kazpost.kz,xn--azpot-50b4312c.kz,homoglyph,,no
kazpost.kz,xn--azpot-50b45a.kz,homoglyph,,no
kazpost.kz,xn--azpot-50b8412c.kz,homoglyph,,no
kazpost.kz,xn--azpot-50b98h.kz,homoglyph,,no
kazpost.kz,xn--azpot-9cb1170c.kz,homoglyph,,no
kazpost.kz,xn--azpot-9cb3872c.kz,homoglyph,,no
kazpost.kz,xn--azpot-9cb6528e.kz,homoglyph,,no
kazpost.kz,xn--azpot-9cb7972c.kz,homoglyph,,no
kazpost.kz,xn--azpot-9cb98g.kz,homoglyph,,no
kazpost.kz,xn--azpot-hc9c9575f.kz,homoglyph,,no
kazpost.kz,xn--azpot-i9b0496e.kz,homoglyph,,no
kazpost.kz,xn--azpot-i9b1841c.kz,homoglyph,,no
kazpost.kz,xn--azpot-i9b5939b.kz,homoglyph,,no
kazpost.kz,xn--azpot-i9b7641c.kz,homoglyph,,no
kazpost.kz,xn--azpot-isc0668b.kz,homoglyph,,no
kazpost.kz,xn--azpot-isc2370c.kz,homoglyph,,no
kazpost.kz,xn--azpot-isc5026e.kz,homoglyph,,no
kazpost.kz,xn--azpot-isc6470c.kz,homoglyph,,no
kazpost.kz,xn--azpot-mdb2428e.kz,homoglyph,,no
kazpost.kz,xn--azpot-mdb3872c.kz,homoglyph,,no
kazpost.kz,xn--azpot-mdb57g.kz,homoglyph,,no
kazpost.kz,xn--azpot-mdb7960c.kz,homoglyph,,no
kazpost.kz,xn--azpot-mdb9672c.kz,homoglyph,,no
kazpost.kz,xn--azpot-n5a00n.kz,homoglyph,,no
kazpost.kz,xn--azpot-n5a0833c.kz,homoglyph,,no
kazpost.kz,xn--azpot-n5a0x.kz,homoglyph,,no
kazpost.kz,xn--azpot-n5a21a.kz,homoglyph,,no
kazpost.kz,xn--azpot-n5a4933c.kz,homoglyph,,no
kazpost.kz,xn--azpot-n5a4y.kz,homoglyph,,no
kazpost.kz,xn--azpot-n5a53u.kz,homoglyph,,no
kazpost.kz,xn--azpot-n5a84580a.kz,homoglyph,,no
kazpost.kz,xn--azpot-n5a8z.kz,homoglyph,,no
kazpost.kz,xn--azpot-ni1b1n.kz,homoglyph,,no
kazpost.kz,xn--azpot-ni1bp787h.kz,homoglyph,,no
kazpost.kz,xn--azpot-ni1bso.kz,homoglyph,,no
kazpost.kz,xn--azpot-nq1b460i.kz,homoglyph,,no
kazpost.kz,xn--azpot-t5a14580a.kz,homoglyph,,no
kazpost.kz,xn--azpot-t5a1z.kz,homoglyph,,no
kazpost.kz,xn--azpot-t5a3733c.kz,homoglyph,,no
kazpost.kz,xn--azpot-t5a39m.kz,homoglyph,,no
kazpost.kz,xn--azpot-t5a3w.kz,homoglyph,,no
kazpost.kz,xn--azpot-t5a50a.kz,homoglyph,,no
kazpost.kz,xn--azpot-t5a7833c.kz,homoglyph,,no
kazpost.kz,xn--azpot-t5a7x.kz,homoglyph,,no
kazpost.kz,xn--azpot-t5a82u.kz,homoglyph,,no
kazpost.kz,xn--azpot-w19a37h.kz,homoglyph,,no
kazpost.kz,xn--azpot-w19ar778h.kz,homoglyph,,no
kazpost.kz,xn--azpot-w19au8h.kz,homoglyph,,no
kazpost.kz,xn--azpot-xcb0728e.kz,homoglyph,,no
kazpost.kz,xn--azpot-xcb1182c.kz,homoglyph,,no
kazpost.kz,xn--azpot-xcb30h.kz,homoglyph,,no
kazpost.kz,xn--azpot-xcb5270c.kz,homoglyph,,no
kazpost.kz,xn--azpot-xcb7972c.kz,homoglyph,,no
kazpost.kz,xn--azpot-ydb16g.kz,homoglyph,,no
kazpost.kz,xn--azpot-ydb3860c.kz,homoglyph,,no
kazpost.kz,xn--azpot-ydb5572c.kz,homoglyph,,no
kazpost.kz,xn--azpot-ydb8228e.kz,homoglyph,,no
kazpost.kz,xn--azpot-ydb9672c.kz,homoglyph,,no
kazpost.kz,xn--azpot-zi1b1n.kz,homoglyph,,no
kazpost.kz,xn--azpot-zi1bnn.kz,homoglyph,,no
kazpost.kz,xn--azpot-zi1by687h.kz,homoglyph,,no
kazpost.kz,xn--azpot-zq1bq60i.kz,homoglyph,,no
kazpost.kz,xn--azpst-2ta0453c.kz,homoglyph,,no
kazpost.kz,xn--azpst-2ta23o.kz,homoglyph,,no
kazpost.kz,xn--azpst-2ta39b.kz,homoglyph,,no
kazpost.kz,xn--azpst-2ta4541c.kz,homoglyph,,no
kazpost.kz,xn--azpst-2ta6253c.kz,homoglyph,,no
kazpost.kz,xn--azpst-2ta68b.kz,homoglyph,,no
kazpost.kz,xn--azpst-2ta9998e.kz,homoglyph,,no
kazpost.kz,xn--azpst-481b592h.kz,homoglyph,,no
kazpost.kz,xn--azpst-50b3092c.kz,homoglyph,,no
kazpost.kz,xn--azpst-50b70c.kz,homoglyph,,no
kazpost.kz,xn--azpst-50b7679b.kz,homoglyph,,no
kazpost.kz,xn--azpst-50b9882c.kz,homoglyph,,no
kazpost.kz,xn--azpst-69a1438e.kz,homoglyph,,no
kazpost.kz,xn--azpst-69a2882c.kz,homoglyph,,no
kazpost.kz,xn--azpst-69a47h.kz,homoglyph,,no
kazpost.kz,xn--azpst-69a6970c.kz,homoglyph,,no
kazpost.kz,xn--azpst-69a8682c.kz,homoglyph,,no
kazpost.kz,xn--azpst-8dc2429b.kz,homoglyph,,no
kazpost.kz,xn--azpst-8dc4131c.kz,homoglyph,,no
kazpost.kz,xn--azpst-8dc7876e.kz,homoglyph,,no
kazpost.kz,xn--azpst-8dc8231c.kz,homoglyph,,no
kazpost.kz,xn--azpst-8ta2998e.kz,homoglyph,,no
kazpost.kz,xn--azpst-8ta3353c.kz,homoglyph,,no
kazpost.kz,xn--azpst-8ta52o.kz,homoglyph,,no
kazpost.kz,xn--azpst-8ta68b.kz,homoglyph,,no
kazpost.kz,xn--azpst-8ta7441c.kz,homoglyph,,no
kazpost.kz,xn--azpst-8ta9153c.kz,homoglyph,,no
kazpost.kz,xn--azpst-8ta97b.kz,homoglyph,,no
kazpost.kz,xn--azpst-fua0441c.kz,homoglyph,,no
kazpost.kz,xn--azpst-fua2153c.kz,homoglyph,,no
kazpost.kz,xn--azpst-fua27b.kz,homoglyph,,no
kazpost.kz,xn--azpst-fua5898e.kz,homoglyph,,no
kazpost.kz,xn--azpst-fua6253c.kz,homoglyph,,no
kazpost.kz,xn--azpst-fua81o.kz,homoglyph,,no
kazpost.kz,xn--azpst-fua97b.kz,homoglyph,,no
kazpost.kz,xn--azpst-h91br92h.kz,homoglyph,,no
kazpost.kz,xn--azpst-i9a0192c.kz,homoglyph,,no
kazpost.kz,xn--azpst-i9a20i.kz,homoglyph,,no
kazpost.kz,xn--azpst-i9a4280c.kz,homoglyph,,no
kazpost.kz,xn--azpst-i9a6982c.kz,homoglyph,,no
kazpost.kz,xn--azpst-i9a9638e.kz,homoglyph,,no
kazpost.kz,xn--azpst-lua11o.kz,homoglyph,,no
kazpost.kz,xn--azpst-lua27b.kz,homoglyph,,no
kazpost.kz,xn--azpst-lua3341c.kz,homoglyph,,no
kazpost.kz,xn--azpst-lua5053c.kz,homoglyph,,no
kazpost.kz,xn--azpst-lua56b.kz,homoglyph,,no
kazpost.kz,xn--azpst-lua8798e.kz,homoglyph,,no
kazpost.kz,xn--azpst-lua9153c.kz,homoglyph,,no
kazpost.kz,xn--azpst-n5a1n.kz,homoglyph,,no
kazpost.kz,xn--azpst-n5a3101c.kz,homoglyph,,no
kazpost.kz,xn--azpst-n5a35o.kz,homoglyph,,no
kazpost.kz,xn--azpst-n5a5314c.kz,homoglyph,,no
kazpost.kz,xn--azpst-n5a5o.kz,homoglyph,,no
kazpost.kz,xn--azpst-n5a9414c.kz,homoglyph,,no
kazpost.kz,xn--azpst-n5a95e.kz,homoglyph,,no
kazpost.kz,xn--azpst-n5a9p.kz,homoglyph,,no
kazpost.kz,xn--azpst-ni1bo1c.kz,homoglyph,,no
kazpost.kz,xn--azpst-ni1bx0c.kz,homoglyph,,no
kazpost.kz,xn--azpst-o29a290j.kz,homoglyph,,no
kazpost.kz,xn--azpst-o29a42g.kz,homoglyph,,no
kazpost.kz,xn--azpst-o29aq2g.kz,homoglyph,,no
kazpost.kz,xn--azpst-t5a2414c.kz,homoglyph,,no
kazpost.kz,xn--azpst-t5a25e.kz,homoglyph,,no
kazpost.kz,xn--azpst-t5a2p.kz,homoglyph,,no
kazpost.kz,xn--azpst-t5a4m.kz,homoglyph,,no
kazpost.kz,xn--azpst-t5a6001c.kz,homoglyph,,no
kazpost.kz,xn--azpst-t5a64o.kz,homoglyph,,no
kazpost.kz,xn--azpst-t5a8214c.kz,homoglyph,,no
kazpost.kz,xn--azpst-t5a8n.kz,homoglyph,,no
kazpost.kz,xn--azpst-u9a0180c.kz,homoglyph,,no
kazpost.kz,xn--azpst-u9a2882c.kz,homoglyph,,no
kazpost.kz,xn--azpst-u9a5538e.kz,homoglyph,,no
kazpost.kz,xn--azpst-u9a6982c.kz,homoglyph,,no
kazpost.kz,xn--azpst-u9a88h.kz,homoglyph,,no
kazpost.kz,xn--azpst-w19a5a.kz,homoglyph,,no
kazpost.kz,xn--azpst-w19aq1l.kz,homoglyph,,no
kazpost.kz,xn--azpst-w19az0l.kz,homoglyph,,no
kazpost.kz,xn--azpst-wob1877e.kz,homoglyph,,no
kazpost.kz,xn--azpst-wob2232c.kz,homoglyph,,no
kazpost.kz,xn--azpst-wob41c.kz,homoglyph,,no
kazpost.kz,xn--azpst-wob6320c.kz,homoglyph,,no
kazpost.kz,xn--azpst-wob8032c.kz,homoglyph,,no
kazpost.kz,xn--azpst-wta00c.kz,homoglyph,,no
kazpost.kz,xn--azpst-wta1641c.kz,homoglyph,,no
kazpost.kz,xn--azpst-wta3353c.kz,homoglyph,,no
kazpost.kz,xn--azpst-wta39b.kz,homoglyph,,no
kazpost.kz,xn--azpst-wta6009e.kz,homoglyph,,no
kazpost.kz,xn--azpst-wta7453c.kz,homoglyph,,no
kazpost.kz,xn--azpst-wta93o.kz,homoglyph,,no
kazpost.kz,xn--azpst-xua15b.kz,homoglyph,,no
kazpost.kz,xn--azpst-xua1943c.kz,homoglyph,,no
kazpost.kz,xn--azpst-xua4698e.kz,homoglyph,,no
kazpost.kz,xn--azpst-xua5053c.kz,homoglyph,,no
kazpost.kz,xn--azpst-xua79n.kz,homoglyph,,no
kazpost.kz,xn--azpst-xua85b.kz,homoglyph,,no
kazpost.kz,xn--azpst-xua9141c.kz,homoglyph,,no
kazpost.kz,xn--azpst-zi1b69b.kz,homoglyph,,no
kazpost.kz,xn--azpst-zi1bx0c.kz,homoglyph,,no
kazpost.kz,xn--cazpost-8hb.kz,homoglyph,,no
kazpost.kz,xn--cazpost-ihd.kz,homoglyph,,no
kazpost.kz,xn--cazpost-mjb.kz,homoglyph,,no
kazpost.kz,xn--cazpost-pib.kz,homoglyph,,no
kazpost.kz,xn--cazpost-shb.kz,homoglyph,,no
kazpost.kz,xn--kaost-0tb0910c.kz,homoglyph,,no
kazpost.kz,xn--kaost-0tb3772c.kz,homoglyph,,no
kazpost.kz,xn--kaost-0tb67l.kz,homoglyph,,no
kazpost.kz,xn--kaost-0tb7872c.kz,homoglyph,,no
kazpost.kz,xn--kaost-0tb8857e.kz,homoglyph,,no
kazpost.kz,xn--kaost-6hb3282c.kz,homoglyph,,no
kazpost.kz,xn--kaost-6hb51a.kz,homoglyph,,no
kazpost.kz,xn--kaost-6hb7382c.kz,homoglyph,,no
kazpost.kz,xn--kaost-6hb79b.kz,homoglyph,,no
kazpost.kz,xn--kaost-hsb3042c.kz,homoglyph,,no
kazpost.kz,xn--kaost-hsb7142c.kz,homoglyph,,no
kazpost.kz,xn--kaost-hsb7d.kz,homoglyph,,no
kazpost.kz,xn--kaost-jib10a.kz,homoglyph,,no
kazpost.kz,xn--kaost-jib3282c.kz,homoglyph,,no
kazpost.kz,xn--kaost-jib38b.kz,homoglyph,,no
kazpost.kz,xn--kaost-jib9082c.kz,homoglyph,,no
kazpost.kz,xn--kaost-jo1b7s.kz,homoglyph,,no
kazpost.kz,xn--kaost-jo1br11i.kz,homoglyph,,no
kazpost.kz,xn--kaost-jo1bts.kz,homoglyph,,no
kazpost.kz,xn--kaost-kpb0777e.kz,homoglyph,,no
kazpost.kz,xn--kaost-kpb2730c.kz,homoglyph,,no
kazpost.kz,xn--kaost-kpb2j.kz,homoglyph,,no
kazpost.kz,xn--kaost-kpb5592c.kz,homoglyph,,no
kazpost.kz,xn--kaost-kpb85n.kz,homoglyph,,no
kazpost.kz,xn--kaost-kpb9692c.kz,homoglyph,,no
kazpost.kz,xn--kaost-uuc1980c.kz,homoglyph,,no
kazpost.kz,xn--kaost-uuc7780c.kz,homoglyph,,no
kazpost.kz,xn--kaost-vib5972c.kz,homoglyph,,no
kazpost.kz,xn--kaost-vib7y.kz,homoglyph,,no
kazpost.kz,xn--kaost-vib9082c.kz,homoglyph,,no
kazpost.kz,xn--kaost-vib96b.kz,homoglyph,,no
kazpost.kz,xn--kaost-vo1b001i.kz,homoglyph,,no
kazpost.kz,xn--kaost-vo1b2r.kz,homoglyph,,no
kazpost.kz,xn--kaost-vo1bts.kz,homoglyph,,no
kazpost.kz,xn--kaost-w59a76g.kz,homoglyph,,no
kazpost.kz,xn--kaost-w59ay7g.kz,homoglyph,,no
kazpost.kz,xn--kap0st-487b.kz,homoglyph,,no
kazpost.kz,xn--kap0st-4i8d.kz,homoglyph,,no
kazpost.kz,xn--kap0st-4pb.kz,homoglyph,,no
kazpost.kz,xn--kap0st-c1b.kz,homoglyph,,no
kazpost.kz,xn--kap0st-c55b.kz,homoglyph,,no
kazpost.kz,xn--kap0st-cpb.kz,homoglyph,,no
kazpost.kz,xn--kap0st-j97b.kz,homoglyph,,no
kazpost.kz,xn--kap0st-qpb.kz,homoglyph,,no
kazpost.kz,xn--kap0st-x9c.kz,homoglyph,,no
kazpost.kz,xn--kapos-0eb0043c.kz,homoglyph,,no
kazpost.kz,xn--kapos-0eb1028e.kz,homoglyph,,no
kazpost.kz,xn--kapos-0eb1n.kz,homoglyph,,no
kazpost.kz,xn--kapos-0eb3080c.kz,homoglyph,,no
kazpost.kz,xn--kapos-0eb36c.kz,homoglyph,,no
kazpost.kz,xn--kapos-0eb3k.kz,homoglyph,,no
kazpost.kz,xn--kapos-0eb6833c.kz,homoglyph,,no
kazpost.kz,xn--kapos-0eb7l.kz,homoglyph,,no
kazpost.kz,xn--kapos-0eb98r.kz,homoglyph,,no
kazpost.kz,xn--kapos-6hb06a.kz,homoglyph,,no
kazpost.kz,xn--kapos-6hb0892c.kz,homoglyph,,no
kazpost.kz,xn--kapos-6hb44i.kz,homoglyph,,no
kazpost.kz,xn--kapos-6hb4992c.kz,homoglyph,,no
kazpost.kz,xn--kapos-ceb1380c.kz,homoglyph,,no
kazpost.kz,xn--kapos-ceb19c.kz,homoglyph,,no
kazpost.kz,xn--kapos-ceb1n.kz,homoglyph,,no
kazpost.kz,xn--kapos-ceb4143c.kz,homoglyph,,no
kazpost.kz,xn--kapos-ceb5o.kz,homoglyph,,no
kazpost.kz,xn--kapos-ceb71s.kz,homoglyph,,no
kazpost.kz,xn--kapos-ceb8243c.kz,homoglyph,,no
kazpost.kz,xn--kapos-ceb9228e.kz,homoglyph,,no
kazpost.kz,xn--kapos-ceb9p.kz,homoglyph,,no
kazpost.kz,xn--kapos-es1bom.kz,homoglyph,,no
kazpost.kz,xn--kapos-es1bv40i.kz,homoglyph,,no
kazpost.kz,xn--kapos-es1bxl.kz,homoglyph,,no
kazpost.kz,xn--kapos-hsb0652c.kz,homoglyph,,no
kazpost.kz,xn--kapos-hsb42e.kz,homoglyph,,no
kazpost.kz,xn--kapos-hsb4752c.kz,homoglyph,,no
kazpost.kz,xn--kapos-jib03i.kz,homoglyph,,no
kazpost.kz,xn--kapos-jib0892c.kz,homoglyph,,no
kazpost.kz,xn--kapos-jib64a.kz,homoglyph,,no
kazpost.kz,xn--kapos-jib6692c.kz,homoglyph,,no
kazpost.kz,xn--kapos-oeb0043c.kz,homoglyph,,no
kazpost.kz,xn--kapos-oeb1n.kz,homoglyph,,no
kazpost.kz,xn--kapos-oeb30s.kz,homoglyph,,no
kazpost.kz,xn--kapos-oeb4143c.kz,homoglyph,,no
kazpost.kz,xn--kapos-oeb5128e.kz,homoglyph,,no
kazpost.kz,xn--kapos-oeb5o.kz,homoglyph,,no
kazpost.kz,xn--kapos-oeb7180c.kz,homoglyph,,no
kazpost.kz,xn--kapos-oeb77c.kz,homoglyph,,no
kazpost.kz,xn--kapos-oeb7l.kz,homoglyph,,no
kazpost.kz,xn--kapos-oqb0192c.kz,homoglyph,,no
kazpost.kz,xn--kapos-oqb31n.kz,homoglyph,,no
kazpost.kz,xn--kapos-oqb4292c.kz,homoglyph,,no
kazpost.kz,xn--kapos-oqb5277e.kz,homoglyph,,no
kazpost.kz,xn--kapos-oqb7230c.kz,homoglyph,,no
kazpost.kz,xn--kapos-oqb7e.kz,homoglyph,,no
kazpost.kz,xn--kapos-qs1b430i.kz,homoglyph,,no
kazpost.kz,xn--kapos-qs1b6k.kz,homoglyph,,no
kazpost.kz,xn--kapos-qs1bxl.kz,homoglyph,,no
kazpost.kz,xn--kapos-uuc4301c.kz,homoglyph,,no
kazpost.kz,xn--kapos-uuc8401c.kz,homoglyph,,no
kazpost.kz,xn--kapos-v9b0412c.kz,homoglyph,,no
kazpost.kz,xn--kapos-v9b1496e.kz,homoglyph,,no
kazpost.kz,xn--kapos-v9b3459b.kz,homoglyph,,no
kazpost.kz,xn--kapos-v9b6212c.kz,homoglyph,,no
kazpost.kz,xn--kapos-v9b92f.kz,homoglyph,,no
kazpost.kz,xn--kapos-vib23a.kz,homoglyph,,no
kazpost.kz,xn--kapos-vib2592c.kz,homoglyph,,no
kazpost.kz,xn--kapos-vib61i.kz,homoglyph,,no
kazpost.kz,xn--kapos-vib6692c.kz,homoglyph,,no
kazpost.kz,xn--kapos-w59a33h.kz,homoglyph,,no
kazpost.kz,xn--kapos-w59au4h.kz,homoglyph,,no
kazpost.kz,xn--kapost-487b.kz,homoglyph,,no
kazpost.kz,xn--kapost-4i8d.kz,homoglyph,,no
kazpost.kz,xn--kapost-4pb.kz,homoglyph,,no
kazpost.kz,xn--kapost-c1b.kz,homoglyph,,no
kazpost.kz,xn--kapost-c55b.kz,homoglyph,,no
kazpost.kz,xn--kapost-cpb.kz,homoglyph,,no
kazpost.kz,xn--kapost-j97b.kz,homoglyph,,no
kazpost.kz,xn--kapost-qpb.kz,homoglyph,,no
kazpost.kz,xn--kapost-x9c.kz,homoglyph,,no
kazpost.kz,xn--kapot-5y1b5757h.kz,homoglyph,,no
kazpost.kz,xn--kapot-6hb3292c.kz,homoglyph,,no
kazpost.kz,xn--kapot-6hb46p.kz,homoglyph,,no
kazpost.kz,xn--kapot-6hb77080a.kz,homoglyph,,no
kazpost.kz,xn--kapot-6hb9092c.kz,homoglyph,,no
kazpost.kz,xn--kapot-6hb92i.kz,homoglyph,,no
kazpost.kz,xn--kapot-9cb06s.kz,homoglyph,,no
kazpost.kz,xn--kapot-9cb1743c.kz,homoglyph,,no
kazpost.kz,xn--kapot-9cb2728e.kz,homoglyph,,no
kazpost.kz,xn--kapot-9cb2u.kz,homoglyph,,no
kazpost.kz,xn--kapot-9cb43d.kz,homoglyph,,no
kazpost.kz,xn--kapot-9cb4780c.kz,homoglyph,,no
kazpost.kz,xn--kapot-9cb4r.kz,homoglyph,,no
kazpost.kz,xn--kapot-9cb7543c.kz,homoglyph,,no
kazpost.kz,xn--kapot-9cb8s.kz,homoglyph,,no
kazpost.kz,xn--kapot-hsb3052c.kz,homoglyph,,no
kazpost.kz,xn--kapot-hsb44l.kz,homoglyph,,no
kazpost.kz,xn--kapot-hsb75670a.kz,homoglyph,,no
kazpost.kz,xn--kapot-hsb90e.kz,homoglyph,,no
kazpost.kz,xn--kapot-hsb9842c.kz,homoglyph,,no
kazpost.kz,xn--kapot-i9b1412c.kz,homoglyph,,no
kazpost.kz,xn--kapot-i9b44f.kz,homoglyph,,no
kazpost.kz,xn--kapot-i9b5512c.kz,homoglyph,,no
kazpost.kz,xn--kapot-i9b6596e.kz,homoglyph,,no
kazpost.kz,xn--kapot-i9b8559b.kz,homoglyph,,no
kazpost.kz,xn--kapot-isc0241c.kz,homoglyph,,no
kazpost.kz,xn--kapot-isc1226e.kz,homoglyph,,no
kazpost.kz,xn--kapot-isc3288b.kz,homoglyph,,no
kazpost.kz,xn--kapot-isc6041c.kz,homoglyph,,no
kazpost.kz,xn--kapot-isc9g.kz,homoglyph,,no
kazpost.kz,xn--kapot-iz1b4313h.kz,homoglyph,,no
kazpost.kz,xn--kapot-jib05p.kz,homoglyph,,no
kazpost.kz,xn--kapot-jib36080a.kz,homoglyph,,no
kazpost.kz,xn--kapot-jib51i.kz,homoglyph,,no
kazpost.kz,xn--kapot-jib5982c.kz,homoglyph,,no
kazpost.kz,xn--kapot-jib9092c.kz,homoglyph,,no
kazpost.kz,xn--kapot-mdb02d.kz,homoglyph,,no
kazpost.kz,xn--kapot-mdb0680c.kz,homoglyph,,no
kazpost.kz,xn--kapot-mdb0q.kz,homoglyph,,no
kazpost.kz,xn--kapot-mdb3443c.kz,homoglyph,,no
kazpost.kz,xn--kapot-mdb4r.kz,homoglyph,,no
kazpost.kz,xn--kapot-mdb64s.kz,homoglyph,,no
kazpost.kz,xn--kapot-mdb7543c.kz,homoglyph,,no
kazpost.kz,xn--kapot-mdb8528e.kz,homoglyph,,no
kazpost.kz,xn--kapot-mdb8s.kz,homoglyph,,no
kazpost.kz,xn--kapot-nq1bqp.kz,homoglyph,,no
kazpost.kz,xn--kapot-nq1bx70i.kz,homoglyph,,no
kazpost.kz,xn--kapot-nq1bzo.kz,homoglyph,,no
kazpost.kz,xn--kapot-uuc13160a.kz,homoglyph,,no
kazpost.kz,xn--kapot-uuc3690c.kz,homoglyph,,no
kazpost.kz,xn--kapot-uuc7790c.kz,homoglyph,,no
kazpost.kz,xn--kapot-vc9ct575f.kz,homoglyph,,no
kazpost.kz,xn--kapot-vib10i.kz,homoglyph,,no
kazpost.kz,xn--kapot-vib1882c.kz,homoglyph,,no
kazpost.kz,xn--kapot-vib5982c.kz,homoglyph,,no
kazpost.kz,xn--kapot-vib63p.kz,homoglyph,,no
kazpost.kz,xn--kapot-vib94080a.kz,homoglyph,,no
kazpost.kz,xn--kapot-w59a10h.kz,homoglyph,,no
kazpost.kz,xn--kapot-w59ap078h.kz,homoglyph,,no
kazpost.kz,xn--kapot-w59as1h.kz,homoglyph,,no
kazpost.kz,xn--kapot-xcb1743c.kz,homoglyph,,no
kazpost.kz,xn--kapot-xcb2u.kz,homoglyph,,no
kazpost.kz,xn--kapot-xcb47s.kz,homoglyph,,no
kazpost.kz,xn--kapot-xcb5843c.kz,homoglyph,,no
kazpost.kz,xn--kapot-xcb6828e.kz,homoglyph,,no
kazpost.kz,xn--kapot-xcb6v.kz,homoglyph,,no
kazpost.kz,xn--kapot-xcb84d.kz,homoglyph,,no
kazpost.kz,xn--kapot-xcb8880c.kz,homoglyph,,no
kazpost.kz,xn--kapot-xcb8s.kz,homoglyph,,no
kazpost.kz,xn--kapot-ydb0q.kz,homoglyph,,no
kazpost.kz,xn--kapot-ydb23s.kz,homoglyph,,no
kazpost.kz,xn--kapot-ydb3443c.kz,homoglyph,,no
kazpost.kz,xn--kapot-ydb4428e.kz,homoglyph,,no
kazpost.kz,xn--kapot-ydb4r.kz,homoglyph,,no
kazpost.kz,xn--kapot-ydb60d.kz,homoglyph,,no
kazpost.kz,xn--kapot-ydb6480c.kz,homoglyph,,no
kazpost.kz,xn--kapot-ydb6o.kz,homoglyph,,no
kazpost.kz,xn--kapot-ydb9243c.kz,homoglyph,,no
kazpost.kz,xn--kapot-zq1b660i.kz,homoglyph,,no
kazpost.kz,xn--kapot-zq1b8n.kz,homoglyph,,no
kazpost.kz,xn--kapot-zq1bzo.kz,homoglyph,,no
kazpost.kz,xn--kapst-2ta0024c.kz,homoglyph,,no
kazpost.kz,xn--kapst-2ta17g.kz,homoglyph,,no
kazpost.kz,xn--kapst-2ta300a.kz,homoglyph,,no
kazpost.kz,xn--kapst-2ta4124c.kz,homoglyph,,no
kazpost.kz,xn--kapst-2ta5109e.kz,homoglyph,,no
kazpost.kz,xn--kapst-2ta58g.kz,homoglyph,,no
kazpost.kz,xn--kapst-2ta7161c.kz,homoglyph,,no
kazpost.kz,xn--kapst-2ta75g.kz,homoglyph,,no
kazpost.kz,xn--kapst-2ta77k.kz,homoglyph,,no
kazpost.kz,xn--kapst-481bx03h.kz,homoglyph,,no
kazpost.kz,xn--kapst-5y1b4r.kz,homoglyph,,no
kazpost.kz,xn--kapst-5y1bqr.kz,homoglyph,,no
kazpost.kz,xn--kapst-69a2453c.kz,homoglyph,,no
kazpost.kz,xn--kapst-69a31a.kz,homoglyph,,no
kazpost.kz,xn--kapst-69a54t.kz,homoglyph,,no
kazpost.kz,xn--kapst-69a6553c.kz,homoglyph,,no
kazpost.kz,xn--kapst-69a72a.kz,homoglyph,,no
kazpost.kz,xn--kapst-69a7538e.kz,homoglyph,,no
kazpost.kz,xn--kapst-69a91e.kz,homoglyph,,no
kazpost.kz,xn--kapst-69a9590c.kz,homoglyph,,no
kazpost.kz,xn--kapst-69a9z.kz,homoglyph,,no
kazpost.kz,xn--kapst-6hb2450c.kz,homoglyph,,no
kazpost.kz,xn--kapst-6hb28j.kz,homoglyph,,no
kazpost.kz,xn--kapst-6hb4663c.kz,homoglyph,,no
kazpost.kz,xn--kapst-6hb8763c.kz,homoglyph,,no
kazpost.kz,xn--kapst-6hb8y.kz,homoglyph,,no
kazpost.kz,xn--kapst-8dc19d.kz,homoglyph,,no
kazpost.kz,xn--kapst-8dc2002c.kz,homoglyph,,no
kazpost.kz,xn--kapst-8dc3086e.kz,homoglyph,,no
kazpost.kz,xn--kapst-8dc5049b.kz,homoglyph,,no
kazpost.kz,xn--kapst-8dc8891c.kz,homoglyph,,no
kazpost.kz,xn--kapst-8ta0161c.kz,homoglyph,,no
kazpost.kz,xn--kapst-8ta05g.kz,homoglyph,,no
kazpost.kz,xn--kapst-8ta07k.kz,homoglyph,,no
kazpost.kz,xn--kapst-8ta3914c.kz,homoglyph,,no
kazpost.kz,xn--kapst-8ta46g.kz,homoglyph,,no
kazpost.kz,xn--kapst-8ta69z.kz,homoglyph,,no
kazpost.kz,xn--kapst-8ta7024c.kz,homoglyph,,no
kazpost.kz,xn--kapst-8ta8009e.kz,homoglyph,,no
kazpost.kz,xn--kapst-8ta87g.kz,homoglyph,,no
kazpost.kz,xn--kapst-fua0024c.kz,homoglyph,,no
kazpost.kz,xn--kapst-fua1009e.kz,homoglyph,,no
kazpost.kz,xn--kapst-fua17g.kz,homoglyph,,no
kazpost.kz,xn--kapst-fua3061c.kz,homoglyph,,no
kazpost.kz,xn--kapst-fua34g.kz,homoglyph,,no
kazpost.kz,xn--kapst-fua36k.kz,homoglyph,,no
kazpost.kz,xn--kapst-fua6814c.kz,homoglyph,,no
kazpost.kz,xn--kapst-fua75g.kz,homoglyph,,no
kazpost.kz,xn--kapst-fua98z.kz,homoglyph,,no
kazpost.kz,xn--kapst-h91b792h.kz,homoglyph,,no
kazpost.kz,xn--kapst-hsb2210c.kz,homoglyph,,no
kazpost.kz,xn--kapst-hsb26f.kz,homoglyph,,no
kazpost.kz,xn--kapst-hsb4423c.kz,homoglyph,,no
kazpost.kz,xn--kapst-hsb8523c.kz,homoglyph,,no
kazpost.kz,xn--kapst-i9a0753c.kz,homoglyph,,no
kazpost.kz,xn--kapst-i9a14a.kz,homoglyph,,no
kazpost.kz,xn--kapst-i9a37t.kz,homoglyph,,no
kazpost.kz,xn--kapst-i9a4853c.kz,homoglyph,,no
kazpost.kz,xn--kapst-i9a55a.kz,homoglyph,,no
kazpost.kz,xn--kapst-i9a5838e.kz,homoglyph,,no
kazpost.kz,xn--kapst-i9a72a.kz,homoglyph,,no
kazpost.kz,xn--kapst-i9a74e.kz,homoglyph,,no
kazpost.kz,xn--kapst-i9a7890c.kz,homoglyph,,no
kazpost.kz,xn--kapst-iz1b7p.kz,homoglyph,,no
kazpost.kz,xn--kapst-iz1bxq.kz,homoglyph,,no
kazpost.kz,xn--kapst-jib0563c.kz,homoglyph,,no
kazpost.kz,xn--kapst-jib4663c.kz,homoglyph,,no
kazpost.kz,xn--kapst-jib4x.kz,homoglyph,,no
kazpost.kz,xn--kapst-jib8250c.kz,homoglyph,,no
kazpost.kz,xn--kapst-jib86j.kz,homoglyph,,no
kazpost.kz,xn--kapst-lua05g.kz,homoglyph,,no
kazpost.kz,xn--kapst-lua28z.kz,homoglyph,,no
kazpost.kz,xn--kapst-lua3914c.kz,homoglyph,,no
kazpost.kz,xn--kapst-lua46g.kz,homoglyph,,no
kazpost.kz,xn--kapst-lua4998e.kz,homoglyph,,no
kazpost.kz,xn--kapst-lua63g.kz,homoglyph,,no
kazpost.kz,xn--kapst-lua65k.kz,homoglyph,,no
kazpost.kz,xn--kapst-lua6951c.kz,homoglyph,,no
kazpost.kz,xn--kapst-lua9714c.kz,homoglyph,,no
kazpost.kz,xn--kapst-o29ao2j.kz,homoglyph,,no
kazpost.kz,xn--kapst-o29aqf.kz,homoglyph,,no
kazpost.kz,xn--kapst-o29av01j.kz,homoglyph,,no
kazpost.kz,xn--kapst-o29ax1j.kz,homoglyph,,no
kazpost.kz,xn--kapst-u9a0753c.kz,homoglyph,,no
kazpost.kz,xn--kapst-u9a14a.kz,homoglyph,,no
kazpost.kz,xn--kapst-u9a1738e.kz,homoglyph,,no
kazpost.kz,xn--kapst-u9a31a.kz,homoglyph,,no
kazpost.kz,xn--kapst-u9a33e.kz,homoglyph,,no
kazpost.kz,xn--kapst-u9a3790c.kz,homoglyph,,no
kazpost.kz,xn--kapst-u9a6553c.kz,homoglyph,,no
kazpost.kz,xn--kapst-u9a72a.kz,homoglyph,,no
kazpost.kz,xn--kapst-u9a95t.kz,homoglyph,,no
kazpost.kz,xn--kapst-uuc2371c.kz,homoglyph,,no
kazpost.kz,xn--kapst-uuc6958b.kz,homoglyph,,no
kazpost.kz,xn--kapst-uuc8171c.kz,homoglyph,,no
kazpost.kz,xn--kapst-vib0563c.kz,homoglyph,,no
kazpost.kz,xn--kapst-vib0w.kz,homoglyph,,no
kazpost.kz,xn--kapst-vib4150c.kz,homoglyph,,no
kazpost.kz,xn--kapst-vib45j.kz,homoglyph,,no
kazpost.kz,xn--kapst-vib6363c.kz,homoglyph,,no
kazpost.kz,xn--kapst-w59ao4k.kz,homoglyph,,no
kazpost.kz,xn--kapst-w59ax3k.kz,homoglyph,,no
kazpost.kz,xn--kapst-wob2892c.kz,homoglyph,,no
kazpost.kz,xn--kapst-wob58n.kz,homoglyph,,no
kazpost.kz,xn--kapst-wob6992c.kz,homoglyph,,no
kazpost.kz,xn--kapst-wob7977e.kz,homoglyph,,no
kazpost.kz,xn--kapst-wob9930c.kz,homoglyph,,no
kazpost.kz,xn--kapst-wob9l.kz,homoglyph,,no
kazpost.kz,xn--kapst-wta010a.kz,homoglyph,,no
kazpost.kz,xn--kapst-wta1224c.kz,homoglyph,,no
kazpost.kz,xn--kapst-wta2209e.kz,homoglyph,,no
kazpost.kz,xn--kapst-wta29g.kz,homoglyph,,no
kazpost.kz,xn--kapst-wta4261c.kz,homoglyph,,no
kazpost.kz,xn--kapst-wta46g.kz,homoglyph,,no
kazpost.kz,xn--kapst-wta48k.kz,homoglyph,,no
kazpost.kz,xn--kapst-wta7024c.kz,homoglyph,,no
kazpost.kz,xn--kapst-wta87g.kz,homoglyph,,no
kazpost.kz,xn--kapst-xua05g.kz,homoglyph,,no
kazpost.kz,xn--kapst-xua0898e.kz,homoglyph,,no
kazpost.kz,xn--kapst-xua22g.kz,homoglyph,,no
kazpost.kz,xn--kapst-xua24k.kz,homoglyph,,no
kazpost.kz,xn--kapst-xua2851c.kz,homoglyph,,no
kazpost.kz,xn--kapst-xua5614c.kz,homoglyph,,no
kazpost.kz,xn--kapst-xua63g.kz,homoglyph,,no
kazpost.kz,xn--kapst-xua86z.kz,homoglyph,,no
kazpost.kz,xn--kapst-xua9714c.kz,homoglyph,,no
kazpost.kz,xn--kaz0st-52b.kz,homoglyph,,no
kazpost.kz,xn--kaz0st-5w7b.kz,homoglyph,,no
kazpost.kz,xn--kaz0st-rw7b.kz,homoglyph,,no
kazpost.kz,xn--kaz0st-yxb.kz,homoglyph,,no
kazpost.kz,xn--kazos-0eb3592c.kz,homoglyph,,no
kazpost.kz,xn--kazos-0eb54b.kz,homoglyph,,no
kazpost.kz,xn--kazos-0eb72d.kz,homoglyph,,no
kazpost.kz,xn--kazos-0eb7692c.kz,homoglyph,,no
kazpost.kz,xn--kazos-1tb0152c.kz,homoglyph,,no
kazpost.kz,xn--kazos-1tb06d.kz,homoglyph,,no
kazpost.kz,xn--kazos-1tb6942c.kz,homoglyph,,no
kazpost.kz,xn--kazos-ceb1892c.kz,homoglyph,,no
kazpost.kz,xn--kazos-ceb37b.kz,homoglyph,,no
kazpost.kz,xn--kazos-ceb55d.kz,homoglyph,,no
kazpost.kz,xn--kazos-ceb5992c.kz,homoglyph,,no
kazpost.kz,xn--kazos-ko1b6g.kz,homoglyph,,no
kazpost.kz,xn--kazos-ko1bsg.kz,homoglyph,,no
kazpost.kz,xn--kazos-lpb24f.kz,homoglyph,,no
kazpost.kz,xn--kazos-lpb2962c.kz,homoglyph,,no
kazpost.kz,xn--kazos-lpb8762c.kz,homoglyph,,no
kazpost.kz,xn--kazos-lpb8b.kz,homoglyph,,no
kazpost.kz,xn--kazos-oeb14d.kz,homoglyph,,no
kazpost.kz,xn--kazos-oeb1892c.kz,homoglyph,,no
kazpost.kz,xn--kazos-oeb7692c.kz,homoglyph,,no
kazpost.kz,xn--kazos-oeb95b.kz,homoglyph,,no
kazpost.kz,xn--kazos-oqb1942c.kz,homoglyph,,no
kazpost.kz,xn--kazos-oqb1l.kz,homoglyph,,no
kazpost.kz,xn--kazos-oqb7742c.kz,homoglyph,,no
kazpost.kz,xn--kazos-v9b3961c.kz,homoglyph,,no
kazpost.kz,xn--kazos-v9b7071c.kz,homoglyph,,no
kazpost.kz,xn--kazos-wo1b1f.kz,homoglyph,,no
kazpost.kz,xn--kazos-wo1bsg.kz,homoglyph,,no
kazpost.kz,xn--kazost-52b.kz,homoglyph,,no
kazpost.kz,xn--kazost-5w7b.kz,homoglyph,,no
kazpost.kz,xn--kazost-rw7b.kz,homoglyph,,no
kazpost.kz,xn--kazost-yxb.kz,homoglyph,,no
kazpost.kz,xn--kazot-1tb08k.kz,homoglyph,,no
kazpost.kz,xn--kazot-1tb39570a.kz,homoglyph,,no
kazpost.kz,xn--kazot-1tb5242c.kz,homoglyph,,no
kazpost.kz,xn--kazot-1tb54d.kz,homoglyph,,no
kazpost.kz,xn--kazot-1tb9342c.kz,homoglyph,,no
kazpost.kz,xn--kazot-9cb4203c.kz,homoglyph,,no
kazpost.kz,xn--kazot-9cb61c.kz,homoglyph,,no
kazpost.kz,xn--kazot-9cb8303c.kz,homoglyph,,no
kazpost.kz,xn--kazot-9cb89d.kz,homoglyph,,no
kazpost.kz,xn--kazot-i9b2271c.kz,homoglyph,,no
kazpost.kz,xn--kazot-i9b8071c.kz,homoglyph,,no
kazpost.kz,xn--kazot-isc3790c.kz,homoglyph,,no
kazpost.kz,xn--kazot-isc7890c.kz,homoglyph,,no
kazpost.kz,xn--kazot-ko1b1677h.kz,homoglyph,,no
kazpost.kz,xn--kazot-ko1b4d.kz,homoglyph,,no
kazpost.kz,xn--kazot-ko1bqd.kz,homoglyph,,no
kazpost.kz,xn--kazot-lpb1262c.kz,homoglyph,,no
kazpost.kz,xn--kazot-lpb26m.kz,homoglyph,,no
kazpost.kz,xn--kazot-lpb57770a.kz,homoglyph,,no
kazpost.kz,xn--kazot-lpb7062c.kz,homoglyph,,no
kazpost.kz,xn--kazot-lpb72f.kz,homoglyph,,no
kazpost.kz,xn--kazot-mdb0103c.kz,homoglyph,,no
kazpost.kz,xn--kazot-mdb20c.kz,homoglyph,,no
kazpost.kz,xn--kazot-mdb4203c.kz,homoglyph,,no
kazpost.kz,xn--kazot-mdb48d.kz,homoglyph,,no
kazpost.kz,xn--kazot-wo1bn677h.kz,homoglyph,,no
kazpost.kz,xn--kazot-wo1bqd.kz,homoglyph,,no
kazpost.kz,xn--kazot-wo1bzc.kz,homoglyph,,no
kazpost.kz,xn--kazot-xcb03c.kz,homoglyph,,no
kazpost.kz,xn--kazot-xcb21e.kz,homoglyph,,no
kazpost.kz,xn--kazot-xcb2503c.kz,homoglyph,,no
kazpost.kz,xn--kazot-xcb8303c.kz,homoglyph,,no
kazpost.kz,xn--kazot-ydb0103c.kz,homoglyph,,no
kazpost.kz,xn--kazot-ydb07d.kz,homoglyph,,no
kazpost.kz,xn--kazot-ydb6992c.kz,homoglyph,,no
kazpost.kz,xn--kazot-ydb88b.kz,homoglyph,,no
kazpost.kz,xn--kazp0s-807b.kz,homoglyph,,no
kazpost.kz,xn--kazp0s-8kb.kz,homoglyph,,no
kazpost.kz,xn--kazp0s-8yb.kz,homoglyph,,no
kazpost.kz,xn--kazp0s-n17b.kz,homoglyph,,no
kazpost.kz,xn--kazp0s-nlb.kz,homoglyph,,no
kazpost.kz,xn--kazp0s-nmc.kz,homoglyph,,no
kazpost.kz,xn--kazp0s-ukb.kz,homoglyph,,no
kazpost.kz,xn--kazp0t-037v.kz,homoglyph,,no
kazpost.kz,xn--kazp0t-0jb.kz,homoglyph,,no
kazpost.kz,xn--kazp0t-76c.kz,homoglyph,,no
kazpost.kz,xn--kazp0t-7ib.kz,homoglyph,,no
kazpost.kz,xn--kazp0t-7lc.kz,homoglyph,,no
kazpost.kz,xn--kazp0t-7y7b.kz,homoglyph,,no
kazpost.kz,xn--kazp0t-fkb.kz,homoglyph,,no
kazpost.kz,xn--kazp0t-mjb.kz,homoglyph,,no
kazpost.kz,xn--kazp0t-mz7b.kz,homoglyph,,no
kazpost.kz,xn--kazpo-0eb3503c.kz,homoglyph,,no
kazpost.kz,xn--kazpo-0eb49q.kz,homoglyph,,no
kazpost.kz,xn--kazpo-0eb70280a.kz,homoglyph,,no
kazpost.kz,xn--kazpo-0eb9303c.kz,homoglyph,,no
kazpost.kz,xn--kazpo-0eb95j.kz,homoglyph,,no
kazpost.kz,xn--kazpo-0q1b7b.kz,homoglyph,,no
kazpost.kz,xn--kazpo-0q1byc.kz,homoglyph,,no
kazpost.kz,xn--kazpo-bdb06c.kz,homoglyph,,no
kazpost.kz,xn--kazpo-bdb0813c.kz,homoglyph,,no
kazpost.kz,xn--kazpo-bdb0d.kz,homoglyph,,no
kazpost.kz,xn--kazpo-bdb44k.kz,homoglyph,,no
kazpost.kz,xn--kazpo-bdb4913c.kz,homoglyph,,no
kazpost.kz,xn--kazpo-bdb4e.kz,homoglyph,,no
kazpost.kz,xn--kazpo-bdb6b.kz,homoglyph,,no
kazpost.kz,xn--kazpo-ceb1803c.kz,homoglyph,,no
kazpost.kz,xn--kazpo-ceb22r.kz,homoglyph,,no
kazpost.kz,xn--kazpo-ceb53280a.kz,homoglyph,,no
kazpost.kz,xn--kazpo-ceb7603c.kz,homoglyph,,no
kazpost.kz,xn--kazpo-ceb78j.kz,homoglyph,,no
kazpost.kz,xn--kazpo-es1b6967h.kz,homoglyph,,no
kazpost.kz,xn--kazpo-j9b4681c.kz,homoglyph,,no
kazpost.kz,xn--kazpo-j9b8781c.kz,homoglyph,,no
kazpost.kz,xn--kazpo-j9bo.kz,homoglyph,,no
kazpost.kz,xn--kazpo-jsc3411c.kz,homoglyph,,no
kazpost.kz,xn--kazpo-jsc9211c.kz,homoglyph,,no
kazpost.kz,xn--kazpo-ndb03k.kz,homoglyph,,no
kazpost.kz,xn--kazpo-ndb0813c.kz,homoglyph,,no
kazpost.kz,xn--kazpo-ndb0d.kz,homoglyph,,no
kazpost.kz,xn--kazpo-ndb2a.kz,homoglyph,,no
kazpost.kz,xn--kazpo-ndb64c.kz,homoglyph,,no
kazpost.kz,xn--kazpo-ndb6613c.kz,homoglyph,,no
kazpost.kz,xn--kazpo-ndb6b.kz,homoglyph,,no
kazpost.kz,xn--kazpo-oeb12280a.kz,homoglyph,,no
kazpost.kz,xn--kazpo-oeb3503c.kz,homoglyph,,no
kazpost.kz,xn--kazpo-oeb37j.kz,homoglyph,,no
kazpost.kz,xn--kazpo-oeb7603c.kz,homoglyph,,no
kazpost.kz,xn--kazpo-oeb80r.kz,homoglyph,,no
kazpost.kz,xn--kazpo-oq1bpd.kz,homoglyph,,no
kazpost.kz,xn--kazpo-oq1byc.kz,homoglyph,,no
kazpost.kz,xn--kazpo-oqb13770a.kz,homoglyph,,no
kazpost.kz,xn--kazpo-oqb3652c.kz,homoglyph,,no
kazpost.kz,xn--kazpo-oqb38e.kz,homoglyph,,no
kazpost.kz,xn--kazpo-oqb7752c.kz,homoglyph,,no
kazpost.kz,xn--kazpo-oqb81m.kz,homoglyph,,no
kazpost.kz,xn--kazpo-qs1bs967h.kz,homoglyph,,no
kazpost.kz,xn--kazpo-v9b3971c.kz,homoglyph,,no
kazpost.kz,xn--kazpo-v9b43e.kz,homoglyph,,no
kazpost.kz,xn--kazpo-v9b74960a.kz,homoglyph,,no
kazpost.kz,xn--kazpo-v9b9771c.kz,homoglyph,,no
kazpost.kz,xn--kazpo-ycb0d.kz,homoglyph,,no
kazpost.kz,xn--kazpo-ycb47c.kz,homoglyph,,no
kazpost.kz,xn--kazpo-ycb4913c.kz,homoglyph,,no
kazpost.kz,xn--kazpo-ycb4e.kz,homoglyph,,no
kazpost.kz,xn--kazpo-ycb8023c.kz,homoglyph,,no
kazpost.kz,xn--kazpo-ycb85k.kz,homoglyph,,no
kazpost.kz,xn--kazpo-ycb8f.kz,homoglyph,,no
kazpost.kz,xn--kazpo-zdb23c.kz,homoglyph,,no
kazpost.kz,xn--kazpo-zdb2513c.kz,homoglyph,,no
kazpost.kz,xn--kazpo-zdb2a.kz,homoglyph,,no
kazpost.kz,xn--kazpo-zdb61k.kz,homoglyph,,no
kazpost.kz,xn--kazpo-zdb6613c.kz,homoglyph,,no
kazpost.kz,xn--kazpo-zdb6b.kz,homoglyph,,no
kazpost.kz,xn--kazpo-zdbo.kz,homoglyph,,no
kazpost.kz,xn--kazpos-807b.kz,homoglyph,,no
kazpost.kz,xn--kazpos-8kb.kz,homoglyph,,no
kazpost.kz,xn--kazpos-8yb.kz,homoglyph,,no
kazpost.kz,xn--kazpos-n17b.kz,homoglyph,,no
kazpost.kz,xn--kazpos-nlb.kz,homoglyph,,no
kazpost.kz,xn--kazpos-nmc.kz,homoglyph,,no
kazpost.kz,xn--kazpos-ukb.kz,homoglyph,,no
kazpost.kz,xn--kazpot-037v.kz,homoglyph,,no
kazpost.kz,xn--kazpot-0jb.kz,homoglyph,,no
kazpost.kz,xn--kazpot-76c.kz,homoglyph,,no
kazpost.kz,xn--kazpot-7ib.kz,homoglyph,,no
kazpost.kz,xn--kazpot-7lc.kz,homoglyph,,no
kazpost.kz,xn--kazpot-7y7b.kz,homoglyph,,no
kazpost.kz,xn--kazpot-fkb.kz,homoglyph,,no
kazpost.kz,xn--kazpot-mjb.kz,homoglyph,,no
kazpost.kz,xn--kazpot-mz7b.kz,homoglyph,,no
kazpost.kz,xn--kazps-0eb21l.kz,homoglyph,,no
kazpost.kz,xn--kazps-0eb2760c.kz,homoglyph,,no
kazpost.kz,xn--kazps-0eb4973c.kz,homoglyph,,no
kazpost.kz,xn--kazps-0eb8083c.kz,homoglyph,,no
kazpost.kz,xn--kazps-0eb81b.kz,homoglyph,,no
kazpost.kz,xn--kazps-3ta30k.kz,homoglyph,,no
kazpost.kz,xn--kazps-3ta31f.kz,homoglyph,,no
kazpost.kz,xn--kazps-3ta3293c.kz,homoglyph,,no
kazpost.kz,xn--kazps-3ta72f.kz,homoglyph,,no
kazpost.kz,xn--kazps-3ta7393c.kz,homoglyph,,no
kazpost.kz,xn--kazps-3ta78r.kz,homoglyph,,no
kazpost.kz,xn--kazps-3ta99e.kz,homoglyph,,no
kazpost.kz,xn--kazps-79a1k.kz,homoglyph,,no
kazpost.kz,xn--kazps-79a54d.kz,homoglyph,,no
kazpost.kz,xn--kazps-79a5623c.kz,homoglyph,,no
kazpost.kz,xn--kazps-79a5l.kz,homoglyph,,no
kazpost.kz,xn--kazps-79a92l.kz,homoglyph,,no
kazpost.kz,xn--kazps-79a9723c.kz,homoglyph,,no
kazpost.kz,xn--kazps-79a9m.kz,homoglyph,,no
kazpost.kz,xn--kazps-9dc1171c.kz,homoglyph,,no
kazpost.kz,xn--kazps-9dc5271c.kz,homoglyph,,no
kazpost.kz,xn--kazps-9ta02f.kz,homoglyph,,no
kazpost.kz,xn--kazps-9ta0393c.kz,homoglyph,,no
kazpost.kz,xn--kazps-9ta08r.kz,homoglyph,,no
kazpost.kz,xn--kazps-9ta29e.kz,homoglyph,,no
kazpost.kz,xn--kazps-9ta60f.kz,homoglyph,,no
kazpost.kz,xn--kazps-9ta6193c.kz,homoglyph,,no
kazpost.kz,xn--kazps-9ta69j.kz,homoglyph,,no
kazpost.kz,xn--kazps-ceb0070c.kz,homoglyph,,no
kazpost.kz,xn--kazps-ceb04l.kz,homoglyph,,no
kazpost.kz,xn--kazps-ceb2283c.kz,homoglyph,,no
kazpost.kz,xn--kazps-ceb6383c.kz,homoglyph,,no
kazpost.kz,xn--kazps-ceb64b.kz,homoglyph,,no
kazpost.kz,xn--kazps-es1b53a.kz,homoglyph,,no
kazpost.kz,xn--kazps-es1br3a.kz,homoglyph,,no
kazpost.kz,xn--kazps-gua31f.kz,homoglyph,,no
kazpost.kz,xn--kazps-gua3293c.kz,homoglyph,,no
kazpost.kz,xn--kazps-gua37r.kz,homoglyph,,no
kazpost.kz,xn--kazps-gua58e.kz,homoglyph,,no
kazpost.kz,xn--kazps-gua9093c.kz,homoglyph,,no
kazpost.kz,xn--kazps-gua98j.kz,homoglyph,,no
kazpost.kz,xn--kazps-gua99e.kz,homoglyph,,no
kazpost.kz,xn--kazps-j9a37d.kz,homoglyph,,no
kazpost.kz,xn--kazps-j9a3923c.kz,homoglyph,,no
kazpost.kz,xn--kazps-j9a3o.kz,homoglyph,,no
kazpost.kz,xn--kazps-j9a7033c.kz,homoglyph,,no
kazpost.kz,xn--kazps-j9a75l.kz,homoglyph,,no
kazpost.kz,xn--kazps-j9a7p.kz,homoglyph,,no
kazpost.kz,xn--kazps-j9a9m.kz,homoglyph,,no
kazpost.kz,xn--kazps-mua2093c.kz,homoglyph,,no
kazpost.kz,xn--kazps-mua28j.kz,homoglyph,,no
kazpost.kz,xn--kazps-mua29e.kz,homoglyph,,no
kazpost.kz,xn--kazps-mua60f.kz,homoglyph,,no
kazpost.kz,xn--kazps-mua6193c.kz,homoglyph,,no
kazpost.kz,xn--kazps-mua66r.kz,homoglyph,,no
kazpost.kz,xn--kazps-mua87e.kz,homoglyph,,no
kazpost.kz,xn--kazps-oeb2283c.kz,homoglyph,,no
kazpost.kz,xn--kazps-oeb23b.kz,homoglyph,,no
kazpost.kz,xn--kazps-oeb62l.kz,homoglyph,,no
kazpost.kz,xn--kazps-oeb6860c.kz,homoglyph,,no
kazpost.kz,xn--kazps-oeb8083c.kz,homoglyph,,no
kazpost.kz,xn--kazps-oqb2333c.kz,homoglyph,,no
kazpost.kz,xn--kazps-oqb63g.kz,homoglyph,,no
kazpost.kz,xn--kazps-oqb6910c.kz,homoglyph,,no
kazpost.kz,xn--kazps-oqb8133c.kz,homoglyph,,no
kazpost.kz,xn--kazps-p29an0i.kz,homoglyph,,no
kazpost.kz,xn--kazps-p29aw9h.kz,homoglyph,,no
kazpost.kz,xn--kazps-qs1b02a.kz,homoglyph,,no
kazpost.kz,xn--kazps-qs1br3a.kz,homoglyph,,no
kazpost.kz,xn--kazps-v9a34l.kz,homoglyph,,no
kazpost.kz,xn--kazps-v9a3923c.kz,homoglyph,,no
kazpost.kz,xn--kazps-v9a3o.kz,homoglyph,,no
kazpost.kz,xn--kazps-v9a5l.kz,homoglyph,,no
kazpost.kz,xn--kazps-v9a95d.kz,homoglyph,,no
kazpost.kz,xn--kazps-v9a9723c.kz,homoglyph,,no
kazpost.kz,xn--kazps-v9a9m.kz,homoglyph,,no
kazpost.kz,xn--kazps-v9b2149b.kz,homoglyph,,no
kazpost.kz,xn--kazps-v9b2l.kz,homoglyph,,no
kazpost.kz,xn--kazps-v9b4352c.kz,homoglyph,,no
kazpost.kz,xn--kazps-v9b8452c.kz,homoglyph,,no
kazpost.kz,xn--kazps-xob5072c.kz,homoglyph,,no
kazpost.kz,xn--kazps-xob5e.kz,homoglyph,,no
kazpost.kz,xn--kazps-xob9172c.kz,homoglyph,,no
kazpost.kz,xn--kazps-xob96f.kz,homoglyph,,no
kazpost.kz,xn--kazps-xta01k.kz,homoglyph,,no
kazpost.kz,xn--kazps-xta02f.kz,homoglyph,,no
kazpost.kz,xn--kazps-xta0393c.kz,homoglyph,,no
kazpost.kz,xn--kazps-xta43f.kz,homoglyph,,no
kazpost.kz,xn--kazps-xta4493c.kz,homoglyph,,no
kazpost.kz,xn--kazps-xta49r.kz,homoglyph,,no
kazpost.kz,xn--kazps-xta60f.kz,homoglyph,,no
kazpost.kz,xn--kazps-yua2093c.kz,homoglyph,,no
kazpost.kz,xn--kazps-yua25r.kz,homoglyph,,no
kazpost.kz,xn--kazps-yua29e.kz,homoglyph,,no
kazpost.kz,xn--kazps-yua46e.kz,homoglyph,,no
kazpost.kz,xn--kazps-yua86j.kz,homoglyph,,no
kazpost.kz,xn--kazps-yua87e.kz,homoglyph,,no
kazpost.kz,xn--kazps-yua8883c.kz,homoglyph,,no
kazpost.kz,xn--kazpst-6gb.kz,homoglyph,,no
kazpost.kz,xn--kazpst-6l8b.kz,homoglyph,,no
kazpost.kz,xn--kazpst-6wa.kz,homoglyph,,no
kazpost.kz,xn--kazpst-6wb.kz,homoglyph,,no
kazpost.kz,xn--kazpst-egb.kz,homoglyph,,no
kazpost.kz,xn--kazpst-exa.kz,homoglyph,,no
kazpost.kz,xn--kazpst-eya.kz,homoglyph,,no
kazpost.kz,xn--kazpst-l15b.kz,homoglyph,,no
kazpost.kz,xn--kazpst-lqc.kz,homoglyph,,no
kazpost.kz,xn--kazpst-lxa.kz,homoglyph,,no
kazpost.kz,xn--kazpst-sgb.kz,homoglyph,,no
kazpost.kz,xn--kazpst-sl8b.kz,homoglyph,,no
kazpost.kz,xn--kazpst-sxa.kz,homoglyph,,no
kazpost.kz,xn--kazpst-zxa.kz,homoglyph,,no
kazpost.kz,xn--kazpt-3ta02090a.kz,homoglyph,,no
kazpost.kz,xn--kazpt-3ta07e.kz,homoglyph,,no
kazpost.kz,xn--kazpt-3ta24e.kz,homoglyph,,no
kazpost.kz,xn--kazpt-3ta2583c.kz,homoglyph,,no
kazpost.kz,xn--kazpt-3ta27r.kz,homoglyph,,no
kazpost.kz,xn--kazpt-3ta48e.kz,homoglyph,,no
kazpost.kz,xn--kazpt-3ta65e.kz,homoglyph,,no
kazpost.kz,xn--kazpt-3ta6683c.kz,homoglyph,,no
kazpost.kz,xn--kazpt-3ta70z.kz,homoglyph,,no
kazpost.kz,xn--kazpt-581bu792h.kz,homoglyph,,no
kazpost.kz,xn--kazpt-79a26380a.kz,homoglyph,,no
kazpost.kz,xn--kazpt-79a2h.kz,homoglyph,,no
kazpost.kz,xn--kazpt-79a41l.kz,homoglyph,,no
kazpost.kz,xn--kazpt-79a4913c.kz,homoglyph,,no
kazpost.kz,xn--kazpt-79a4e.kz,homoglyph,,no
kazpost.kz,xn--kazpt-79a6i.kz,homoglyph,,no
kazpost.kz,xn--kazpt-79a8023c.kz,homoglyph,,no
kazpost.kz,xn--kazpt-79a8f.kz,homoglyph,,no
kazpost.kz,xn--kazpt-79a94s.kz,homoglyph,,no
kazpost.kz,xn--kazpt-9cb3470c.kz,homoglyph,,no
kazpost.kz,xn--kazpt-9cb38l.kz,homoglyph,,no
kazpost.kz,xn--kazpt-9cb5683c.kz,homoglyph,,no
kazpost.kz,xn--kazpt-9cb9783c.kz,homoglyph,,no
kazpost.kz,xn--kazpt-9cb98b.kz,homoglyph,,no
kazpost.kz,xn--kazpt-9dc0461c.kz,homoglyph,,no
kazpost.kz,xn--kazpt-9dc4561c.kz,homoglyph,,no
kazpost.kz,xn--kazpt-9dc59c.kz,homoglyph,,no
kazpost.kz,xn--kazpt-9dc80860a.kz,homoglyph,,no
kazpost.kz,xn--kazpt-9ta00z.kz,homoglyph,,no
kazpost.kz,xn--kazpt-9ta31090a.kz,homoglyph,,no
kazpost.kz,xn--kazpt-9ta36e.kz,homoglyph,,no
kazpost.kz,xn--kazpt-9ta53e.kz,homoglyph,,no
kazpost.kz,xn--kazpt-9ta5483c.kz,homoglyph,,no
kazpost.kz,xn--kazpt-9ta56r.kz,homoglyph,,no
kazpost.kz,xn--kazpt-9ta77e.kz,homoglyph,,no
kazpost.kz,xn--kazpt-9ta94e.kz,homoglyph,,no
kazpost.kz,xn--kazpt-9ta9583c.kz,homoglyph,,no
kazpost.kz,xn--kazpt-gua07e.kz,homoglyph,,no
kazpost.kz,xn--kazpt-gua24e.kz,homoglyph,,no
kazpost.kz,xn--kazpt-gua2583c.kz,homoglyph,,no
kazpost.kz,xn--kazpt-gua39y.kz,homoglyph,,no
kazpost.kz,xn--kazpt-gua60090a.kz,homoglyph,,no
kazpost.kz,xn--kazpt-gua65e.kz,homoglyph,,no
kazpost.kz,xn--kazpt-gua82e.kz,homoglyph,,no
kazpost.kz,xn--kazpt-gua8383c.kz,homoglyph,,no
kazpost.kz,xn--kazpt-gua85r.kz,homoglyph,,no
kazpost.kz,xn--kazpt-i91b4692h.kz,homoglyph,,no
kazpost.kz,xn--kazpt-i9b3652c.kz,homoglyph,,no
kazpost.kz,xn--kazpt-i9b7249b.kz,homoglyph,,no
kazpost.kz,xn--kazpt-i9b7m.kz,homoglyph,,no
kazpost.kz,xn--kazpt-i9b9452c.kz,homoglyph,,no
kazpost.kz,xn--kazpt-isc2968b.kz,homoglyph,,no
kazpost.kz,xn--kazpt-isc4181c.kz,homoglyph,,no
kazpost.kz,xn--kazpt-isc8281c.kz,homoglyph,,no
kazpost.kz,xn--kazpt-j9a09380a.kz,homoglyph,,no
kazpost.kz,xn--kazpt-j9a0k.kz,homoglyph,,no
kazpost.kz,xn--kazpt-j9a2223c.kz,homoglyph,,no
kazpost.kz,xn--kazpt-j9a24l.kz,homoglyph,,no
kazpost.kz,xn--kazpt-j9a2h.kz,homoglyph,,no
kazpost.kz,xn--kazpt-j9a4l.kz,homoglyph,,no
kazpost.kz,xn--kazpt-j9a6323c.kz,homoglyph,,no
kazpost.kz,xn--kazpt-j9a6i.kz,homoglyph,,no
kazpost.kz,xn--kazpt-j9a77s.kz,homoglyph,,no
kazpost.kz,xn--kazpt-mdb1583c.kz,homoglyph,,no
kazpost.kz,xn--kazpt-mdb5683c.kz,homoglyph,,no
kazpost.kz,xn--kazpt-mdb57b.kz,homoglyph,,no
kazpost.kz,xn--kazpt-mdb9270c.kz,homoglyph,,no
kazpost.kz,xn--kazpt-mdb96l.kz,homoglyph,,no
kazpost.kz,xn--kazpt-mua12e.kz,homoglyph,,no
kazpost.kz,xn--kazpt-mua1383c.kz,homoglyph,,no
kazpost.kz,xn--kazpt-mua15r.kz,homoglyph,,no
kazpost.kz,xn--kazpt-mua36e.kz,homoglyph,,no
kazpost.kz,xn--kazpt-mua53e.kz,homoglyph,,no
kazpost.kz,xn--kazpt-mua5483c.kz,homoglyph,,no
kazpost.kz,xn--kazpt-mua68y.kz,homoglyph,,no
kazpost.kz,xn--kazpt-mua94e.kz,homoglyph,,no
kazpost.kz,xn--kazpt-mua99980a.kz,homoglyph,,no
kazpost.kz,xn--kazpt-nq1b76a.kz,homoglyph,,no
kazpost.kz,xn--kazpt-nq1bt6a.kz,homoglyph,,no
kazpost.kz,xn--kazpt-p29a5578h.kz,homoglyph,,no
kazpost.kz,xn--kazpt-p29a86h.kz,homoglyph,,no
kazpost.kz,xn--kazpt-p29au6h.kz,homoglyph,,no
kazpost.kz,xn--kazpt-v9a0k.kz,homoglyph,,no
kazpost.kz,xn--kazpt-v9a2223c.kz,homoglyph,,no
kazpost.kz,xn--kazpt-v9a2h.kz,homoglyph,,no
kazpost.kz,xn--kazpt-v9a36s.kz,homoglyph,,no
kazpost.kz,xn--kazpt-v9a67380a.kz,homoglyph,,no
kazpost.kz,xn--kazpt-v9a6i.kz,homoglyph,,no
kazpost.kz,xn--kazpt-v9a8023c.kz,homoglyph,,no
kazpost.kz,xn--kazpt-v9a82l.kz,homoglyph,,no
kazpost.kz,xn--kazpt-v9a8f.kz,homoglyph,,no
kazpost.kz,xn--kazpt-xcb30c.kz,homoglyph,,no
kazpost.kz,xn--kazpt-xcb3983c.kz,homoglyph,,no
kazpost.kz,xn--kazpt-xcb7570c.kz,homoglyph,,no
kazpost.kz,xn--kazpt-xcb79l.kz,homoglyph,,no
kazpost.kz,xn--kazpt-xcb9783c.kz,homoglyph,,no
kazpost.kz,xn--kazpt-xob20870a.kz,homoglyph,,no
kazpost.kz,xn--kazpt-xob4362c.kz,homoglyph,,no
kazpost.kz,xn--kazpt-xob45f.kz,homoglyph,,no
kazpost.kz,xn--kazpt-xob8462c.kz,homoglyph,,no
kazpost.kz,xn--kazpt-xob98m.kz,homoglyph,,no
kazpost.kz,xn--kazpt-xta19e.kz,homoglyph,,no
kazpost.kz,xn--kazpt-xta36e.kz,homoglyph,,no
kazpost.kz,xn--kazpt-xta3783c.kz,homoglyph,,no
kazpost.kz,xn--kazpt-xta41z.kz,homoglyph,,no
kazpost.kz,xn--kazpt-xta72090a.kz,homoglyph,,no
kazpost.kz,xn--kazpt-xta77e.kz,homoglyph,,no
kazpost.kz,xn--kazpt-xta94e.kz,homoglyph,,no
kazpost.kz,xn--kazpt-xta9583c.kz,homoglyph,,no
kazpost.kz,xn--kazpt-xta97r.kz,homoglyph,,no
kazpost.kz,xn--kazpt-ydb1583c.kz,homoglyph,,no
kazpost.kz,xn--kazpt-ydb16b.kz,homoglyph,,no
kazpost.kz,xn--kazpt-ydb5170c.kz,homoglyph,,no
kazpost.kz,xn--kazpt-ydb55l.kz,homoglyph,,no
kazpost.kz,xn--kazpt-ydb7383c.kz,homoglyph,,no
kazpost.kz,xn--kazpt-yua12e.kz,homoglyph,,no
kazpost.kz,xn--kazpt-yua1383c.kz,homoglyph,,no
kazpost.kz,xn--kazpt-yua27y.kz,homoglyph,,no
kazpost.kz,xn--kazpt-yua53e.kz,homoglyph,,no
kazpost.kz,xn--kazpt-yua58980a.kz,homoglyph,,no
kazpost.kz,xn--kazpt-yua70e.kz,homoglyph,,no
kazpost.kz,xn--kazpt-yua7183c.kz,homoglyph,,no
kazpost.kz,xn--kazpt-yua73r.kz,homoglyph,,no
kazpost.kz,xn--kazpt-yua94e.kz,homoglyph,,no
kazpost.kz,xn--kazpt-zq1b25a.kz,homoglyph,,no
kazpost.kz,xn--kazpt-zq1bt6a.kz,homoglyph,,no
kazpost.kz,xn--kazst-1tb0813c.kz,homoglyph,,no
kazpost.kz,xn--kazst-1tb4913c.kz,homoglyph,,no
kazpost.kz,xn--kazst-1tb8500c.kz,homoglyph,,no
kazpost.kz,xn--kazst-1tb89e.kz,homoglyph,,no
kazpost.kz,xn--kazst-2ta14l.kz,homoglyph,,no
kazpost.kz,xn--kazst-2ta1873c.kz,homoglyph,,no
kazpost.kz,xn--kazst-2ta7673c.kz,homoglyph,,no
kazpost.kz,xn--kazst-2ta95j.kz,homoglyph,,no
kazpost.kz,xn--kazst-69a10d.kz,homoglyph,,no
kazpost.kz,xn--kazst-69a3213c.kz,homoglyph,,no
kazpost.kz,xn--kazst-69a38e.kz,homoglyph,,no
kazpost.kz,xn--kazst-69a9013c.kz,homoglyph,,no
kazpost.kz,xn--kazst-8dc5551c.kz,homoglyph,,no
kazpost.kz,xn--kazst-8dc9651c.kz,homoglyph,,no
kazpost.kz,xn--kazst-8ta0673c.kz,homoglyph,,no
kazpost.kz,xn--kazst-8ta25j.kz,homoglyph,,no
kazpost.kz,xn--kazst-8ta43l.kz,homoglyph,,no
kazpost.kz,xn--kazst-8ta4773c.kz,homoglyph,,no
kazpost.kz,xn--kazst-fua3573c.kz,homoglyph,,no
kazpost.kz,xn--kazst-fua54j.kz,homoglyph,,no
kazpost.kz,xn--kazst-fua72l.kz,homoglyph,,no
kazpost.kz,xn--kazst-fua7673c.kz,homoglyph,,no
kazpost.kz,xn--kazst-i9a11f.kz,homoglyph,,no
kazpost.kz,xn--kazst-i9a1513c.kz,homoglyph,,no
kazpost.kz,xn--kazst-i9a7313c.kz,homoglyph,,no
kazpost.kz,xn--kazst-i9a92d.kz,homoglyph,,no
kazpost.kz,xn--kazst-ko1b00b.kz,homoglyph,,no
kazpost.kz,xn--kazst-ko1b99a.kz,homoglyph,,no
kazpost.kz,xn--kazst-lpb0420c.kz,homoglyph,,no
kazpost.kz,xn--kazst-lpb08g.kz,homoglyph,,no
kazpost.kz,xn--kazst-lpb2633c.kz,homoglyph,,no
kazpost.kz,xn--kazst-lpb6733c.kz,homoglyph,,no
kazpost.kz,xn--kazst-lua02l.kz,homoglyph,,no
kazpost.kz,xn--kazst-lua0673c.kz,homoglyph,,no
kazpost.kz,xn--kazst-lua6473c.kz,homoglyph,,no
kazpost.kz,xn--kazst-lua83j.kz,homoglyph,,no
kazpost.kz,xn--kazst-o29a12h.kz,homoglyph,,no
kazpost.kz,xn--kazst-o29as3h.kz,homoglyph,,no
kazpost.kz,xn--kazst-u9a3213c.kz,homoglyph,,no
kazpost.kz,xn--kazst-u9a51d.kz,homoglyph,,no
kazpost.kz,xn--kazst-u9a7313c.kz,homoglyph,,no
kazpost.kz,xn--kazst-u9a79e.kz,homoglyph,,no
kazpost.kz,xn--kazst-wo1b99a.kz,homoglyph,,no
kazpost.kz,xn--kazst-wo1bv9a.kz,homoglyph,,no
kazpost.kz,xn--kazst-wob1a.kz,homoglyph,,no
kazpost.kz,xn--kazst-wob3652c.kz,homoglyph,,no
kazpost.kz,xn--kazst-wob3s.kz,homoglyph,,no
kazpost.kz,xn--kazst-wob9452c.kz,homoglyph,,no
kazpost.kz,xn--kazst-wta4773c.kz,homoglyph,,no
kazpost.kz,xn--kazst-wta66j.kz,homoglyph,,no
kazpost.kz,xn--kazst-wta84l.kz,homoglyph,,no
kazpost.kz,xn--kazst-wta8873c.kz,homoglyph,,no
kazpost.kz,xn--kazst-xua2373c.kz,homoglyph,,no
kazpost.kz,xn--kazst-xua42j.kz,homoglyph,,no
kazpost.kz,xn--kazst-xua60l.kz,homoglyph,,no
kazpost.kz,xn--kazst-xua6473c.kz,homoglyph,,no
kazpost.kz,xn--kpost-0jc2571c.kz,homoglyph,,no
kazpost.kz,xn--kpost-0jc55b.kz,homoglyph,,no
kazpost.kz,xn--kpost-0jc6671c.kz,homoglyph,,no
kazpost.kz,xn--kpost-0jc7656e.kz,homoglyph,,no
kazpost.kz,xn--kpost-0jc9619b.kz,homoglyph,,no
kazpost.kz,xn--kpost-3qa1234c.kz,homoglyph,,no
kazpost.kz,xn--kpost-3qa29h.kz,homoglyph,,no
kazpost.kz,xn--kpost-3qa421a.kz,homoglyph,,no
kazpost.kz,xn--kpost-3qa5334c.kz,homoglyph,,no
kazpost.kz,xn--kpost-3qa60i.kz,homoglyph,,no
kazpost.kz,xn--kpost-3qa6319e.kz,homoglyph,,no
kazpost.kz,xn--kpost-3qa8371c.kz,homoglyph,,no
kazpost.kz,xn--kpost-3qa87h.kz,homoglyph,,no
kazpost.kz,xn--kpost-3qa89l.kz,homoglyph,,no
kazpost.kz,xn--kpost-3wa0904c.kz,homoglyph,,no
kazpost.kz,xn--kpost-3wa16f.kz,homoglyph,,no
kazpost.kz,xn--kpost-3wa1988e.kz,homoglyph,,no
kazpost.kz,xn--kpost-3wa33f.kz,homoglyph,,no
kazpost.kz,xn--kpost-3wa35j.kz,homoglyph,,no
kazpost.kz,xn--kpost-3wa3941c.kz,homoglyph,,no
kazpost.kz,xn--kpost-3wa6704c.kz,homoglyph,,no
kazpost.kz,xn--kpost-3wa74f.kz,homoglyph,,no
kazpost.kz,xn--kpost-3wa97y.kz,homoglyph,,no
kazpost.kz,xn--kpost-4y1b2d.kz,homoglyph,,no
kazpost.kz,xn--kpost-5hb10d.kz,homoglyph,,no
kazpost.kz,xn--kpost-5hb42j.kz,homoglyph,,no
kazpost.kz,xn--kpost-5hb4533c.kz,homoglyph,,no
kazpost.kz,xn--kpost-5hb47m.kz,homoglyph,,no
kazpost.kz,xn--kpost-5hb81m.kz,homoglyph,,no
kazpost.kz,xn--kpost-9qa1371c.kz,homoglyph,,no
kazpost.kz,xn--kpost-9qa17h.kz,homoglyph,,no
kazpost.kz,xn--kpost-9qa19l.kz,homoglyph,,no
kazpost.kz,xn--kpost-9qa4134c.kz,homoglyph,,no
kazpost.kz,xn--kpost-9qa58h.kz,homoglyph,,no
kazpost.kz,xn--kpost-9qa711a.kz,homoglyph,,no
kazpost.kz,xn--kpost-9qa8234c.kz,homoglyph,,no
kazpost.kz,xn--kpost-9qa9219e.kz,homoglyph,,no
kazpost.kz,xn--kpost-9qa99h.kz,homoglyph,,no
kazpost.kz,xn--kpost-elc0171c.kz,homoglyph,,no
kazpost.kz,xn--kpost-elc1156e.kz,homoglyph,,no
kazpost.kz,xn--kpost-elc3119b.kz,homoglyph,,no
kazpost.kz,xn--kpost-elc6961c.kz,homoglyph,,no
kazpost.kz,xn--kpost-elc99a.kz,homoglyph,,no
kazpost.kz,xn--kpost-fwa1251c.kz,homoglyph,,no
kazpost.kz,xn--kpost-fwa16f.kz,homoglyph,,no
kazpost.kz,xn--kpost-fwa18j.kz,homoglyph,,no
kazpost.kz,xn--kpost-fwa4014c.kz,homoglyph,,no
kazpost.kz,xn--kpost-fwa57f.kz,homoglyph,,no
kazpost.kz,xn--kpost-fwa70z.kz,homoglyph,,no
kazpost.kz,xn--kpost-fwa8114c.kz,homoglyph,,no
kazpost.kz,xn--kpost-fwa9198e.kz,homoglyph,,no
kazpost.kz,xn--kpost-fwa98f.kz,homoglyph,,no
kazpost.kz,xn--kpost-gra011a.kz,homoglyph,,no
kazpost.kz,xn--kpost-gra1234c.kz,homoglyph,,no
kazpost.kz,xn--kpost-gra2219e.kz,homoglyph,,no
kazpost.kz,xn--kpost-gra29h.kz,homoglyph,,no
kazpost.kz,xn--kpost-gra4271c.kz,homoglyph,,no
kazpost.kz,xn--kpost-gra46h.kz,homoglyph,,no
kazpost.kz,xn--kpost-gra48l.kz,homoglyph,,no
kazpost.kz,xn--kpost-gra7034c.kz,homoglyph,,no
kazpost.kz,xn--kpost-gra87h.kz,homoglyph,,no
kazpost.kz,xn--kpost-gsb1o.kz,homoglyph,,no
kazpost.kz,xn--kpost-gsb40f.kz,homoglyph,,no
kazpost.kz,xn--kpost-gsb4392c.kz,homoglyph,,no
kazpost.kz,xn--kpost-gsb45i.kz,homoglyph,,no
kazpost.kz,xn--kpost-gsb89h.kz,homoglyph,,no
kazpost.kz,xn--kpost-hz1b9c.kz,homoglyph,,no
kazpost.kz,xn--kpost-iib01j.kz,homoglyph,,no
kazpost.kz,xn--kpost-iib0433c.kz,homoglyph,,no
kazpost.kz,xn--kpost-iib06m.kz,homoglyph,,no
kazpost.kz,xn--kpost-iib40m.kz,homoglyph,,no
kazpost.kz,xn--kpost-iib78c.kz,homoglyph,,no
kazpost.kz,xn--kpost-j11bv34h.kz,homoglyph,,no
kazpost.kz,xn--kpost-kwb27k.kz,homoglyph,,no
kazpost.kz,xn--kpost-kwb3862c.kz,homoglyph,,no
kazpost.kz,xn--kpost-kwb4847e.kz,homoglyph,,no
kazpost.kz,xn--kpost-kwb6800c.kz,homoglyph,,no
kazpost.kz,xn--kpost-kwb9662c.kz,homoglyph,,no
kazpost.kz,xn--kpost-mra0034c.kz,homoglyph,,no
kazpost.kz,xn--kpost-mra17h.kz,homoglyph,,no
kazpost.kz,xn--kpost-mra301a.kz,homoglyph,,no
kazpost.kz,xn--kpost-mra4134c.kz,homoglyph,,no
kazpost.kz,xn--kpost-mra5119e.kz,homoglyph,,no
kazpost.kz,xn--kpost-mra58h.kz,homoglyph,,no
kazpost.kz,xn--kpost-mra7171c.kz,homoglyph,,no
kazpost.kz,xn--kpost-mra75h.kz,homoglyph,,no
kazpost.kz,xn--kpost-mra77l.kz,homoglyph,,no
kazpost.kz,xn--kpost-rqa02i.kz,homoglyph,,no
kazpost.kz,xn--kpost-rqa0519e.kz,homoglyph,,no
kazpost.kz,xn--kpost-rqa21m.kz,homoglyph,,no
kazpost.kz,xn--kpost-rqa2571c.kz,homoglyph,,no
kazpost.kz,xn--kpost-rqa29h.kz,homoglyph,,no
kazpost.kz,xn--kpost-rqa5334c.kz,homoglyph,,no
kazpost.kz,xn--kpost-rqa60i.kz,homoglyph,,no
kazpost.kz,xn--kpost-rqa831a.kz,homoglyph,,no
kazpost.kz,xn--kpost-rqa9434c.kz,homoglyph,,no
kazpost.kz,xn--kpost-rwa0904c.kz,homoglyph,,no
kazpost.kz,xn--kpost-rwa16f.kz,homoglyph,,no
kazpost.kz,xn--kpost-rwa39y.kz,homoglyph,,no
kazpost.kz,xn--kpost-rwa4014c.kz,homoglyph,,no
kazpost.kz,xn--kpost-rwa5098e.kz,homoglyph,,no
kazpost.kz,xn--kpost-rwa57f.kz,homoglyph,,no
kazpost.kz,xn--kpost-rwa7051c.kz,homoglyph,,no
kazpost.kz,xn--kpost-rwa74f.kz,homoglyph,,no
kazpost.kz,xn--kpost-rwa76j.kz,homoglyph,,no
kazpost.kz,xn--kpost-tcc0602c.kz,homoglyph,,no
kazpost.kz,xn--kpost-tcc1686e.kz,homoglyph,,no
kazpost.kz,xn--kpost-tcc3649b.kz,homoglyph,,no
kazpost.kz,xn--kpost-tcc6402c.kz,homoglyph,,no
kazpost.kz,xn--kpost-tcc94e.kz,homoglyph,,no
kazpost.kz,xn--kpost-tuc8041c.kz,homoglyph,,no
kazpost.kz,xn--kpost-uib09l.kz,homoglyph,,no
kazpost.kz,xn--kpost-uib37c.kz,homoglyph,,no
kazpost.kz,xn--kpost-uib6233c.kz,homoglyph,,no
kazpost.kz,xn--kpost-uib64m.kz,homoglyph,,no
kazpost.kz,xn--kpost-uib69i.kz,homoglyph,,no
kazpost.kz,xn--kpost-v59a99i.kz,homoglyph,,no
kazpost.kz,xn--kpost-xqa131a.kz,homoglyph,,no
kazpost.kz,xn--kpost-xqa2434c.kz,homoglyph,,no
kazpost.kz,xn--kpost-xqa31i.kz,homoglyph,,no
kazpost.kz,xn--kpost-xqa3419e.kz,homoglyph,,no
kazpost.kz,xn--kpost-xqa50m.kz,homoglyph,,no
kazpost.kz,xn--kpost-xqa5471c.kz,homoglyph,,no
kazpost.kz,xn--kpost-xqa58h.kz,homoglyph,,no
kazpost.kz,xn--kpost-xqa8234c.kz,homoglyph,,no
kazpost.kz,xn--kpost-xqa99h.kz,homoglyph,,no
kazpost.kz,xn--kzost-0jc3331c.kz,homoglyph,,no
kazpost.kz,xn--kzost-0jc9131c.kz,homoglyph,,no
kazpost.kz,xn--kzost-0tb04e.kz,homoglyph,,no
kazpost.kz,xn--kzost-0tb0782c.kz,homoglyph,,no
kazpost.kz,xn--kzost-0tb09h.kz,homoglyph,,no
kazpost.kz,xn--kzost-0tb43h.kz,homoglyph,,no
kazpost.kz,xn--kzost-0tb7h.kz,homoglyph,,no
kazpost.kz,xn--kzost-3qa08k.kz,homoglyph,,no
kazpost.kz,xn--kzost-3qa2093c.kz,homoglyph,,no
kazpost.kz,xn--kzost-3qa26m.kz,homoglyph,,no
kazpost.kz,xn--kzost-3qa8883c.kz,homoglyph,,no
kazpost.kz,xn--kzost-3wa3463c.kz,homoglyph,,no
kazpost.kz,xn--kzost-3wa53i.kz,homoglyph,,no
kazpost.kz,xn--kzost-3wa71k.kz,homoglyph,,no
kazpost.kz,xn--kzost-3wa7563c.kz,homoglyph,,no
kazpost.kz,xn--kzost-9qa1883c.kz,homoglyph,,no
kazpost.kz,xn--kzost-9qa37k.kz,homoglyph,,no
kazpost.kz,xn--kzost-9qa55m.kz,homoglyph,,no
kazpost.kz,xn--kzost-9qa5983c.kz,homoglyph,,no
kazpost.kz,xn--kzost-elc3621c.kz,homoglyph,,no
kazpost.kz,xn--kzost-elc7721c.kz,homoglyph,,no
kazpost.kz,xn--kzost-fwa1763c.kz,homoglyph,,no
kazpost.kz,xn--kzost-fwa36i.kz,homoglyph,,no
kazpost.kz,xn--kzost-fwa54k.kz,homoglyph,,no
kazpost.kz,xn--kzost-fwa5863c.kz,homoglyph,,no
kazpost.kz,xn--kzost-gra4783c.kz,homoglyph,,no
kazpost.kz,xn--kzost-gra66k.kz,homoglyph,,no
kazpost.kz,xn--kzost-gra84m.kz,homoglyph,,no
kazpost.kz,xn--kzost-gra8883c.kz,homoglyph,,no
kazpost.kz,xn--kzost-jo1byw.kz,homoglyph,,no
kazpost.kz,xn--kzost-kpb22g.kz,homoglyph,,no
kazpost.kz,xn--kzost-kpb2503c.kz,homoglyph,,no
kazpost.kz,xn--kzost-kpb27j.kz,homoglyph,,no
kazpost.kz,xn--kzost-kpb61j.kz,homoglyph,,no
kazpost.kz,xn--kzost-kpb9z.kz,homoglyph,,no
kazpost.kz,xn--kzost-kwb0522c.kz,homoglyph,,no
kazpost.kz,xn--kzost-kwb6322c.kz,homoglyph,,no
kazpost.kz,xn--kzost-mra14m.kz,homoglyph,,no
kazpost.kz,xn--kzost-mra1883c.kz,homoglyph,,no
kazpost.kz,xn--kzost-mra7683c.kz,homoglyph,,no
kazpost.kz,xn--kzost-mra95k.kz,homoglyph,,no
kazpost.kz,xn--kzost-rqa2093c.kz,homoglyph,,no
kazpost.kz,xn--kzost-rqa49k.kz,homoglyph,,no
kazpost.kz,xn--kzost-rqa6193c.kz,homoglyph,,no
kazpost.kz,xn--kzost-rqa67m.kz,homoglyph,,no
kazpost.kz,xn--kzost-rwa13k.kz,homoglyph,,no
kazpost.kz,xn--kzost-rwa1763c.kz,homoglyph,,no
kazpost.kz,xn--kzost-rwa7563c.kz,homoglyph,,no
kazpost.kz,xn--kzost-rwa94i.kz,homoglyph,,no
kazpost.kz,xn--kzost-tcc3161c.kz,homoglyph,,no
kazpost.kz,xn--kzost-tcc7261c.kz,homoglyph,,no
kazpost.kz,xn--kzost-vo1b7v.kz,homoglyph,,no
kazpost.kz,xn--kzost-xqa5983c.kz,homoglyph,,no
kazpost.kz,xn--kzost-xqa78k.kz,homoglyph,,no
kazpost.kz,xn--kzost-xqa9093c.kz,homoglyph,,no
kazpost.kz,xn--kzost-xqa96m.kz,homoglyph,,no
kazpost.kz,xn--kzp0st-35b.kz,homoglyph,,no
kazpost.kz,xn--kzp0st-3ta.kz,homoglyph,,no
kazpost.kz,xn--kzp0st-3za.kz,homoglyph,,no
kazpost.kz,xn--kzp0st-bua.kz,homoglyph,,no
kazpost.kz,xn--kzp0st-bxc.kz,homoglyph,,no
kazpost.kz,xn--kzp0st-i0a.kz,homoglyph,,no
kazpost.kz,xn--kzp0st-ita.kz,homoglyph,,no
kazpost.kz,xn--kzp0st-iua.kz,homoglyph,,no
kazpost.kz,xn--kzp0st-pta.kz,homoglyph,,no
kazpost.kz,xn--kzp0st-w0a.kz,homoglyph,,no
kazpost.kz,xn--kzp0st-wc8b.kz,homoglyph,,no
kazpost.kz,xn--kzp0st-woc.kz,homoglyph,,no
kazpost.kz,xn--kzp0st-wta.kz,homoglyph,,no
kazpost.kz,xn--kzp0st-wyc.kz,homoglyph,,no
kazpost.kz,xn--kzpos-0eb03e.kz,homoglyph,,no
kazpost.kz,xn--kzpos-0eb30o.kz,homoglyph,,no
kazpost.kz,xn--kzpos-0eb35k.kz,homoglyph,,no
kazpost.kz,xn--kzpos-0eb3843c.kz,homoglyph,,no
kazpost.kz,xn--kzpos-0eb74n.kz,homoglyph,,no
kazpost.kz,xn--kzpos-0jc0941c.kz,homoglyph,,no
kazpost.kz,xn--kzpos-0jc6741c.kz,homoglyph,,no
kazpost.kz,xn--kzpos-3qa12g.kz,homoglyph,,no
kazpost.kz,xn--kzpos-3qa52l.kz,homoglyph,,no
kazpost.kz,xn--kzpos-3qa53g.kz,homoglyph,,no
kazpost.kz,xn--kzpos-3qa5404c.kz,homoglyph,,no
kazpost.kz,xn--kzpos-3qa90t.kz,homoglyph,,no
kazpost.kz,xn--kzpos-3qa94g.kz,homoglyph,,no
kazpost.kz,xn--kzpos-3qa9504c.kz,homoglyph,,no
kazpost.kz,xn--kzpos-3wa0083c.kz,homoglyph,,no
kazpost.kz,xn--kzpos-3wa08i.kz,homoglyph,,no
kazpost.kz,xn--kzpos-3wa09d.kz,homoglyph,,no
kazpost.kz,xn--kzpos-3wa40e.kz,homoglyph,,no
kazpost.kz,xn--kzpos-3wa4183c.kz,homoglyph,,no
kazpost.kz,xn--kzpos-3wa46q.kz,homoglyph,,no
kazpost.kz,xn--kzpos-3wa67d.kz,homoglyph,,no
kazpost.kz,xn--kzpos-9qa20t.kz,homoglyph,,no
kazpost.kz,xn--kzpos-9qa24g.kz,homoglyph,,no
kazpost.kz,xn--kzpos-9qa2504c.kz,homoglyph,,no
kazpost.kz,xn--kzpos-9qa41g.kz,homoglyph,,no
kazpost.kz,xn--kzpos-9qa81l.kz,homoglyph,,no
kazpost.kz,xn--kzpos-9qa82g.kz,homoglyph,,no
kazpost.kz,xn--kzpos-9qa8304c.kz,homoglyph,,no
kazpost.kz,xn--kzpos-ceb1153c.kz,homoglyph,,no
kazpost.kz,xn--kzpos-ceb13o.kz,homoglyph,,no
kazpost.kz,xn--kzpos-ceb18k.kz,homoglyph,,no
kazpost.kz,xn--kzpos-ceb57n.kz,homoglyph,,no
kazpost.kz,xn--kzpos-ceb85e.kz,homoglyph,,no
kazpost.kz,xn--kzpos-elc0241c.kz,homoglyph,,no
kazpost.kz,xn--kzpos-elc4341c.kz,homoglyph,,no
kazpost.kz,xn--kzpos-es1b2p.kz,homoglyph,,no
kazpost.kz,xn--kzpos-fwa23e.kz,homoglyph,,no
kazpost.kz,xn--kzpos-fwa2483c.kz,homoglyph,,no
kazpost.kz,xn--kzpos-fwa29q.kz,homoglyph,,no
kazpost.kz,xn--kzpos-fwa40e.kz,homoglyph,,no
kazpost.kz,xn--kzpos-fwa80j.kz,homoglyph,,no
kazpost.kz,xn--kzpos-fwa81e.kz,homoglyph,,no
kazpost.kz,xn--kzpos-fwa8283c.kz,homoglyph,,no
kazpost.kz,xn--kzpos-gra11l.kz,homoglyph,,no
kazpost.kz,xn--kzpos-gra12g.kz,homoglyph,,no
kazpost.kz,xn--kzpos-gra1304c.kz,homoglyph,,no
kazpost.kz,xn--kzpos-gra53g.kz,homoglyph,,no
kazpost.kz,xn--kzpos-gra5404c.kz,homoglyph,,no
kazpost.kz,xn--kzpos-gra59s.kz,homoglyph,,no
kazpost.kz,xn--kzpos-gra70g.kz,homoglyph,,no
kazpost.kz,xn--kzpos-kwb3932c.kz,homoglyph,,no
kazpost.kz,xn--kzpos-kwb7042c.kz,homoglyph,,no
kazpost.kz,xn--kzpos-kwb75c.kz,homoglyph,,no
kazpost.kz,xn--kzpos-mra00g.kz,homoglyph,,no
kazpost.kz,xn--kzpos-mra40l.kz,homoglyph,,no
kazpost.kz,xn--kzpos-mra41g.kz,homoglyph,,no
kazpost.kz,xn--kzpos-mra4204c.kz,homoglyph,,no
kazpost.kz,xn--kzpos-mra82g.kz,homoglyph,,no
kazpost.kz,xn--kzpos-mra8304c.kz,homoglyph,,no
kazpost.kz,xn--kzpos-mra88s.kz,homoglyph,,no
kazpost.kz,xn--kzpos-oeb16n.kz,homoglyph,,no
kazpost.kz,xn--kzpos-oeb44e.kz,homoglyph,,no
kazpost.kz,xn--kzpos-oeb71o.kz,homoglyph,,no
kazpost.kz,xn--kzpos-oeb76k.kz,homoglyph,,no
kazpost.kz,xn--kzpos-oeb7943c.kz,homoglyph,,no
kazpost.kz,xn--kzpos-oqb17i.kz,homoglyph,,no
kazpost.kz,xn--kzpos-oqb4v.kz,homoglyph,,no
kazpost.kz,xn--kzpos-oqb7003c.kz,homoglyph,,no
kazpost.kz,xn--kzpos-oqb72j.kz,homoglyph,,no
kazpost.kz,xn--kzpos-oqb77f.kz,homoglyph,,no
kazpost.kz,xn--kzpos-qs1bop.kz,homoglyph,,no
kazpost.kz,xn--kzpos-rqa32t.kz,homoglyph,,no
kazpost.kz,xn--kzpos-rqa36g.kz,homoglyph,,no
kazpost.kz,xn--kzpos-rqa3704c.kz,homoglyph,,no
kazpost.kz,xn--kzpos-rqa53g.kz,homoglyph,,no
kazpost.kz,xn--kzpos-rqa93l.kz,homoglyph,,no
kazpost.kz,xn--kzpos-rqa94g.kz,homoglyph,,no
kazpost.kz,xn--kzpos-rqa9504c.kz,homoglyph,,no
kazpost.kz,xn--kzpos-rwa09d.kz,homoglyph,,no
kazpost.kz,xn--kzpos-rwa40e.kz,homoglyph,,no
kazpost.kz,xn--kzpos-rwa4183c.kz,homoglyph,,no
kazpost.kz,xn--kzpos-rwa49i.kz,homoglyph,,no
kazpost.kz,xn--kzpos-rwa81e.kz,homoglyph,,no
kazpost.kz,xn--kzpos-rwa8283c.kz,homoglyph,,no
kazpost.kz,xn--kzpos-rwa87q.kz,homoglyph,,no
kazpost.kz,xn--kzpos-tcc0771c.kz,homoglyph,,no
kazpost.kz,xn--kzpos-tcc4871c.kz,homoglyph,,no
kazpost.kz,xn--kzpos-v9b3222c.kz,homoglyph,,no
kazpost.kz,xn--kzpos-v9b34b.kz,homoglyph,,no
kazpost.kz,xn--kzpos-v9b3f.kz,homoglyph,,no
kazpost.kz,xn--kzpos-v9b78a.kz,homoglyph,,no
kazpost.kz,xn--kzpos-xqa23l.kz,homoglyph,,no
kazpost.kz,xn--kzpos-xqa24g.kz,homoglyph,,no
kazpost.kz,xn--kzpos-xqa2504c.kz,homoglyph,,no
kazpost.kz,xn--kzpos-xqa61t.kz,homoglyph,,no
kazpost.kz,xn--kzpos-xqa65g.kz,homoglyph,,no
kazpost.kz,xn--kzpos-xqa6604c.kz,homoglyph,,no
kazpost.kz,xn--kzpos-xqa82g.kz,homoglyph,,no
kazpost.kz,xn--kzpost-35b.kz,homoglyph,,no
kazpost.kz,xn--kzpost-3ta.kz,homoglyph,,no
kazpost.kz,xn--kzpost-3za.kz,homoglyph,,no
kazpost.kz,xn--kzpost-bua.kz,homoglyph,,no
kazpost.kz,xn--kzpost-bxc.kz,homoglyph,,no
kazpost.kz,xn--kzpost-i0a.kz,homoglyph,,no
kazpost.kz,xn--kzpost-ita.kz,homoglyph,,no
kazpost.kz,xn--kzpost-iua.kz,homoglyph,,no
kazpost.kz,xn--kzpost-pta.kz,homoglyph,,no
kazpost.kz,xn--kzpost-w0a.kz,homoglyph,,no
kazpost.kz,xn--kzpost-wc8b.kz,homoglyph,,no
kazpost.kz,xn--kzpost-woc.kz,homoglyph,,no
kazpost.kz,xn--kzpost-wta.kz,homoglyph,,no
kazpost.kz,xn--kzpost-wyc.kz,homoglyph,,no
kazpost.kz,xn--kzpot-0jc06a.kz,homoglyph,,no
kazpost.kz,xn--kzpot-0jc37560a.kz,homoglyph,,no
kazpost.kz,xn--kzpot-0jc5041c.kz,homoglyph,,no
kazpost.kz,xn--kzpot-0jc9141c.kz,homoglyph,,no
kazpost.kz,xn--kzpot-3qa24190a.kz,homoglyph,,no
kazpost.kz,xn--kzpot-3qa29f.kz,homoglyph,,no
kazpost.kz,xn--kzpot-3qa46f.kz,homoglyph,,no
kazpost.kz,xn--kzpot-3qa4793c.kz,homoglyph,,no
kazpost.kz,xn--kzpot-3qa49s.kz,homoglyph,,no
kazpost.kz,xn--kzpot-3qa60g.kz,homoglyph,,no
kazpost.kz,xn--kzpot-3qa87f.kz,homoglyph,,no
kazpost.kz,xn--kzpot-3qa8893c.kz,homoglyph,,no
kazpost.kz,xn--kzpot-3qa920a.kz,homoglyph,,no
kazpost.kz,xn--kzpot-3wa16d.kz,homoglyph,,no
kazpost.kz,xn--kzpot-3wa33d.kz,homoglyph,,no
kazpost.kz,xn--kzpot-3wa3473c.kz,homoglyph,,no
kazpost.kz,xn--kzpot-3wa48x.kz,homoglyph,,no
kazpost.kz,xn--kzpot-3wa74d.kz,homoglyph,,no
kazpost.kz,xn--kzpot-3wa79880a.kz,homoglyph,,no
kazpost.kz,xn--kzpot-3wa91d.kz,homoglyph,,no
kazpost.kz,xn--kzpot-3wa9273c.kz,homoglyph,,no
kazpost.kz,xn--kzpot-3wa94q.kz,homoglyph,,no
kazpost.kz,xn--kzpot-9cb10f.kz,homoglyph,,no
kazpost.kz,xn--kzpot-9cb42l.kz,homoglyph,,no
kazpost.kz,xn--kzpot-9cb4553c.kz,homoglyph,,no
kazpost.kz,xn--kzpot-9cb47o.kz,homoglyph,,no
kazpost.kz,xn--kzpot-9cb81o.kz,homoglyph,,no
kazpost.kz,xn--kzpot-9qa17f.kz,homoglyph,,no
kazpost.kz,xn--kzpot-9qa1893c.kz,homoglyph,,no
kazpost.kz,xn--kzpot-9qa220a.kz,homoglyph,,no
kazpost.kz,xn--kzpot-9qa53190a.kz,homoglyph,,no
kazpost.kz,xn--kzpot-9qa58f.kz,homoglyph,,no
kazpost.kz,xn--kzpot-9qa75f.kz,homoglyph,,no
kazpost.kz,xn--kzpot-9qa7693c.kz,homoglyph,,no
kazpost.kz,xn--kzpot-9qa78s.kz,homoglyph,,no
kazpost.kz,xn--kzpot-9qa99f.kz,homoglyph,,no
kazpost.kz,xn--kzpot-elc3631c.kz,homoglyph,,no
kazpost.kz,xn--kzpot-elc40a.kz,homoglyph,,no
kazpost.kz,xn--kzpot-elc71560a.kz,homoglyph,,no
kazpost.kz,xn--kzpot-elc9431c.kz,homoglyph,,no
kazpost.kz,xn--kzpot-fwa16d.kz,homoglyph,,no
kazpost.kz,xn--kzpot-fwa1773c.kz,homoglyph,,no
kazpost.kz,xn--kzpot-fwa21y.kz,homoglyph,,no
kazpost.kz,xn--kzpot-fwa52980a.kz,homoglyph,,no
kazpost.kz,xn--kzpot-fwa57d.kz,homoglyph,,no
kazpost.kz,xn--kzpot-fwa74d.kz,homoglyph,,no
kazpost.kz,xn--kzpot-fwa7573c.kz,homoglyph,,no
kazpost.kz,xn--kzpot-fwa77q.kz,homoglyph,,no
kazpost.kz,xn--kzpot-fwa98d.kz,homoglyph,,no
kazpost.kz,xn--kzpot-gra05f.kz,homoglyph,,no
kazpost.kz,xn--kzpot-gra0693c.kz,homoglyph,,no
kazpost.kz,xn--kzpot-gra08s.kz,homoglyph,,no
kazpost.kz,xn--kzpot-gra29f.kz,homoglyph,,no
kazpost.kz,xn--kzpot-gra46f.kz,homoglyph,,no
kazpost.kz,xn--kzpot-gra4793c.kz,homoglyph,,no
kazpost.kz,xn--kzpot-gra510a.kz,homoglyph,,no
kazpost.kz,xn--kzpot-gra82190a.kz,homoglyph,,no
kazpost.kz,xn--kzpot-gra87f.kz,homoglyph,,no
kazpost.kz,xn--kzpot-i9b20b.kz,homoglyph,,no
kazpost.kz,xn--kzpot-i9b8322c.kz,homoglyph,,no
kazpost.kz,xn--kzpot-i9b85b.kz,homoglyph,,no
kazpost.kz,xn--kzpot-i9b8g.kz,homoglyph,,no
kazpost.kz,xn--kzpot-isc3051c.kz,homoglyph,,no
kazpost.kz,xn--kzpot-j11bt013h.kz,homoglyph,,no
kazpost.kz,xn--kzpot-kwb09470a.kz,homoglyph,,no
kazpost.kz,xn--kzpot-kwb2232c.kz,homoglyph,,no
kazpost.kz,xn--kzpot-kwb24c.kz,homoglyph,,no
kazpost.kz,xn--kzpot-kwb6332c.kz,homoglyph,,no
kazpost.kz,xn--kzpot-kwb77j.kz,homoglyph,,no
kazpost.kz,xn--kzpot-mdb01l.kz,homoglyph,,no
kazpost.kz,xn--kzpot-mdb0453c.kz,homoglyph,,no
kazpost.kz,xn--kzpot-mdb06o.kz,homoglyph,,no
kazpost.kz,xn--kzpot-mdb40o.kz,homoglyph,,no
kazpost.kz,xn--kzpot-mdb78e.kz,homoglyph,,no
kazpost.kz,xn--kzpot-mra12190a.kz,homoglyph,,no
kazpost.kz,xn--kzpot-mra17f.kz,homoglyph,,no
kazpost.kz,xn--kzpot-mra34f.kz,homoglyph,,no
kazpost.kz,xn--kzpot-mra3593c.kz,homoglyph,,no
kazpost.kz,xn--kzpot-mra37s.kz,homoglyph,,no
kazpost.kz,xn--kzpot-mra58f.kz,homoglyph,,no
kazpost.kz,xn--kzpot-mra75f.kz,homoglyph,,no
kazpost.kz,xn--kzpot-mra7693c.kz,homoglyph,,no
kazpost.kz,xn--kzpot-mra800a.kz,homoglyph,,no
kazpost.kz,xn--kzpot-nq1b4s.kz,homoglyph,,no
kazpost.kz,xn--kzpot-rqa02g.kz,homoglyph,,no
kazpost.kz,xn--kzpot-rqa2004c.kz,homoglyph,,no
kazpost.kz,xn--kzpot-rqa29f.kz,homoglyph,,no
kazpost.kz,xn--kzpot-rqa340a.kz,homoglyph,,no
kazpost.kz,xn--kzpot-rqa60g.kz,homoglyph,,no
kazpost.kz,xn--kzpot-rqa65190a.kz,homoglyph,,no
kazpost.kz,xn--kzpot-rqa80t.kz,homoglyph,,no
kazpost.kz,xn--kzpot-rqa87f.kz,homoglyph,,no
kazpost.kz,xn--kzpot-rqa8893c.kz,homoglyph,,no
kazpost.kz,xn--kzpot-rwa11980a.kz,homoglyph,,no
kazpost.kz,xn--kzpot-rwa16d.kz,homoglyph,,no
kazpost.kz,xn--kzpot-rwa33d.kz,homoglyph,,no
kazpost.kz,xn--kzpot-rwa3473c.kz,homoglyph,,no
kazpost.kz,xn--kzpot-rwa36q.kz,homoglyph,,no
kazpost.kz,xn--kzpot-rwa57d.kz,homoglyph,,no
kazpost.kz,xn--kzpot-rwa74d.kz,homoglyph,,no
kazpost.kz,xn--kzpot-rwa7573c.kz,homoglyph,,no
kazpost.kz,xn--kzpot-rwa89x.kz,homoglyph,,no
kazpost.kz,xn--kzpot-tcc3171c.kz,homoglyph,,no
kazpost.kz,xn--kzpot-tcc45d.kz,homoglyph,,no
kazpost.kz,xn--kzpot-tcc76860a.kz,homoglyph,,no
kazpost.kz,xn--kzpot-tcc9961c.kz,homoglyph,,no
kazpost.kz,xn--kzpot-xcb23o.kz,homoglyph,,no
kazpost.kz,xn--kzpot-xcb51f.kz,homoglyph,,no
kazpost.kz,xn--kzpot-xcb83l.kz,homoglyph,,no
kazpost.kz,xn--kzpot-xcb8653c.kz,homoglyph,,no
kazpost.kz,xn--kzpot-xcb88o.kz,homoglyph,,no
kazpost.kz,xn--kzpot-xqa10t.kz,homoglyph,,no
kazpost.kz,xn--kzpot-xqa17f.kz,homoglyph,,no
kazpost.kz,xn--kzpot-xqa1893c.kz,homoglyph,,no
kazpost.kz,xn--kzpot-xqa31g.kz,homoglyph,,no
kazpost.kz,xn--kzpot-xqa58f.kz,homoglyph,,no
kazpost.kz,xn--kzpot-xqa5993c.kz,homoglyph,,no
kazpost.kz,xn--kzpot-xqa630a.kz,homoglyph,,no
kazpost.kz,xn--kzpot-xqa94190a.kz,homoglyph,,no
kazpost.kz,xn--kzpot-xqa99f.kz,homoglyph,,no
kazpost.kz,xn--kzpot-ydb09n.kz,homoglyph,,no
kazpost.kz,xn--kzpot-ydb37e.kz,homoglyph,,no
kazpost.kz,xn--kzpot-ydb6253c.kz,homoglyph,,no
kazpost.kz,xn--kzpot-ydb64o.kz,homoglyph,,no
kazpost.kz,xn--kzpot-ydb69k.kz,homoglyph,,no
kazpost.kz,xn--kzpot-zq1bqs.kz,homoglyph,,no
kazpost.kz,xn--kzpst-0jc0612c.kz,homoglyph,,no
kazpost.kz,xn--kzpst-0jc4712c.kz,homoglyph,,no
kazpost.kz,xn--kzpst-0jc8309b.kz,homoglyph,,no
kazpost.kz,xn--kzpst-2ta16v.kz,homoglyph,,no
kazpost.kz,xn--kzpst-2ta3i.kz,homoglyph,,no
kazpost.kz,xn--kzpst-2ta44m.kz,homoglyph,,no
kazpost.kz,xn--kzpst-2ta71w.kz,homoglyph,,no
kazpost.kz,xn--kzpst-2ta76s.kz,homoglyph,,no
kazpost.kz,xn--kzpst-2ta7924c.kz,homoglyph,,no
kazpost.kz,xn--kzpst-2ta7j.kz,homoglyph,,no
kazpost.kz,xn--kzpst-2ta9g.kz,homoglyph,,no
kazpost.kz,xn--kzpst-3qa0n.kz,homoglyph,,no
kazpost.kz,xn--kzpst-3qa2k.kz,homoglyph,,no
kazpost.kz,xn--kzpst-3qa3474c.kz,homoglyph,,no
kazpost.kz,xn--kzpst-3qa35k.kz,homoglyph,,no
kazpost.kz,xn--kzpst-3qa39e.kz,homoglyph,,no
kazpost.kz,xn--kzpst-3qa56e.kz,homoglyph,,no
kazpost.kz,xn--kzpst-3qa5j.kz,homoglyph,,no
kazpost.kz,xn--kzpst-3qa6l.kz,homoglyph,,no
kazpost.kz,xn--kzpst-3qa7061c.kz,homoglyph,,no
kazpost.kz,xn--kzpst-3qa74u.kz,homoglyph,,no
kazpost.kz,xn--kzpst-3qa8i.kz,homoglyph,,no
kazpost.kz,xn--kzpst-3qa9274c.kz,homoglyph,,no
kazpost.kz,xn--kzpst-3qa97e.kz,homoglyph,,no
kazpost.kz,xn--kzpst-3qa9k.kz,homoglyph,,no
kazpost.kz,xn--kzpst-3wa02c.kz,homoglyph,,no
kazpost.kz,xn--kzpst-3wa20s.kz,homoglyph,,no
kazpost.kz,xn--kzpst-3wa2631c.kz,homoglyph,,no
kazpost.kz,xn--kzpst-3wa43c.kz,homoglyph,,no
kazpost.kz,xn--kzpst-3wa4844c.kz,homoglyph,,no
kazpost.kz,xn--kzpst-3wa80i.kz,homoglyph,,no
kazpost.kz,xn--kzpst-3wa84c.kz,homoglyph,,no
kazpost.kz,xn--kzpst-3wa8944c.kz,homoglyph,,no
kazpost.kz,xn--kzpst-69a30p.kz,homoglyph,,no
kazpost.kz,xn--kzpst-69a68f.kz,homoglyph,,no
kazpost.kz,xn--kzpst-69a90m.kz,homoglyph,,no
kazpost.kz,xn--kzpst-69a9363c.kz,homoglyph,,no
kazpost.kz,xn--kzpst-69a95p.kz,homoglyph,,no
kazpost.kz,xn--kzpst-8dc50a.kz,homoglyph,,no
kazpost.kz,xn--kzpst-8dc5802c.kz,homoglyph,,no
kazpost.kz,xn--kzpst-8dc9u.kz,homoglyph,,no
kazpost.kz,xn--kzpst-8ta01w.kz,homoglyph,,no
kazpost.kz,xn--kzpst-8ta06s.kz,homoglyph,,no
kazpost.kz,xn--kzpst-8ta0924c.kz,homoglyph,,no
kazpost.kz,xn--kzpst-8ta0j.kz,homoglyph,,no
kazpost.kz,xn--kzpst-8ta2g.kz,homoglyph,,no
kazpost.kz,xn--kzpst-8ta45v.kz,homoglyph,,no
kazpost.kz,xn--kzpst-8ta6h.kz,homoglyph,,no
kazpost.kz,xn--kzpst-8ta73m.kz,homoglyph,,no
kazpost.kz,xn--kzpst-9qa0061c.kz,homoglyph,,no
kazpost.kz,xn--kzpst-9qa04u.kz,homoglyph,,no
kazpost.kz,xn--kzpst-9qa1i.kz,homoglyph,,no
kazpost.kz,xn--kzpst-9qa2274c.kz,homoglyph,,no
kazpost.kz,xn--kzpst-9qa27e.kz,homoglyph,,no
kazpost.kz,xn--kzpst-9qa2k.kz,homoglyph,,no
kazpost.kz,xn--kzpst-9qa3m.kz,homoglyph,,no
kazpost.kz,xn--kzpst-9qa5j.kz,homoglyph,,no
kazpost.kz,xn--kzpst-9qa6374c.kz,homoglyph,,no
kazpost.kz,xn--kzpst-9qa64k.kz,homoglyph,,no
kazpost.kz,xn--kzpst-9qa68e.kz,homoglyph,,no
kazpost.kz,xn--kzpst-9qa85e.kz,homoglyph,,no
kazpost.kz,xn--kzpst-9qa8i.kz,homoglyph,,no
kazpost.kz,xn--kzpst-9qa9k.kz,homoglyph,,no
kazpost.kz,xn--kzpst-elc2898b.kz,homoglyph,,no
kazpost.kz,xn--kzpst-elc4012c.kz,homoglyph,,no
kazpost.kz,xn--kzpst-elc8112c.kz,homoglyph,,no
kazpost.kz,xn--kzpst-fua03m.kz,homoglyph,,no
kazpost.kz,xn--kzpst-fua30w.kz,homoglyph,,no
kazpost.kz,xn--kzpst-fua35s.kz,homoglyph,,no
kazpost.kz,xn--kzpst-fua3824c.kz,homoglyph,,no
kazpost.kz,xn--kzpst-fua3i.kz,homoglyph,,no
kazpost.kz,xn--kzpst-fua5f.kz,homoglyph,,no
kazpost.kz,xn--kzpst-fua74v.kz,homoglyph,,no
kazpost.kz,xn--kzpst-fua9g.kz,homoglyph,,no
kazpost.kz,xn--kzpst-fwa03s.kz,homoglyph,,no
kazpost.kz,xn--kzpst-fwa0931c.kz,homoglyph,,no
kazpost.kz,xn--kzpst-fwa2154c.kz,homoglyph,,no
kazpost.kz,xn--kzpst-fwa26c.kz,homoglyph,,no
kazpost.kz,xn--kzpst-fwa6254c.kz,homoglyph,,no
kazpost.kz,xn--kzpst-fwa63i.kz,homoglyph,,no
kazpost.kz,xn--kzpst-fwa67c.kz,homoglyph,,no
kazpost.kz,xn--kzpst-fwa84c.kz,homoglyph,,no
kazpost.kz,xn--kzpst-gra15e.kz,homoglyph,,no
kazpost.kz,xn--kzpst-gra1i.kz,homoglyph,,no
kazpost.kz,xn--kzpst-gra2k.kz,homoglyph,,no
kazpost.kz,xn--kzpst-gra33u.kz,homoglyph,,no
kazpost.kz,xn--kzpst-gra3951c.kz,homoglyph,,no
kazpost.kz,xn--kzpst-gra4h.kz,homoglyph,,no
kazpost.kz,xn--kzpst-gra5174c.kz,homoglyph,,no
kazpost.kz,xn--kzpst-gra56e.kz,homoglyph,,no
kazpost.kz,xn--kzpst-gra5j.kz,homoglyph,,no
kazpost.kz,xn--kzpst-gra6l.kz,homoglyph,,no
kazpost.kz,xn--kzpst-gra8i.kz,homoglyph,,no
kazpost.kz,xn--kzpst-gra9274c.kz,homoglyph,,no
kazpost.kz,xn--kzpst-gra93k.kz,homoglyph,,no
kazpost.kz,xn--kzpst-gra97e.kz,homoglyph,,no
kazpost.kz,xn--kzpst-i9a13p.kz,homoglyph,,no
kazpost.kz,xn--kzpst-i9a41g.kz,homoglyph,,no
kazpost.kz,xn--kzpst-i9a73m.kz,homoglyph,,no
kazpost.kz,xn--kzpst-i9a7663c.kz,homoglyph,,no
kazpost.kz,xn--kzpst-i9a78p.kz,homoglyph,,no
kazpost.kz,xn--kzpst-j11bmn.kz,homoglyph,,no
kazpost.kz,xn--kzpst-j11bwm.kz,homoglyph,,no
kazpost.kz,xn--kzpst-kwb1903c.kz,homoglyph,,no
kazpost.kz,xn--kzpst-kwb5599b.kz,homoglyph,,no
kazpost.kz,xn--kzpst-kwb59d.kz,homoglyph,,no
kazpost.kz,xn--kzpst-kwb7703c.kz,homoglyph,,no
kazpost.kz,xn--kzpst-lua04v.kz,homoglyph,,no
kazpost.kz,xn--kzpst-lua2g.kz,homoglyph,,no
kazpost.kz,xn--kzpst-lua32m.kz,homoglyph,,no
kazpost.kz,xn--kzpst-lua64s.kz,homoglyph,,no
kazpost.kz,xn--kzpst-lua6724c.kz,homoglyph,,no
kazpost.kz,xn--kzpst-lua69v.kz,homoglyph,,no
kazpost.kz,xn--kzpst-lua6h.kz,homoglyph,,no
kazpost.kz,xn--kzpst-lua8e.kz,homoglyph,,no
kazpost.kz,xn--kzpst-mra1i.kz,homoglyph,,no
kazpost.kz,xn--kzpst-mra2274c.kz,homoglyph,,no
kazpost.kz,xn--kzpst-mra23k.kz,homoglyph,,no
kazpost.kz,xn--kzpst-mra27e.kz,homoglyph,,no
kazpost.kz,xn--kzpst-mra44e.kz,homoglyph,,no
kazpost.kz,xn--kzpst-mra4h.kz,homoglyph,,no
kazpost.kz,xn--kzpst-mra5j.kz,homoglyph,,no
kazpost.kz,xn--kzpst-mra62u.kz,homoglyph,,no
kazpost.kz,xn--kzpst-mra6851c.kz,homoglyph,,no
kazpost.kz,xn--kzpst-mra7g.kz,homoglyph,,no
kazpost.kz,xn--kzpst-mra8074c.kz,homoglyph,,no
kazpost.kz,xn--kzpst-mra85e.kz,homoglyph,,no
kazpost.kz,xn--kzpst-mra8i.kz,homoglyph,,no
kazpost.kz,xn--kzpst-mra9k.kz,homoglyph,,no
kazpost.kz,xn--kzpst-o29a25j.kz,homoglyph,,no
kazpost.kz,xn--kzpst-rqa0n.kz,homoglyph,,no
kazpost.kz,xn--kzpst-rqa1261c.kz,homoglyph,,no
kazpost.kz,xn--kzpst-rqa16u.kz,homoglyph,,no
kazpost.kz,xn--kzpst-rqa2k.kz,homoglyph,,no
kazpost.kz,xn--kzpst-rqa3474c.kz,homoglyph,,no
kazpost.kz,xn--kzpst-rqa39e.kz,homoglyph,,no
kazpost.kz,xn--kzpst-rqa3m.kz,homoglyph,,no
kazpost.kz,xn--kzpst-rqa4o.kz,homoglyph,,no
kazpost.kz,xn--kzpst-rqa6l.kz,homoglyph,,no
kazpost.kz,xn--kzpst-rqa70f.kz,homoglyph,,no
kazpost.kz,xn--kzpst-rqa7574c.kz,homoglyph,,no
kazpost.kz,xn--kzpst-rqa76k.kz,homoglyph,,no
kazpost.kz,xn--kzpst-rqa97e.kz,homoglyph,,no
kazpost.kz,xn--kzpst-rqa9k.kz,homoglyph,,no
kazpost.kz,xn--kzpst-rwa2154c.kz,homoglyph,,no
kazpost.kz,xn--kzpst-rwa22i.kz,homoglyph,,no
kazpost.kz,xn--kzpst-rwa26c.kz,homoglyph,,no
kazpost.kz,xn--kzpst-rwa43c.kz,homoglyph,,no
kazpost.kz,xn--kzpst-rwa61s.kz,homoglyph,,no
kazpost.kz,xn--kzpst-rwa6731c.kz,homoglyph,,no
kazpost.kz,xn--kzpst-rwa84c.kz,homoglyph,,no
kazpost.kz,xn--kzpst-rwa8944c.kz,homoglyph,,no
kazpost.kz,xn--kzpst-tcc2339b.kz,homoglyph,,no
kazpost.kz,xn--kzpst-tcc2d.kz,homoglyph,,no
kazpost.kz,xn--kzpst-tcc4542c.kz,homoglyph,,no
kazpost.kz,xn--kzpst-tcc8642c.kz,homoglyph,,no
kazpost.kz,xn--kzpst-u9a00g.kz,homoglyph,,no
kazpost.kz,xn--kzpst-u9a32m.kz,homoglyph,,no
kazpost.kz,xn--kzpst-u9a3563c.kz,homoglyph,,no
kazpost.kz,xn--kzpst-u9a37p.kz,homoglyph,,no
kazpost.kz,xn--kzpst-u9a71p.kz,homoglyph,,no
kazpost.kz,xn--kzpst-wob34j.kz,homoglyph,,no
kazpost.kz,xn--kzpst-wob62a.kz,homoglyph,,no
kazpost.kz,xn--kzpst-wob94g.kz,homoglyph,,no
kazpost.kz,xn--kzpst-wob9703c.kz,homoglyph,,no
kazpost.kz,xn--kzpst-wob99j.kz,homoglyph,,no
kazpost.kz,xn--kzpst-wta0j.kz,homoglyph,,no
kazpost.kz,xn--kzpst-wta15m.kz,homoglyph,,no
kazpost.kz,xn--kzpst-wta4034c.kz,homoglyph,,no
kazpost.kz,xn--kzpst-wta42w.kz,homoglyph,,no
kazpost.kz,xn--kzpst-wta47s.kz,homoglyph,,no
kazpost.kz,xn--kzpst-wta4k.kz,homoglyph,,no
kazpost.kz,xn--kzpst-wta6h.kz,homoglyph,,no
kazpost.kz,xn--kzpst-wta86v.kz,homoglyph,,no
kazpost.kz,xn--kzpst-xqa00f.kz,homoglyph,,no
kazpost.kz,xn--kzpst-xqa0574c.kz,homoglyph,,no
kazpost.kz,xn--kzpst-xqa06k.kz,homoglyph,,no
kazpost.kz,xn--kzpst-xqa27e.kz,homoglyph,,no
kazpost.kz,xn--kzpst-xqa2k.kz,homoglyph,,no
kazpost.kz,xn--kzpst-xqa3m.kz,homoglyph,,no
kazpost.kz,xn--kzpst-xqa4161c.kz,homoglyph,,no
kazpost.kz,xn--kzpst-xqa45u.kz,homoglyph,,no
kazpost.kz,xn--kzpst-xqa5j.kz,homoglyph,,no
kazpost.kz,xn--kzpst-xqa6374c.kz,homoglyph,,no
kazpost.kz,xn--kzpst-xqa68e.kz,homoglyph,,no
kazpost.kz,xn--kzpst-xqa6l.kz,homoglyph,,no
kazpost.kz,xn--kzpst-xqa7n.kz,homoglyph,,no
kazpost.kz,xn--kzpst-xqa9k.kz,homoglyph,,no
kazpost.kz,xn--kzpst-xua23s.kz,homoglyph,,no
kazpost.kz,xn--kzpst-xua2624c.kz,homoglyph,,no
kazpost.kz,xn--kzpst-xua28v.kz,homoglyph,,no
kazpost.kz,xn--kzpst-xua2g.kz,homoglyph,,no
kazpost.kz,xn--kzpst-xua4d.kz,homoglyph,,no
kazpost.kz,xn--kzpst-xua62v.kz,homoglyph,,no
kazpost.kz,xn--kzpst-xua8e.kz,homoglyph,,no
kazpost.kz,xn--kzpst-xua90m.kz,homoglyph,,no
kazpost.kz,xn--lazpost-25a.kz,homoglyph,,no
kazpost.kz,xn--lazpost-54a.kz,homoglyph,,no
kazpost.kz,xn--lazpost-j6a.kz,homoglyph,,no
kazpost.kz,xn--lazpost-m5a.kz,homoglyph,,no
kazpost.kz,xn--lazpost-nzb.kz,homoglyph,,no
kazpost.kz,xn--lazpost-uxa.kz,homoglyph,,no
kazpost.kz,xn--lazpost-vx1c.kz,homoglyph,,no
kazpost.kz,xn--lcapost-1pd.kz,homoglyph,,no
kazpost.kz,xn--lcapost-4j4c.kz,homoglyph,,no
kazpost.kz,xn--lcapost-79b.kz,homoglyph,,no
kazpost.kz,xn--lcapost-fp7e.kz,homoglyph,,no
kazpost.kz,xn--lcapost-fxb.kz,homoglyph,,no
kazpost.kz,xn--lcapost-iwb.kz,homoglyph,,no
kazpost.kz,xn--lcapost-lk4c.kz,homoglyph,,no
kazpost.kz,xn--lcapost-s41c.kz,homoglyph,,no
kazpost.kz,xn--lcapost-ywb.kz,homoglyph,,no
kazpost.kz,xn--lcazost-bdc.kz,homoglyph,,no
kazpost.kz,xn--lcazost-d6b.kz,homoglyph,,no
kazpost.kz,xn--lcazost-g53c.kz,homoglyph,,no
kazpost.kz,xn--lcazost-z43c.kz,homoglyph,,no
kazpost.kz,xn--lcazpos-393c.kz,homoglyph,,no
kazpost.kz,xn--lcazpos-9rb.kz,homoglyph,,no
kazpost.kz,xn--lcazpos-drb.kz,homoglyph,,no
kazpost.kz,xn--lcazpos-fyc.kz,homoglyph,,no
kazpost.kz,xn--lcazpos-kb4c.kz,homoglyph,,no
kazpost.kz,xn--lcazpos-t7b.kz,homoglyph,,no
kazpost.kz,xn--lcazpos-trb.kz,homoglyph,,no
kazpost.kz,xn--lcazpot-873c.kz,homoglyph,,no
kazpost.kz,xn--lcazpot-9x2z.kz,homoglyph,,no
kazpost.kz,xn--lcazpot-fqb.kz,homoglyph,,no
kazpost.kz,xn--lcazpot-ipb.kz,homoglyph,,no
kazpost.kz,xn--lcazpot-s73c.kz,homoglyph,,no
kazpost.kz,xn--lcazpot-vqb.kz,homoglyph,,no
kazpost.kz,xn--lcazpot-xmd.kz,homoglyph,,no
kazpost.kz,xn--lcazpot-xxc.kz,homoglyph,,no
kazpost.kz,xn--lcazpot-ypb.kz,homoglyph,,no
kazpost.kz,xn--lcazpst-50a.kz,homoglyph,,no
kazpost.kz,xn--lcazpst-6mb.kz,homoglyph,,no
kazpost.kz,xn--lcazpst-9lb.kz,homoglyph,,no
kazpost.kz,xn--lcazpst-e1a.kz,homoglyph,,no
kazpost.kz,xn--lcazpst-gx4c.kz,homoglyph,,no
kazpost.kz,xn--lcazpst-h0a.kz,homoglyph,,no
kazpost.kz,xn--lcazpst-h5b.kz,homoglyph,,no
kazpost.kz,xn--lcazpst-i01c.kz,homoglyph,,no
kazpost.kz,xn--lcazpst-p0a.kz,homoglyph,,no
kazpost.kz,xn--lcazpst-qmb.kz,homoglyph,,no
kazpost.kz,xn--lcazpst-u1a.kz,homoglyph,,no
kazpost.kz,xn--lcazpst-wx4c.kz,homoglyph,,no
kazpost.kz,xn--lcazpst-x0a.kz,homoglyph,,no
kazpost.kz,xn--lcazpst-x2c.kz,homoglyph,,no
kazpost.kz,xn--lczpost-00c.kz,homoglyph,,no
kazpost.kz,xn--lczpost-6wa.kz,homoglyph,,no
kazpost.kz,xn--lczpost-93a.kz,homoglyph,,no
kazpost.kz,xn--lczpost-9va.kz,homoglyph,,no
kazpost.kz,xn--lczpost-bn4c.kz,homoglyph,,no
kazpost.kz,xn--lczpost-fxa.kz,homoglyph,,no
kazpost.kz,xn--lczpost-gdd.kz,homoglyph,,no
kazpost.kz,xn--lczpost-iwa.kz,homoglyph,,no
kazpost.kz,xn--lczpost-mbd.kz,homoglyph,,no
kazpost.kz,xn--lczpost-ogc.kz,homoglyph,,no
kazpost.kz,xn--lczpost-q4a.kz,homoglyph,,no
kazpost.kz,xn--lczpost-qwa.kz,homoglyph,,no
kazpost.kz,xn--lczpost-t3a.kz,homoglyph,,no
kazpost.kz,xn--lczpost-ywa.kz,homoglyph,,no
kazpost.kz,xn--zpost-2qa1219e.kz,homoglyph,,no
kazpost.kz,xn--zpost-2qa2663c.kz,homoglyph,,no
kazpost.kz,xn--zpost-2qa45p.kz,homoglyph,,no
kazpost.kz,xn--zpost-2qa51d.kz,homoglyph,,no
kazpost.kz,xn--zpost-2qa6751c.kz,homoglyph,,no
kazpost.kz,xn--zpost-2qa80d.kz,homoglyph,,no
kazpost.kz,xn--zpost-2qa8463c.kz,homoglyph,,no
kazpost.kz,xn--zpost-2wa07a.kz,homoglyph,,no
kazpost.kz,xn--zpost-2wa1331c.kz,homoglyph,,no
kazpost.kz,xn--zpost-2wa3043c.kz,homoglyph,,no
kazpost.kz,xn--zpost-2wa36a.kz,homoglyph,,no
kazpost.kz,xn--zpost-2wa6788e.kz,homoglyph,,no
kazpost.kz,xn--zpost-2wa7143c.kz,homoglyph,,no
kazpost.kz,xn--zpost-2wa90n.kz,homoglyph,,no
kazpost.kz,xn--zpost-50b24e.kz,homoglyph,,no
kazpost.kz,xn--zpost-50b84b.kz,homoglyph,,no
kazpost.kz,xn--zpost-50b8752c.kz,homoglyph,,no
kazpost.kz,xn--zpost-50b89e.kz,homoglyph,,no
kazpost.kz,xn--zpost-8qa10d.kz,homoglyph,,no
kazpost.kz,xn--zpost-8qa1463c.kz,homoglyph,,no
kazpost.kz,xn--zpost-8qa4119e.kz,homoglyph,,no
kazpost.kz,xn--zpost-8qa5563c.kz,homoglyph,,no
kazpost.kz,xn--zpost-8qa74p.kz,homoglyph,,no
kazpost.kz,xn--zpost-8qa80d.kz,homoglyph,,no
kazpost.kz,xn--zpost-8qa9651c.kz,homoglyph,,no
kazpost.kz,xn--zpost-dlc1598b.kz,homoglyph,,no
kazpost.kz,xn--zpost-dlc3201c.kz,homoglyph,,no
kazpost.kz,xn--zpost-dlc6946e.kz,homoglyph,,no
kazpost.kz,xn--zpost-dlc7301c.kz,homoglyph,,no
kazpost.kz,xn--zpost-ewa1343c.kz,homoglyph,,no
kazpost.kz,xn--zpost-ewa19a.kz,homoglyph,,no
kazpost.kz,xn--zpost-ewa4098e.kz,homoglyph,,no
kazpost.kz,xn--zpost-ewa5443c.kz,homoglyph,,no
kazpost.kz,xn--zpost-ewa73n.kz,homoglyph,,no
kazpost.kz,xn--zpost-ewa89a.kz,homoglyph,,no
kazpost.kz,xn--zpost-ewa9531c.kz,homoglyph,,no
kazpost.kz,xn--zpost-fra04p.kz,homoglyph,,no
kazpost.kz,xn--zpost-fra10d.kz,homoglyph,,no
kazpost.kz,xn--zpost-fra2651c.kz,homoglyph,,no
kazpost.kz,xn--zpost-fra4363c.kz,homoglyph,,no
kazpost.kz,xn--zpost-fra49c.kz,homoglyph,,no
kazpost.kz,xn--zpost-fra7019e.kz,homoglyph,,no
kazpost.kz,xn--zpost-fra8463c.kz,homoglyph,,no
kazpost.kz,xn--zpost-i11b424h.kz,homoglyph,,no
kazpost.kz,xn--zpost-jwb0102c.kz,homoglyph,,no
kazpost.kz,xn--zpost-jwb2q.kz,homoglyph,,no
kazpost.kz,xn--zpost-jwb4299b.kz,homoglyph,,no
kazpost.kz,xn--zpost-jwb6991c.kz,homoglyph,,no
kazpost.kz,xn--zpost-jwb9647e.kz,homoglyph,,no
kazpost.kz,xn--zpost-lra0019e.kz,homoglyph,,no
kazpost.kz,xn--zpost-lra1463c.kz,homoglyph,,no
kazpost.kz,xn--zpost-lra33p.kz,homoglyph,,no
kazpost.kz,xn--zpost-lra49c.kz,homoglyph,,no
kazpost.kz,xn--zpost-lra5551c.kz,homoglyph,,no
kazpost.kz,xn--zpost-lra7263c.kz,homoglyph,,no
kazpost.kz,xn--zpost-lra78c.kz,homoglyph,,no
kazpost.kz,xn--zpost-n5a17h.kz,homoglyph,,no
kazpost.kz,xn--zpost-n5a4283c.kz,homoglyph,,no
kazpost.kz,xn--zpost-n5a44r.kz,homoglyph,,no
kazpost.kz,xn--zpost-n5a49n.kz,homoglyph,,no
kazpost.kz,xn--zpost-n5a88q.kz,homoglyph,,no
kazpost.kz,xn--zpost-ni1b86a.kz,homoglyph,,no
kazpost.kz,xn--zpost-qqa0951c.kz,homoglyph,,no
kazpost.kz,xn--zpost-qqa22d.kz,homoglyph,,no
kazpost.kz,xn--zpost-qqa2663c.kz,homoglyph,,no
kazpost.kz,xn--zpost-qqa5319e.kz,homoglyph,,no
kazpost.kz,xn--zpost-qqa6763c.kz,homoglyph,,no
kazpost.kz,xn--zpost-qqa86p.kz,homoglyph,,no
kazpost.kz,xn--zpost-qqa92d.kz,homoglyph,,no
kazpost.kz,xn--zpost-qwa0988e.kz,homoglyph,,no
kazpost.kz,xn--zpost-qwa1343c.kz,homoglyph,,no
kazpost.kz,xn--zpost-qwa32n.kz,homoglyph,,no
kazpost.kz,xn--zpost-qwa48a.kz,homoglyph,,no
kazpost.kz,xn--zpost-qwa5431c.kz,homoglyph,,no
kazpost.kz,xn--zpost-qwa7143c.kz,homoglyph,,no
kazpost.kz,xn--zpost-qwa77a.kz,homoglyph,,no
kazpost.kz,xn--zpost-scc1039b.kz,homoglyph,,no
kazpost.kz,xn--zpost-scc3731c.kz,homoglyph,,no
kazpost.kz,xn--zpost-scc6486e.kz,homoglyph,,no
kazpost.kz,xn--zpost-scc7831c.kz,homoglyph,,no
kazpost.kz,xn--zpost-t5a18q.kz,homoglyph,,no
kazpost.kz,xn--zpost-t5a46h.kz,homoglyph,,no
kazpost.kz,xn--zpost-t5a7183c.kz,homoglyph,,no
kazpost.kz,xn--zpost-t5a73r.kz,homoglyph,,no
kazpost.kz,xn--zpost-t5a78n.kz,homoglyph,,no
kazpost.kz,xn--zpost-w19an7j.kz,homoglyph,,no
kazpost.kz,xn--zpost-wqa16p.kz,homoglyph,,no
kazpost.kz,xn--zpost-wqa22d.kz,homoglyph,,no
kazpost.kz,xn--zpost-wqa3851c.kz,homoglyph,,no
kazpost.kz,xn--zpost-wqa51d.kz,homoglyph,,no
kazpost.kz,xn--zpost-wqa5563c.kz,homoglyph,,no
kazpost.kz,xn--zpost-wqa8219e.kz,homoglyph,,no
kazpost.kz,xn--zpost-wqa9663c.kz,homoglyph,,no
kazpost.kz,xn--zpost-zi1bu6a.kz,homoglyph,,no
kazpost.kz,xn--zpost-zjc2556e.kz,homoglyph,,no
kazpost.kz,xn--zpost-zjc3901c.kz,homoglyph,,no
kazpost.kz,xn--zpost-zjc7009b.kz,homoglyph,,no
kazpost.kz,xn--zpost-zjc9701c.kz,homoglyph,,no
kazpost.kz,k-azpost.kz,hyphenation,,no
kazpost.kz,ka-zpost.kz,hyphenation,,no
kazpost.kz,kaz-post.kz,hyphenation,,no
kazpost.kz,kazp-ost.kz,hyphenation,,no
kazpost.kz,kazpo-st.kz,hyphenation,,no
kazpost.kz,kazpos-t.kz,hyphenation,,no
kazpost.kz,ikazpost.kz,insertion,,no
kazpost.kz,jkazpost.kz,insertion,,no
kazpost.kz,k1azpost.kz,insertion,,no
kazpost.kz,k2azpost.kz,insertion,,no
kazpost.kz,ka1zpost.kz,insertion,,no
kazpost.kz,ka2zpost.kz,insertion,,no
kazpost.kz,ka3zpost.kz,insertion,,no
kazpost.kz,ka6zpost.kz,insertion,,no
kazpost.kz,ka7zpost.kz,insertion,,no
kazpost.kz,kaazpost.kz,insertion,,no
kazpost.kz,kaezpost.kz,insertion,,no
kazpost.kz,kagzpost.kz,insertion,,no
kazpost.kz,kahzpost.kz,insertion,,no
kazpost.kz,kaqzpost.kz,insertion,,no
kazpost.kz,kaszpost.kz,insertion,,no
kazpost.kz,katzpost.kz,insertion,,no
kazpost.kz,kauzpost.kz,insertion,,no
kazpost.kz,kawzpost.kz,insertion,,no
kazpost.kz,kaxzpost.kz,insertion,,no
kazpost.kz,kayzpost.kz,insertion,,no
kazpost.kz,kaz0post.kz,insertion,,no
kazpost.kz,kaz2post.kz,insertion,,no
kazpost.kz,kaz3post.kz,insertion,,no
kazpost.kz,kaz6post.kz,insertion,,no
kazpost.kz,kaz7post.kz,insertion,,no
kazpost.kz,kazapost.kz,insertion,,no
kazpost.kz,kazepost.kz,insertion,,no
kazpost.kz,kazgpost.kz,insertion,,no
kazpost.kz,kazhpost.kz,insertion,,no
kazpost.kz,kazlpost.kz,insertion,,no
kazpost.kz,kazmpost.kz,insertion,,no
kazpost.kz,kazopost.kz,insertion,,no
kazpost.kz,kazp0ost.kz,insertion,,no
kazpost.kz,kazp9ost.kz,insertion,,no
kazpost.kz,kazpiost.kz,insertion,,no
kazpost.kz,kazpkost.kz,insertion,,no
kazpost.kz,kazplost.kz,insertion,,no
kazpost.kz,kazpmost.kz,insertion,,no
kazpost.kz,kazpo0st.kz,insertion,,no
kazpost.kz,kazpo9st.kz,insertion,,no
kazpost.kz,kazpoast.kz,insertion,,no
kazpost.kz,kazpodst.kz,insertion,,no
kazpost.kz,kazpoest.kz,insertion,,no
kazpost.kz,kazpoist.kz,insertion,,no
kazpost.kz,kazpokst.kz,insertion,,no
kazpost.kz,kazpolst.kz,insertion,,no
kazpost.kz,kazpoost.kz,insertion,,no
kazpost.kz,kazpopst.kz,insertion,,no
kazpost.kz,kazpoqst.kz,insertion,,no
kazpost.kz,kazposat.kz,insertion,,no
kazpost.kz,kazposdt.kz,insertion,,no
kazpost.kz,kazposet.kz,insertion,,no
kazpost.kz,kazposqt.kz,insertion,,no
kazpost.kz,kazposwt.kz,insertion,,no
kazpost.kz,kazposxt.kz,insertion,,no
kazpost.kz,kazposyt.kz,insertion,,no
kazpost.kz,kazposzt.kz,insertion,,no
kazpost.kz,kazpowst.kz,insertion,,no
kazpost.kz,kazpoxst.kz,insertion,,no
kazpost.kz,kazpoyst.kz,insertion,,no
kazpost.kz,kazpozst.kz,insertion,,no
kazpost.kz,kazppost.kz,insertion,,no
kazpost.kz,kazqpost.kz,insertion,,no
kazpost.kz,kazspost.kz,insertion,,no
kazpost.kz,kaztpost.kz,insertion,,no
kazpost.kz,kazupost.kz,insertion,,no
kazpost.kz,kazxpost.kz,insertion,,no
kazpost.kz,kazzpost.kz,insertion,,no
kazpost.kz,kiazpost.kz,insertion,,no
kazpost.kz,kjazpost.kz,insertion,,no
kazpost.kz,klazpost.kz,insertion,,no
kazpost.kz,kmazpost.kz,insertion,,no
kazpost.kz,koazpost.kz,insertion,,no
kazpost.kz,kqazpost.kz,insertion,,no
kazpost.kz,ksazpost.kz,insertion,,no
kazpost.kz,kwazpost.kz,insertion,,no
kazpost.kz,kyazpost.kz,insertion,,no
kazpost.kz,kzazpost.kz,insertion,,no
kazpost.kz,lkazpost.kz,insertion,,no
kazpost.kz,mkazpost.kz,insertion,,no
kazpost.kz,okazpost.kz,insertion,,no
kazpost.kz,azpost.kz,omission,,no
kazpost.kz,kapost.kz,omission,,no
kazpost.kz,kazost.kz,omission,,no
kazpost.kz,kazpos.kz,omission,,no
kazpost.kz,kazpot.kz,omission,,no
kazpost.kz,kazpst.kz,omission,,no
kazpost.kz,kzpost.kz,omission,,no
kazpost.kz,kazespost.kz,plural,,no
kazpost.kz,kazposst.kz,plural,,no
kazpost.kz,kazpsost.kz,plural,,no
kazpost.kz,kkazpost.kz,repetition,,no
kazpost.kz,k1zpost.kz,replacement,,no
kazpost.kz,k2zpost.kz,replacement,,no
kazpost.kz,ka2post.kz,replacement,,no
kazpost.kz,ka3post.kz,replacement,,no
kazpost.kz,ka6post.kz,replacement,,no
kazpost.kz,ka7post.kz,replacement,,no
kazpost.kz,kaapost.kz,replacement,,no
kazpost.kz,kaepost.kz,replacement,,no
kazpost.kz,kagpost.kz,replacement,,no
kazpost.kz,kahpost.kz,replacement,,no
kazpost.kz,kaqpost.kz,replacement,,no
kazpost.kz,kaspost.kz,replacement,,no
kazpost.kz,katpost.kz,replacement,,no
kazpost.kz,kaupost.kz,replacement,,no
kazpost.kz,kazlost.kz,replacement,,no
kazpost.kz,kazmost.kz,replacement,,no
kazpost.kz,kazoost.kz,replacement,,no
kazpost.kz,kazp9st.kz,replacement,,no
kazpost.kz,kazpist.kz,replacement,,no
kazpost.kz,kazplst.kz,replacement,,no
kazpost.kz,kazpoat.kz,replacement,,no
kazpost.kz,kazpodt.kz,replacement,,no
kazpost.kz,kazpoet.kz,replacement,,no
kazpost.kz,kazpos5.kz,replacement,,no
kazpost.kz,kazpos6.kz,replacement,,no
kazpost.kz,kazposf.kz,replacement,,no
kazpost.kz,kazposg.kz,replacement,,no
kazpost.kz,kazposr.kz,replacement,,no
kazpost.kz,kazposy.kz,replacement,,no
kazpost.kz,kazposz.kz,replacement,,no
kazpost.kz,kazpoxt.kz,replacement,,no
kazpost.kz,kazpoyt.kz,replacement,,no
kazpost.kz,kazpozt.kz,replacement,,no
kazpost.kz,kazppst.kz,replacement,,no
kazpost.kz,kszpost.kz,replacement,,no
kazpost.kz,kwzpost.kz,replacement,,no
kazpost.kz,kyzpost.kz,replacement,,no
kazpost.kz,kzzpost.kz,replacement,,no
kazpost.kz,lazpost.kz,replacement,,no
kazpost.kz,mazpost.kz,replacement,,no
kazpost.kz,k.azpost.kz,subdomain,,no
kazpost.kz,ka.zpost.kz,subdomain,,no
kazpost.kz,kaz.post.kz,subdomain,,no
kazpost.kz,kazp.ost.kz,subdomain,,no
kazpost.kz,kazpo.st.kz,subdomain,,no
kazpost.kz,akzpost.kz,transposition,,no
kazpost.kz,kapzost.kz,transposition,,no
kazpost.kz,kazopst.kz,transposition,,no
kazpost.kz,kazpots.kz,transposition,,no
kazpost.kz,kazpsot.kz,transposition,,no
kazpost.kz,kzapost.kz,transposition,,no
kazpost.kz,kazpost-kz.com,various,,no
kazpost.kz,kazpostkz.com,various,,no
kazpost.kz,kazpostkz.kz,various,,no
kazpost.kz,kazpast.kz,vowel-swap,,no
kazpost.kz,kazpest.kz,vowel-swap,,no
kazpost.kz,kazpust.kz,vowel-swap,,no
kazpost.kz,kozpost.kz,vowel-swap,,no
kazpost.kz,kuzpost.kz,vowel-swap,,no
olx.kz,olx0.kz,addition,,no
olx.kz,olx1.kz,addition,,no
olx.kz,olx2.kz,addition,,no
olx.kz,olx3.kz,addition,,no
olx.kz,olx4.kz,addition,,no
olx.kz,olx5.kz,addition,,no
olx.kz,olx6.kz,addition,,no
olx.kz,olx7.kz,addition,,no
olx.kz,olx8.kz,addition,,no
olx.kz,olx9.kz,addition,,no
olx.kz,olxa.kz,addition,,no
olx.kz,olxb.kz,addition,,no
olx.kz,olxc.kz,addition,,no
olx.kz,olxd.kz,addition,,no
olx.kz,olxe.kz,addition,,no
olx.kz,olxf.kz,addition,,no
olx.kz,olxg.kz,addition,,no
olx.kz,olxh.kz,addition,,no
olx.kz,olxi.kz,addition,,no
olx.kz,olxj.kz,addition,,no
olx.kz,olxk.kz,addition,,no
olx.kz,olxl.kz,addition,,no
olx.kz,olxm.kz,addition,,no
olx.kz,olxn.kz,addition,,no
olx.kz,olxo.kz,addition,,no
olx.kz,olxp.kz,addition,,no
olx.kz,olxq.kz,addition,,no
olx.kz,olxr.kz,addition,,no
olx.kz,olxs.kz,addition,,no
olx.kz,olxt.kz,addition,,no
olx.kz,olxu.kz,addition,,no
olx.kz,olxv.kz,addition,,no
olx.kz,olxw.kz,addition,,no
olx.kz,olxx.kz,addition,,no
olx.kz,olxy.kz,addition,,no
olx.kz,olxz.kz,addition,,no
olx.kz,glx.kz,bitsquatting,,no
olx.kz,klx.kz,bitsquatting,,no
olx.kz,mlx.kz,bitsquatting,,no
olx.kz,nlx.kz,bitsquatting,,no
olx.kz,odx.kz,bitsquatting,,no
olx.kz,ohx.kz,bitsquatting,,no
olx.kz,ol8.kz,bitsquatting,,no
olx.kz,olh.kz,bitsquatting,,no
olx.kz,olp.kz,bitsquatting,,no
olx.kz,oly.kz,bitsquatting,,no
olx.kz,olz.kz,bitsquatting,,no
olx.kz,omx.kz,bitsquatting,,no
olx.kz,onx.kz,bitsquatting,,no
olx.kz,xn--n1ao72b.kz,cyrillic,,no
olx.kz,01x.kz,homoglyph,,no
olx.kz,0ix.kz,homoglyph,,no
olx.kz,0lx.kz,homoglyph,,no
olx.kz,o1x.kz,homoglyph,,no
olx.kz,oix.kz,homoglyph,,no
olx.kz,xn--0l-k3s.kz,homoglyph,,no
olx.kz,xn--0l-q3s.kz,homoglyph,,no
olx.kz,xn--0x-8pa.kz,homoglyph,,no
olx.kz,xn--0x-ehb.kz,homoglyph,,no
olx.kz,xn--0x-fqa.kz,homoglyph,,no
olx.kz,xn--0x-lqa.kz,homoglyph,,no
olx.kz,xn--0x-xqa.kz,homoglyph,,no
olx.kz,xn--1x-0ra.kz,homoglyph,,no
olx.kz,xn--1x-1ja.kz,homoglyph,,no
olx.kz,xn--1x-1ya.kz,homoglyph,,no
olx.kz,xn--1x-4ja.kz,homoglyph,,no
olx.kz,xn--1x-58s.kz,homoglyph,,no
olx.kz,xn--1x-6ra.kz,homoglyph,,no
olx.kz,xn--1x-7bb.kz,homoglyph,,no
olx.kz,xn--1x-7ja.kz,homoglyph,,no
olx.kz,xn--1x-bka.kz,homoglyph,,no
olx.kz,xn--1x-c9s.kz,homoglyph,,no
olx.kz,xn--1x-eka.kz,homoglyph,,no
olx.kz,xn--1x-kka.kz,homoglyph,,no
olx.kz,xn--1x-ura.kz,homoglyph,,no
olx.kz,xn--1x-x5r.kz,homoglyph,,no
olx.kz,xn--ix-0ra.kz,homoglyph,,no
olx.kz,xn--ix-1ja.kz,homoglyph,,no
olx.kz,xn--ix-1ya.kz,homoglyph,,no
olx.kz,xn--ix-4ja.kz,homoglyph,,no
olx.kz,xn--ix-58s.kz,homoglyph,,no
olx.kz,xn--ix-6ra.kz,homoglyph,,no
olx.kz,xn--ix-7bb.kz,homoglyph,,no
olx.kz,xn--ix-7ja.kz,homoglyph,,no
olx.kz,xn--ix-bka.kz,homoglyph,,no
olx.kz,xn--ix-c9s.kz,homoglyph,,no
olx.kz,xn--ix-eka.kz,homoglyph,,no
olx.kz,xn--ix-kka.kz,homoglyph,,no
olx.kz,xn--ix-ura.kz,homoglyph,,no
olx.kz,xn--ix-x5r.kz,homoglyph,,no
olx.kz,xn--l-0ga048t.kz,homoglyph,,no
olx.kz,xn--l-0ga438t.kz,homoglyph,,no
olx.kz,xn--l-16l58e.kz,homoglyph,,no
olx.kz,xn--l-16lw9e.kz,homoglyph,,no
olx.kz,xn--l-3la375t.kz,homoglyph,,no
olx.kz,xn--l-3la765t.kz,homoglyph,,no
olx.kz,xn--l-4ga438t.kz,homoglyph,,no
olx.kz,xn--l-4ga828t.kz,homoglyph,,no
olx.kz,xn--l-7la165t.kz,homoglyph,,no
olx.kz,xn--l-7la765t.kz,homoglyph,,no
olx.kz,xn--l-sga258t.kz,homoglyph,,no
olx.kz,xn--l-sga648t.kz,homoglyph,,no
olx.kz,xn--l-sqa123t.kz,homoglyph,,no
olx.kz,xn--l-sqa723t.kz,homoglyph,,no
olx.kz,xn--l-stm0l.kz,homoglyph,,no
olx.kz,xn--l-stmul.kz,homoglyph,,no
olx.kz,xn--l-uga348t.kz,homoglyph,,no
olx.kz,xn--l-uga948t.kz,homoglyph,,no
olx.kz,xn--l-wga048t.kz,homoglyph,,no
olx.kz,xn--l-wga648t.kz,homoglyph,,no
olx.kz,xn--l-wtm4k.kz,homoglyph,,no
olx.kz,xn--l-wtmul.kz,homoglyph,,no
olx.kz,xn--l-wya109s.kz,homoglyph,,no
olx.kz,xn--l-wya598s.kz,homoglyph,,no
olx.kz,xn--l-yga348t.kz,homoglyph,,no
olx.kz,xn--l-yga738t.kz,homoglyph,,no
olx.kz,xn--l-zla375t.kz,homoglyph,,no
olx.kz,xn--l-zla975t.kz,homoglyph,,no
olx.kz,xn--lx-0ra.kz,homoglyph,,no
olx.kz,xn--lx-1ja.kz,homoglyph,,no
olx.kz,xn--lx-1ya.kz,homoglyph,,no
olx.kz,xn--lx-4ja.kz,homoglyph,,no
olx.kz,xn--lx-58s.kz,homoglyph,,no
olx.kz,xn--lx-6ra.kz,homoglyph,,no
olx.kz,xn--lx-7bb.kz,homoglyph,,no
olx.kz,xn--lx-7ja.kz,homoglyph,,no
olx.kz,xn--lx-bka.kz,homoglyph,,no
olx.kz,xn--lx-c9s.kz,homoglyph,,no
olx.kz,xn--lx-eka.kz,homoglyph,,no
olx.kz,xn--lx-kka.kz,homoglyph,,no
olx.kz,xn--lx-ura.kz,homoglyph,,no
olx.kz,xn--lx-x5r.kz,homoglyph,,no
olx.kz,xn--o-1ka326t.kz,homoglyph,,no
olx.kz,xn--o-1ka926t.kz,homoglyph,,no
olx.kz,xn--o-5ka326t.kz,homoglyph,,no
olx.kz,xn--o-5ka716t.kz,homoglyph,,no
olx.kz,xn--o-d2a027s.kz,homoglyph,,no
olx.kz,xn--o-d2a417s.kz,homoglyph,,no
olx.kz,xn--o-ela116t.kz,homoglyph,,no
olx.kz,xn--o-ela506t.kz,homoglyph,,no
olx.kz,xn--o-xka536t.kz,homoglyph,,no
olx.kz,xn--o-xka926t.kz,homoglyph,,no
olx.kz,xn--o1-k3s.kz,homoglyph,,no
olx.kz,xn--o1-q3s.kz,homoglyph,,no
olx.kz,xn--oi-k3s.kz,homoglyph,,no
olx.kz,xn--oi-q3s.kz,homoglyph,,no
olx.kz,xn--ol-k3s.kz,homoglyph,,no
olx.kz,xn--ol-q3s.kz,homoglyph,,no
olx.kz,xn--ox-08s.kz,homoglyph,,no
olx.kz,xn--ox-32a.kz,homoglyph,,no
olx.kz,xn--ox-4gb.kz,homoglyph,,no
olx.kz,xn--ox-4oa.kz,homoglyph,,no
olx.kz,xn--ox-57a.kz,homoglyph,,no
olx.kz,xn--ox-7gb.kz,homoglyph,,no
olx.kz,xn--ox-8pa.kz,homoglyph,,no
olx.kz,xn--ox-bhb.kz,homoglyph,,no
olx.kz,xn--ox-bpa.kz,homoglyph,,no
olx.kz,xn--ox-ehb.kz,homoglyph,,no
olx.kz,xn--ox-fqa.kz,homoglyph,,no
olx.kz,xn--ox-hpa.kz,homoglyph,,no
olx.kz,xn--ox-kja.kz,homoglyph,,no
olx.kz,xn--ox-lqa.kz,homoglyph,,no
olx.kz,xn--ox-nja.kz,homoglyph,,no
olx.kz,xn--ox-qja.kz,homoglyph,,no
olx.kz,xn--ox-soa.kz,homoglyph,,no
olx.kz,xn--ox-tja.kz,homoglyph,,no
olx.kz,xn--ox-u8s.kz,homoglyph,,no
olx.kz,xn--ox-xqa.kz,homoglyph,,no
olx.kz,xn--ox-yoa.kz,homoglyph,,no
olx.kz,xn--x-0ga0t.kz,homoglyph,,no
olx.kz,xn--x-0ga2u.kz,homoglyph,,no
olx.kz,xn--x-0ga33i.kz,homoglyph,,no
olx.kz,xn--x-0ga4s.kz,homoglyph,,no
olx.kz,xn--x-0ga8r.kz,homoglyph,,no
olx.kz,xn--x-0ka028t.kz,homoglyph,,no
olx.kz,xn--x-0ka0d.kz,homoglyph,,no
olx.kz,xn--x-0ka24e.kz,homoglyph,,no
olx.kz,xn--x-0ka284s.kz,homoglyph,,no
olx.kz,xn--x-0ka4c.kz,homoglyph,,no
olx.kz,xn--x-0ka61a.kz,homoglyph,,no
olx.kz,xn--x-0ka628t.kz,homoglyph,,no
olx.kz,xn--x-0ka6d.kz,homoglyph,,no
olx.kz,xn--x-3la66f.kz,homoglyph,,no
olx.kz,xn--x-4ga2r.kz,homoglyph,,no
olx.kz,xn--x-4ga4s.kz,homoglyph,,no
olx.kz,xn--x-4ga6t.kz,homoglyph,,no
olx.kz,xn--x-4ga72i.kz,homoglyph,,no
olx.kz,xn--x-4ga8r.kz,homoglyph,,no
olx.kz,xn--x-4ka01a.kz,homoglyph,,no
olx.kz,xn--x-4ka028t.kz,homoglyph,,no
olx.kz,xn--x-4ka0d.kz,homoglyph,,no
olx.kz,xn--x-4ka418t.kz,homoglyph,,no
olx.kz,xn--x-4ka4c.kz,homoglyph,,no
olx.kz,xn--x-4ka63e.kz,homoglyph,,no
olx.kz,xn--x-4ka674s.kz,homoglyph,,no
olx.kz,xn--x-4ka8b.kz,homoglyph,,no
olx.kz,xn--x-7la06f.kz,homoglyph,,no
olx.kz,xn--x-c2a119s.kz,homoglyph,,no
olx.kz,xn--x-c2a375r.kz,homoglyph,,no
olx.kz,xn--x-c2a719s.kz,homoglyph,,no
olx.kz,xn--x-dla208t.kz,homoglyph,,no
olx.kz,xn--x-dla2b.kz,homoglyph,,no
olx.kz,xn--x-dla42e.kz,homoglyph,,no
olx.kz,xn--x-dla464s.kz,homoglyph,,no
olx.kz,xn--x-dla6a.kz,homoglyph,,no
olx.kz,xn--x-dla808t.kz,homoglyph,,no
olx.kz,xn--x-dla8b.kz,homoglyph,,no
olx.kz,xn--x-dla8z.kz,homoglyph,,no
olx.kz,xn--x-sga0t.kz,homoglyph,,no
olx.kz,xn--x-sga2u.kz,homoglyph,,no
olx.kz,xn--x-sga4v.kz,homoglyph,,no
olx.kz,xn--x-sga54i.kz,homoglyph,,no
olx.kz,xn--x-sga6t.kz,homoglyph,,no
olx.kz,xn--x-sqa02d.kz,homoglyph,,no
olx.kz,xn--x-uga1v.kz,homoglyph,,no
olx.kz,xn--x-uga24i.kz,homoglyph,,no
olx.kz,xn--x-uga3t.kz,homoglyph,,no
olx.kz,xn--x-uga7s.kz,homoglyph,,no
olx.kz,xn--x-uga9t.kz,homoglyph,,no
olx.kz,xn--x-wga0t.kz,homoglyph,,no
olx.kz,xn--x-wga4s.kz,homoglyph,,no
olx.kz,xn--x-wga6t.kz,homoglyph,,no
olx.kz,xn--x-wga8u.kz,homoglyph,,no
olx.kz,xn--x-wga93i.kz,homoglyph,,no
olx.kz,xn--x-wka0d.kz,homoglyph,,no
olx.kz,xn--x-wka22a.kz,homoglyph,,no
olx.kz,xn--x-wka238t.kz,homoglyph,,no
olx.kz,xn--x-wka2e.kz,homoglyph,,no
olx.kz,xn--x-wka628t.kz,homoglyph,,no
olx.kz,xn--x-wka6d.kz,homoglyph,,no
olx.kz,xn--x-wka84e.kz,homoglyph,,no
olx.kz,xn--x-wka884s.kz,homoglyph,,no
olx.kz,xn--x-wya4p.kz,homoglyph,,no
olx.kz,xn--x-yga1s.kz,homoglyph,,no
olx.kz,xn--x-yga3t.kz,homoglyph,,no
olx.kz,xn--x-yga5u.kz,homoglyph,,no
olx.kz,xn--x-yga63i.kz,homoglyph,,no
olx.kz,xn--x-yga7s.kz,homoglyph,,no
olx.kz,xn--x-zla27f.kz,homoglyph,,no
olx.kz,o-lx.kz,hyphenation,,no
olx.kz,ol-x.kz,hyphenation,,no
olx.kz,0olx.kz,insertion,,no
olx.kz,9olx.kz,insertion,,no
olx.kz,iolx.kz,insertion,,no
olx.kz,kolx.kz,insertion,,no
olx.kz,lolx.kz,insertion,,no
olx.kz,o0lx.kz,insertion,,no
olx.kz,o9lx.kz,insertion,,no
olx.kz,oilx.kz,insertion,,no
olx.kz,oklx.kz,insertion,,no
olx.kz,olkx.kz,insertion,,no
olx.kz,ollx.kz,insertion,,no
olx.kz,olmx.kz,insertion,,no
olx.kz,olox.kz,insertion,,no
olx.kz,olpx.kz,insertion,,no
olx.kz,omlx.kz,insertion,,no
olx.kz,oolx.kz,insertion,,no
olx.kz,oplx.kz,insertion,,no
olx.kz,polx.kz,insertion,,no
olx.kz,lx.kz,omission,,no
olx.kz,ol.kz,omission,,no
olx.kz,ox.kz,omission,,no
olx.kz,9lx.kz,replacement,,no
olx.kz,ilx.kz,replacement,,no
olx.kz,llx.kz,replacement,,no
olx.kz,okx.kz,replacement,,no
olx.kz,olc.kz,replacement,,no
olx.kz,old.kz,replacement,,no
olx.kz,ols.kz,replacement,,no
olx.kz,olw.kz,replacement,,no
olx.kz,oox.kz,replacement,,no
olx.kz,opx.kz,replacement,,no
olx.kz,plx.kz,replacement,,no
olx.kz,o.lx.kz,subdomain,,no
olx.kz,lox.kz,transposition,,no
olx.kz,oxl.kz,transposition,,no
olx.kz,olx-kz.com,various,,no
olx.kz,olxkz.com,various,,no
olx.kz,olxkz.kz,various,,no
olx.kz,alx.kz,vowel-swap,,no
olx.kz,elx.kz,vowel-swap,,no
olx.kz,ulx.kz,vowel-swap,,no
kolesa.kz,kolesa0.kz,addition,,no
kolesa.kz,kolesa1.kz,addition,,no
kolesa.kz,kolesa2.kz,addition,,no
kolesa.kz,kolesa3.kz,addition,,no
kolesa.kz,kolesa4.kz,addition,,no
kolesa.kz,kolesa5.kz,addition,,no
kolesa.kz,kolesa6.kz,addition,,no
kolesa.kz,kolesa7.kz,addition,,no
kolesa.kz,kolesa8.kz,addition,,no
kolesa.kz,kolesa9.kz,addition,,no
kolesa.kz,kolesaa.kz,addition,,no
kolesa.kz,kolesab.kz,addition,,no
kolesa.kz,kolesac.kz,addition,,no
kolesa.kz,kolesad.kz,addition,,no
kolesa.kz,kolesae.kz,addition,,no
kolesa.kz,kolesaf.kz,addition,,no
kolesa.kz,kolesag.kz,addition,,no
kolesa.kz,kolesah.kz,addition,,no
kolesa.kz,kolesai.kz,addition,,no
kolesa.kz,kolesaj.kz,addition,,no
kolesa.kz,kolesak.kz,addition,,no
kolesa.kz,kolesal.kz,addition,,no
kolesa.kz,kolesam.kz,addition,,no
kolesa.kz,kolesan.kz,addition,,no
kolesa.kz,kolesao.kz,addition,,no
kolesa.kz,kolesap.kz,addition,,no
kolesa.kz,kolesaq.kz,addition,,no
kolesa.kz,kolesar.kz,addition,,no
kolesa.kz,kolesas.kz,addition,,no
kolesa.kz,kolesat.kz,addition,,no
kolesa.kz,kolesau.kz,addition,,no
kolesa.kz,kolesav.kz,addition,,no
kolesa.kz,kolesaw.kz,addition,,no
kolesa.kz,kolesax.kz,addition,,no
kolesa.kz,kolesay.kz,addition,,no
kolesa.kz,kolesaz.kz,addition,,no
kolesa.kz,colesa.kz,bitsquatting,,no
kolesa.kz,iolesa.kz,bitsquatting,,no
kolesa.kz,jolesa.kz,bitsquatting,,no
kolesa.kz,kglesa.kz,bitsquatting,,no
kolesa.kz,kklesa.kz,bitsquatting,,no
kolesa.kz,kmlesa.kz,bitsquatting,,no
kolesa.kz,knlesa.kz,bitsquatting,,no
kolesa.kz,kodesa.kz,bitsquatting,,no
kolesa.kz,kohesa.kz,bitsquatting,,no
kolesa.kz,kolasa.kz,bitsquatting,,no
kolesa.kz,koldsa.kz,bitsquatting,,no
kolesa.kz,kole3a.kz,bitsquatting,,no
kolesa.kz,koleca.kz,bitsquatting,,no
kolesa.kz,koleqa.kz,bitsquatting,,no
kolesa.kz,kolera.kz,bitsquatting,,no
kolesa.kz,kolesc.kz,bitsquatting,,no
kolesa.kz,kolese.kz,bitsquatting,,no
kolesa.kz,kolesi.kz,bitsquatting,,no
kolesa.kz,kolesq.kz,bitsquatting,,no
kolesa.kz,kolewa.kz,bitsquatting,,no
kolesa.kz,kolgsa.kz,bitsquatting,,no
kolesa.kz,kolmsa.kz,bitsquatting,,no
kolesa.kz,kolusa.kz,bitsquatting,,no
kolesa.kz,komesa.kz,bitsquatting,,no
kolesa.kz,konesa.kz,bitsquatting,,no
kolesa.kz,oolesa.kz,bitsquatting,,no
kolesa.kz,xn--80ajoq0jr5a.kz,cyrillic,,no
kolesa.kz,1colesa.kz,homoglyph,,no
kolesa.kz,icolesa.kz,homoglyph,,no
kolesa.kz,k01esa.kz,homoglyph,,no
kolesa.kz,k0iesa.kz,homoglyph,,no
kolesa.kz,k0lcsa.kz,homoglyph,,no
kolesa.kz,k0lesa.kz,homoglyph,,no
kolesa.kz,ko1csa.kz,homoglyph,,no
kolesa.kz,ko1esa.kz,homoglyph,,no
kolesa.kz,koicsa.kz,homoglyph,,no
kolesa.kz,koiesa.kz,homoglyph,,no
kolesa.kz,kolcsa.kz,homoglyph,,no
kolesa.kz,lc0lesa.kz,homoglyph,,no
kolesa.kz,lco1esa.kz,homoglyph,,no
kolesa.kz,lcoiesa.kz,homoglyph,,no
kolesa.kz,lcolcsa.kz,homoglyph,,no
kolesa.kz,lcolesa.kz,homoglyph,,no
kolesa.kz,leolesa.kz,homoglyph,,no
kolesa.kz,xn--0lesa-50b.kz,homoglyph,,no
kolesa.kz,xn--0lesa-hc9c.kz,homoglyph,,no
kolesa.kz,xn--0lesa-n5a.kz,homoglyph,,no
kolesa.kz,xn--0lesa-ni1b.kz,homoglyph,,no
kolesa.kz,xn--0lesa-t5a.kz,homoglyph,,no
kolesa.kz,xn--0lesa-w19a.kz,homoglyph,,no
kolesa.kz,xn--0lesa-zi1b.kz,homoglyph,,no
kolesa.kz,xn--colesa-2db.kz,homoglyph,,no
kolesa.kz,xn--colesa-9cb.kz,homoglyph,,no
kolesa.kz,xn--colesa-h2c.kz,homoglyph,,no
kolesa.kz,xn--colesa-hcb.kz,homoglyph,,no
kolesa.kz,xn--colesa-vcb.kz,homoglyph,,no
kolesa.kz,xn--k0esa-75a.kz,homoglyph,,no
kolesa.kz,xn--k0esa-ioc.kz,homoglyph,,no
kolesa.kz,xn--k0esa-k6a.kz,homoglyph,,no
kolesa.kz,xn--k0esa-l7a.kz,homoglyph,,no
kolesa.kz,xn--k0esa-w6a.kz,homoglyph,,no
kolesa.kz,xn--k0lea-9cb.kz,homoglyph,,no
kolesa.kz,xn--k0lea-i9b.kz,homoglyph,,no
kolesa.kz,xn--k0lea-isc.kz,homoglyph,,no
kolesa.kz,xn--k0lea-mdb.kz,homoglyph,,no
kolesa.kz,xn--k0lea-nq1b.kz,homoglyph,,no
kolesa.kz,xn--k0lea-r92s.kz,homoglyph,,no
kolesa.kz,xn--k0lea-xcb.kz,homoglyph,,no
kolesa.kz,xn--k0lea-ydb.kz,homoglyph,,no
kolesa.kz,xn--k0lea-zq1b.kz,homoglyph,,no
kolesa.kz,xn--k0les-1qa.kz,homoglyph,,no
kolesa.kz,xn--k0les-4jc.kz,homoglyph,,no
kolesa.kz,xn--k0les-7qa.kz,homoglyph,,no
kolesa.kz,xn--k0les-7wa.kz,homoglyph,,no
kolesa.kz,xn--k0les-era.kz,homoglyph,,no
kolesa.kz,xn--k0les-ilc.kz,homoglyph,,no
kolesa.kz,xn--k0les-jwa.kz,homoglyph,,no
kolesa.kz,xn--k0les-kra.kz,homoglyph,,no
kolesa.kz,xn--k0les-n11b.kz,homoglyph,,no
kolesa.kz,xn--k0les-owb.kz,homoglyph,,no
kolesa.kz,xn--k0les-qra.kz,homoglyph,,no
kolesa.kz,xn--k0les-vqa.kz,homoglyph,,no
kolesa.kz,xn--k0les-vwa.kz,homoglyph,,no
kolesa.kz,xn--k0les-xcc.kz,homoglyph,,no
kolesa.kz,xn--k0lsa-6ra.kz,homoglyph,,no
kolesa.kz,xn--k0lsa-7cc.kz,homoglyph,,no
kolesa.kz,xn--k0lsa-8za.kz,homoglyph,,no
kolesa.kz,xn--k0lsa-dic.kz,homoglyph,,no
kolesa.kz,xn--k0lsa-dsa.kz,homoglyph,,no
kolesa.kz,xn--k0lsa-jsa.kz,homoglyph,,no
kolesa.kz,xn--k0lsa-kza.kz,homoglyph,,no
kolesa.kz,xn--k0lsa-l0a.kz,homoglyph,,no
kolesa.kz,xn--k0lsa-me1b.kz,homoglyph,,no
kolesa.kz,xn--k0lsa-p51b.kz,homoglyph,,no
kolesa.kz,xn--k0lsa-psa.kz,homoglyph,,no
kolesa.kz,xn--k0lsa-wza.kz,homoglyph,,no
kolesa.kz,xn--k0lsa-x0a.kz,homoglyph,,no
kolesa.kz,xn--k1esa-0ta.kz,homoglyph,,no
kolesa.kz,xn--k1esa-281b.kz,homoglyph,,no
kolesa.kz,xn--k1esa-49a.kz,homoglyph,,no
kolesa.kz,xn--k1esa-6dc.kz,homoglyph,,no
kolesa.kz,xn--k1esa-6ta.kz,homoglyph,,no
kolesa.kz,xn--k1esa-dua.kz,homoglyph,,no
kolesa.kz,xn--k1esa-f91b.kz,homoglyph,,no
kolesa.kz,xn--k1esa-g9a.kz,homoglyph,,no
kolesa.kz,xn--k1esa-jua.kz,homoglyph,,no
kolesa.kz,xn--k1esa-m29a.kz,homoglyph,,no
kolesa.kz,xn--k1esa-s9a.kz,homoglyph,,no
kolesa.kz,xn--k1esa-uob.kz,homoglyph,,no
kolesa.kz,xn--k1esa-uta.kz,homoglyph,,no
kolesa.kz,xn--k1esa-vua.kz,homoglyph,,no
kolesa.kz,xn--kesa-01a1946b.kz,homoglyph,,no
kolesa.kz,xn--kesa-01a1f.kz,homoglyph,,no
kolesa.kz,xn--kesa-01a3056b.kz,homoglyph,,no
kolesa.kz,xn--kesa-01a38c.kz,homoglyph,,no
kolesa.kz,xn--kesa-01a3g.kz,homoglyph,,no
kolesa.kz,xn--kesa-01a5183b.kz,homoglyph,,no
kolesa.kz,xn--kesa-01a53l.kz,homoglyph,,no
kolesa.kz,xn--kesa-01a9d.kz,homoglyph,,no
kolesa.kz,xn--kesa-0qa04b.kz,homoglyph,,no
kolesa.kz,xn--kesa-0qa25b.kz,homoglyph,,no
kolesa.kz,xn--kesa-0qa67b.kz,homoglyph,,no
kolesa.kz,xn--kesa-0qa82b.kz,homoglyph,,no
kolesa.kz,xn--kesa-0qa85t.kz,homoglyph,,no
kolesa.kz,xn--kesa-50a1583b.kz,homoglyph,,no
kolesa.kz,xn--kesa-50a17l.kz,homoglyph,,no
kolesa.kz,xn--kesa-50a5h.kz,homoglyph,,no
kolesa.kz,xn--kesa-50a7256b.kz,homoglyph,,no
kolesa.kz,xn--kesa-50a7i.kz,homoglyph,,no
kolesa.kz,xn--kesa-50a91d.kz,homoglyph,,no
kolesa.kz,xn--kesa-50a9356b.kz,homoglyph,,no
kolesa.kz,xn--kesa-50a9j.kz,homoglyph,,no
kolesa.kz,xn--kesa-53a60o.kz,homoglyph,,no
kolesa.kz,xn--kesa-5qa07b.kz,homoglyph,,no
kolesa.kz,xn--kesa-5qa22b.kz,homoglyph,,no
kolesa.kz,xn--kesa-5qa25t.kz,homoglyph,,no
kolesa.kz,xn--kesa-5qa43b.kz,homoglyph,,no
kolesa.kz,xn--kesa-5qa64b.kz,homoglyph,,no
kolesa.kz,xn--kesa-g1a3g.kz,homoglyph,,no
kolesa.kz,xn--kesa-g1a5156b.kz,homoglyph,,no
kolesa.kz,xn--kesa-g1a5h.kz,homoglyph,,no
kolesa.kz,xn--kesa-g1a70d.kz,homoglyph,,no
kolesa.kz,xn--kesa-g1a7256b.kz,homoglyph,,no
kolesa.kz,xn--kesa-g1a7i.kz,homoglyph,,no
kolesa.kz,xn--kesa-g1a9383b.kz,homoglyph,,no
kolesa.kz,xn--kesa-g1a95l.kz,homoglyph,,no
kolesa.kz,xn--kesa-g9b1274b.kz,homoglyph,,no
kolesa.kz,xn--kesa-g9b3302b.kz,homoglyph,,no
kolesa.kz,xn--kesa-g9b9074b.kz,homoglyph,,no
kolesa.kz,xn--kesa-gra01b.kz,homoglyph,,no
kolesa.kz,xn--kesa-gra04t.kz,homoglyph,,no
kolesa.kz,xn--kesa-gra22b.kz,homoglyph,,no
kolesa.kz,xn--kesa-gra43b.kz,homoglyph,,no
kolesa.kz,xn--kesa-gra85b.kz,homoglyph,,no
kolesa.kz,xn--kesa-l3a03o.kz,homoglyph,,no
kolesa.kz,xn--kesa-lgb62j.kz,homoglyph,,no
kolesa.kz,xn--kesa-lqa07b.kz,homoglyph,,no
kolesa.kz,xn--kesa-lqa49b.kz,homoglyph,,no
kolesa.kz,xn--kesa-lqa64b.kz,homoglyph,,no
kolesa.kz,xn--kesa-lqa67t.kz,homoglyph,,no
kolesa.kz,xn--kesa-lqa85b.kz,homoglyph,,no
kolesa.kz,xn--kesa-qqa04b.kz,homoglyph,,no
kolesa.kz,xn--kesa-qqa07t.kz,homoglyph,,no
kolesa.kz,xn--kesa-qqa25b.kz,homoglyph,,no
kolesa.kz,xn--kesa-qqa46b.kz,homoglyph,,no
kolesa.kz,xn--kesa-qqa88b.kz,homoglyph,,no
kolesa.kz,xn--kesa-v0a13d.kz,homoglyph,,no
kolesa.kz,xn--kesa-v0a1556b.kz,homoglyph,,no
kolesa.kz,xn--kesa-v0a1l.kz,homoglyph,,no
kolesa.kz,xn--kesa-v0a3683b.kz,homoglyph,,no
kolesa.kz,xn--kesa-v0a38l.kz,homoglyph,,no
kolesa.kz,xn--kesa-v0a7i.kz,homoglyph,,no
kolesa.kz,xn--kesa-v0a9356b.kz,homoglyph,,no
kolesa.kz,xn--kesa-v0a9j.kz,homoglyph,,no
kolesa.kz,xn--kesa-v0b47a.kz,homoglyph,,no
kolesa.kz,xn--kesa-v3a81o.kz,homoglyph,,no
kolesa.kz,xn--kesa-vqa28b.kz,homoglyph,,no
kolesa.kz,xn--kesa-vqa43b.kz,homoglyph,,no
kolesa.kz,xn--kesa-vqa46t.kz,homoglyph,,no
kolesa.kz,xn--kesa-vqa64b.kz,homoglyph,,no
kolesa.kz,xn--kesa-vqa85b.kz,homoglyph,,no
kolesa.kz,xn--kiesa-0ta.kz,homoglyph,,no
kolesa.kz,xn--kiesa-281b.kz,homoglyph,,no
kolesa.kz,xn--kiesa-49a.kz,homoglyph,,no
kolesa.kz,xn--kiesa-6dc.kz,homoglyph,,no
kolesa.kz,xn--kiesa-6ta.kz,homoglyph,,no
kolesa.kz,xn--kiesa-dua.kz,homoglyph,,no
kolesa.kz,xn--kiesa-f91b.kz,homoglyph,,no
kolesa.kz,xn--kiesa-g9a.kz,homoglyph,,no
kolesa.kz,xn--kiesa-jua.kz,homoglyph,,no
kolesa.kz,xn--kiesa-m29a.kz,homoglyph,,no
kolesa.kz,xn--kiesa-s9a.kz,homoglyph,,no
kolesa.kz,xn--kiesa-uob.kz,homoglyph,,no
kolesa.kz,xn--kiesa-uta.kz,homoglyph,,no
kolesa.kz,xn--kiesa-vua.kz,homoglyph,,no
kolesa.kz,xn--klcsa-0ta.kz,homoglyph,,no
kolesa.kz,xn--klcsa-281b.kz,homoglyph,,no
kolesa.kz,xn--klcsa-49a.kz,homoglyph,,no
kolesa.kz,xn--klcsa-6dc.kz,homoglyph,,no
kolesa.kz,xn--klcsa-6ta.kz,homoglyph,,no
kolesa.kz,xn--klcsa-dua.kz,homoglyph,,no
kolesa.kz,xn--klcsa-f91b.kz,homoglyph,,no
kolesa.kz,xn--klcsa-g9a.kz,homoglyph,,no
kolesa.kz,xn--klcsa-jua.kz,homoglyph,,no
kolesa.kz,xn--klcsa-m29a.kz,homoglyph,,no
kolesa.kz,xn--klcsa-s9a.kz,homoglyph,,no
kolesa.kz,xn--klcsa-uob.kz,homoglyph,,no
kolesa.kz,xn--klcsa-uta.kz,homoglyph,,no
kolesa.kz,xn--klcsa-vua.kz,homoglyph,,no
kolesa.kz,xn--klea-0qa0236b.kz,homoglyph,,no
kolesa.kz,xn--klea-0qa04d.kz,homoglyph,,no
kolesa.kz,xn--klea-0qa2546w.kz,homoglyph,,no
kolesa.kz,xn--klea-0qa25d.kz,homoglyph,,no
kolesa.kz,xn--klea-0qa46d.kz,homoglyph,,no
kolesa.kz,xn--klea-0qa8036b.kz,homoglyph,,no
kolesa.kz,xn--klea-0qa82d.kz,homoglyph,,no
kolesa.kz,xn--klea-0qa86o.kz,homoglyph,,no
kolesa.kz,xn--klea-0qa89u.kz,homoglyph,,no
kolesa.kz,xn--klea-2h5a32a.kz,homoglyph,,no
kolesa.kz,xn--klea-2h5at3a.kz,homoglyph,,no
kolesa.kz,xn--klea-53a0095w.kz,homoglyph,,no
kolesa.kz,xn--klea-53a0g.kz,homoglyph,,no
kolesa.kz,xn--klea-53a2h.kz,homoglyph,,no
kolesa.kz,xn--klea-53a61j.kz,homoglyph,,no
kolesa.kz,xn--klea-53a64p.kz,homoglyph,,no
kolesa.kz,xn--klea-53a6575b.kz,homoglyph,,no
kolesa.kz,xn--klea-53a6d.kz,homoglyph,,no
kolesa.kz,xn--klea-53a8675b.kz,homoglyph,,no
kolesa.kz,xn--klea-53a8e.kz,homoglyph,,no
kolesa.kz,xn--klea-5qa2036b.kz,homoglyph,,no
kolesa.kz,xn--klea-5qa22d.kz,homoglyph,,no
kolesa.kz,xn--klea-5qa26o.kz,homoglyph,,no
kolesa.kz,xn--klea-5qa29u.kz,homoglyph,,no
kolesa.kz,xn--klea-5qa4136b.kz,homoglyph,,no
kolesa.kz,xn--klea-5qa43d.kz,homoglyph,,no
kolesa.kz,xn--klea-5qa6446w.kz,homoglyph,,no
kolesa.kz,xn--klea-5qa64d.kz,homoglyph,,no
kolesa.kz,xn--klea-5qa85d.kz,homoglyph,,no
kolesa.kz,xn--klea-75a5136b.kz,homoglyph,,no
kolesa.kz,xn--klea-75a70b.kz,homoglyph,,no
kolesa.kz,xn--klea-75a7236b.kz,homoglyph,,no
kolesa.kz,xn--klea-75a9363b.kz,homoglyph,,no
kolesa.kz,xn--klea-75a95j.kz,homoglyph,,no
kolesa.kz,xn--klea-di5a32a.kz,homoglyph,,no
kolesa.kz,xn--klea-di5ar2a.kz,homoglyph,,no
kolesa.kz,xn--klea-gra01d.kz,homoglyph,,no
kolesa.kz,xn--klea-gra05o.kz,homoglyph,,no
kolesa.kz,xn--klea-gra08u.kz,homoglyph,,no
kolesa.kz,xn--klea-gra0926b.kz,homoglyph,,no
kolesa.kz,xn--klea-gra2036b.kz,homoglyph,,no
kolesa.kz,xn--klea-gra22d.kz,homoglyph,,no
kolesa.kz,xn--klea-gra4346w.kz,homoglyph,,no
kolesa.kz,xn--klea-gra43d.kz,homoglyph,,no
kolesa.kz,xn--klea-gra64d.kz,homoglyph,,no
kolesa.kz,xn--klea-gx5ao636g.kz,homoglyph,,no
kolesa.kz,xn--klea-i6a3036b.kz,homoglyph,,no
kolesa.kz,xn--klea-i6a5136b.kz,homoglyph,,no
kolesa.kz,xn--klea-i6a59a.kz,homoglyph,,no
kolesa.kz,xn--klea-i6a7263b.kz,homoglyph,,no
kolesa.kz,xn--klea-i6a74j.kz,homoglyph,,no
kolesa.kz,xn--klea-l3a04j.kz,homoglyph,,no
kolesa.kz,xn--klea-l3a07p.kz,homoglyph,,no
kolesa.kz,xn--klea-l3a0875b.kz,homoglyph,,no
kolesa.kz,xn--klea-l3a0g.kz,homoglyph,,no
kolesa.kz,xn--klea-l3a2975b.kz,homoglyph,,no
kolesa.kz,xn--klea-l3a2h.kz,homoglyph,,no
kolesa.kz,xn--klea-l3a4295w.kz,homoglyph,,no
kolesa.kz,xn--klea-l3a4i.kz,homoglyph,,no
kolesa.kz,xn--klea-l3a6j.kz,homoglyph,,no
kolesa.kz,xn--klea-lgb0245w.kz,homoglyph,,no
kolesa.kz,xn--klea-lgb63e.kz,homoglyph,,no
kolesa.kz,xn--klea-lgb66k.kz,homoglyph,,no
kolesa.kz,xn--klea-lgb6725b.kz,homoglyph,,no
kolesa.kz,xn--klea-lgb8825b.kz,homoglyph,,no
kolesa.kz,xn--klea-lqa0746w.kz,homoglyph,,no
kolesa.kz,xn--klea-lqa07d.kz,homoglyph,,no
kolesa.kz,xn--klea-lqa28d.kz,homoglyph,,no
kolesa.kz,xn--klea-lqa61v.kz,homoglyph,,no
kolesa.kz,xn--klea-lqa6236b.kz,homoglyph,,no
kolesa.kz,xn--klea-lqa64d.kz,homoglyph,,no
kolesa.kz,xn--klea-lqa68o.kz,homoglyph,,no
kolesa.kz,xn--klea-lqa8336b.kz,homoglyph,,no
kolesa.kz,xn--klea-lqa85d.kz,homoglyph,,no
kolesa.kz,xn--klea-n5a13b.kz,homoglyph,,no
kolesa.kz,xn--klea-n5a1536b.kz,homoglyph,,no
kolesa.kz,xn--klea-n5a3663b.kz,homoglyph,,no
kolesa.kz,xn--klea-n5a38j.kz,homoglyph,,no
kolesa.kz,xn--klea-n5a9336b.kz,homoglyph,,no
kolesa.kz,xn--klea-q33a25g.kz,homoglyph,,no
kolesa.kz,xn--klea-q33a2757g.kz,homoglyph,,no
kolesa.kz,xn--klea-q33as6g.kz,homoglyph,,no
kolesa.kz,xn--klea-qqa01v.kz,homoglyph,,no
kolesa.kz,xn--klea-qqa0236b.kz,homoglyph,,no
kolesa.kz,xn--klea-qqa04d.kz,homoglyph,,no
kolesa.kz,xn--klea-qqa08o.kz,homoglyph,,no
kolesa.kz,xn--klea-qqa2336b.kz,homoglyph,,no
kolesa.kz,xn--klea-qqa25d.kz,homoglyph,,no
kolesa.kz,xn--klea-qqa4646w.kz,homoglyph,,no
kolesa.kz,xn--klea-qqa46d.kz,homoglyph,,no
kolesa.kz,xn--klea-qqa67d.kz,homoglyph,,no
kolesa.kz,xn--klea-qx5ay536g.kz,homoglyph,,no
kolesa.kz,xn--klea-sdc1854b.kz,homoglyph,,no
kolesa.kz,xn--klea-sdc3981b.kz,homoglyph,,no
kolesa.kz,xn--klea-sdc9654b.kz,homoglyph,,no
kolesa.kz,xn--klea-sxb1125b.kz,homoglyph,,no
kolesa.kz,xn--klea-sxb3252b.kz,homoglyph,,no
kolesa.kz,xn--klea-sxb3k.kz,homoglyph,,no
kolesa.kz,xn--klea-sxb9915b.kz,homoglyph,,no
kolesa.kz,xn--klea-v0b41c.kz,homoglyph,,no
kolesa.kz,xn--klea-v0b4244b.kz,homoglyph,,no
kolesa.kz,xn--klea-v0b6344b.kz,homoglyph,,no
kolesa.kz,xn--klea-v0b8654w.kz,homoglyph,,no
kolesa.kz,xn--klea-v3a0875b.kz,homoglyph,,no
kolesa.kz,xn--klea-v3a0g.kz,homoglyph,,no
kolesa.kz,xn--klea-v3a2195w.kz,homoglyph,,no
kolesa.kz,xn--klea-v3a2h.kz,homoglyph,,no
kolesa.kz,xn--klea-v3a4i.kz,homoglyph,,no
kolesa.kz,xn--klea-v3a82j.kz,homoglyph,,no
kolesa.kz,xn--klea-v3a85p.kz,homoglyph,,no
kolesa.kz,xn--klea-v3a8675b.kz,homoglyph,,no
kolesa.kz,xn--klea-v3a8e.kz,homoglyph,,no
kolesa.kz,xn--klea-vqa07d.kz,homoglyph,,no
kolesa.kz,xn--klea-vqa40v.kz,homoglyph,,no
kolesa.kz,xn--klea-vqa4136b.kz,homoglyph,,no
kolesa.kz,xn--klea-vqa43d.kz,homoglyph,,no
kolesa.kz,xn--klea-vqa47o.kz,homoglyph,,no
kolesa.kz,xn--klea-vqa6236b.kz,homoglyph,,no
kolesa.kz,xn--klea-vqa64d.kz,homoglyph,,no
kolesa.kz,xn--klea-vqa8546w.kz,homoglyph,,no
kolesa.kz,xn--klea-vqa85d.kz,homoglyph,,no
kolesa.kz,xn--klea-x5a1563b.kz,homoglyph,,no
kolesa.kz,xn--klea-x5a17j.kz,homoglyph,,no
kolesa.kz,xn--klea-x5a7236b.kz,homoglyph,,no
kolesa.kz,xn--klea-x5a91b.kz,homoglyph,,no
kolesa.kz,xn--klea-x5a9336b.kz,homoglyph,,no
kolesa.kz,xn--kles-0qa1g.kz,homoglyph,,no
kolesa.kz,xn--kles-0qa35p.kz,homoglyph,,no
kolesa.kz,xn--kles-0qa35s.kz,homoglyph,,no
kolesa.kz,xn--kles-0qa3966b.kz,homoglyph,,no
kolesa.kz,xn--kles-0qa3h.kz,homoglyph,,no
kolesa.kz,xn--kles-0qa50s.kz,homoglyph,,no
kolesa.kz,xn--kles-0qa91k.kz,homoglyph,,no
kolesa.kz,xn--kles-0qa9e.kz,homoglyph,,no
kolesa.kz,xn--kles-3mb0665b.kz,homoglyph,,no
kolesa.kz,xn--kles-3mb2792b.kz,homoglyph,,no
kolesa.kz,xn--kles-3mb29c.kz,homoglyph,,no
kolesa.kz,xn--kles-3mb8465b.kz,homoglyph,,no
kolesa.kz,xn--kles-3na0044b.kz,homoglyph,,no
kolesa.kz,xn--kles-3na02r.kz,homoglyph,,no
kolesa.kz,xn--kles-3na0j.kz,homoglyph,,no
kolesa.kz,xn--kles-3na2k.kz,homoglyph,,no
kolesa.kz,xn--kles-3na46d.kz,homoglyph,,no
kolesa.kz,xn--kles-3na4i.kz,homoglyph,,no
kolesa.kz,xn--kles-3na4l.kz,homoglyph,,no
kolesa.kz,xn--kles-3na6707b.kz,homoglyph,,no
kolesa.kz,xn--kles-3na67d.kz,homoglyph,,no
kolesa.kz,xn--kles-3na6j.kz,homoglyph,,no
kolesa.kz,xn--kles-3na86i.kz,homoglyph,,no
kolesa.kz,xn--kles-3na8807b.kz,homoglyph,,no
kolesa.kz,xn--kles-3na88d.kz,homoglyph,,no
kolesa.kz,xn--kles-3na8h.kz,homoglyph,,no
kolesa.kz,xn--kles-3sa01p.kz,homoglyph,,no
kolesa.kz,xn--kles-3sa0914b.kz,homoglyph,,no
kolesa.kz,xn--kles-3sa45b.kz,homoglyph,,no
kolesa.kz,xn--kles-3sa6686b.kz,homoglyph,,no
kolesa.kz,xn--kles-3sa66b.kz,homoglyph,,no
kolesa.kz,xn--kles-3sa85g.kz,homoglyph,,no
kolesa.kz,xn--kles-3sa8786b.kz,homoglyph,,no
kolesa.kz,xn--kles-3sa87b.kz,homoglyph,,no
kolesa.kz,xn--kles-53a10k.kz,homoglyph,,no
kolesa.kz,xn--kles-53a10n.kz,homoglyph,,no
kolesa.kz,xn--kles-53a1416b.kz,homoglyph,,no
kolesa.kz,xn--kles-53a35m.kz,homoglyph,,no
kolesa.kz,xn--kles-53a76e.kz,homoglyph,,no
kolesa.kz,xn--kles-5qa31k.kz,homoglyph,,no
kolesa.kz,xn--kles-5qa3e.kz,homoglyph,,no
kolesa.kz,xn--kles-5qa5f.kz,homoglyph,,no
kolesa.kz,xn--kles-5qa74p.kz,homoglyph,,no
kolesa.kz,xn--kles-5qa74s.kz,homoglyph,,no
kolesa.kz,xn--kles-5qa7866b.kz,homoglyph,,no
kolesa.kz,xn--kles-5qa7g.kz,homoglyph,,no
kolesa.kz,xn--kles-5qa99r.kz,homoglyph,,no
kolesa.kz,xn--kles-8na0707b.kz,homoglyph,,no
kolesa.kz,xn--kles-8na07d.kz,homoglyph,,no
kolesa.kz,xn--kles-8na0j.kz,homoglyph,,no
kolesa.kz,xn--kles-8na26i.kz,homoglyph,,no
kolesa.kz,xn--kles-8na2807b.kz,homoglyph,,no
kolesa.kz,xn--kles-8na28d.kz,homoglyph,,no
kolesa.kz,xn--kles-8na2h.kz,homoglyph,,no
kolesa.kz,xn--kles-8na41r.kz,homoglyph,,no
kolesa.kz,xn--kles-8na4934b.kz,homoglyph,,no
kolesa.kz,xn--kles-8na4i.kz,homoglyph,,no
kolesa.kz,xn--kles-8na6j.kz,homoglyph,,no
kolesa.kz,xn--kles-8na85d.kz,homoglyph,,no
kolesa.kz,xn--kles-8na8h.kz,homoglyph,,no
kolesa.kz,xn--kles-8na8k.kz,homoglyph,,no
kolesa.kz,xn--kles-8q5a4l.kz,homoglyph,,no
kolesa.kz,xn--kles-8q5asl.kz,homoglyph,,no
kolesa.kz,xn--kles-eoa0j.kz,homoglyph,,no
kolesa.kz,xn--kles-eoa25d.kz,homoglyph,,no
kolesa.kz,xn--kles-eoa2h.kz,homoglyph,,no
kolesa.kz,xn--kles-eoa2k.kz,homoglyph,,no
kolesa.kz,xn--kles-eoa4607b.kz,homoglyph,,no
kolesa.kz,xn--kles-eoa46d.kz,homoglyph,,no
kolesa.kz,xn--kles-eoa4i.kz,homoglyph,,no
kolesa.kz,xn--kles-eoa65i.kz,homoglyph,,no
kolesa.kz,xn--kles-eoa6707b.kz,homoglyph,,no
kolesa.kz,xn--kles-eoa67d.kz,homoglyph,,no
kolesa.kz,xn--kles-eoa6g.kz,homoglyph,,no
kolesa.kz,xn--kles-eoa80r.kz,homoglyph,,no
kolesa.kz,xn--kles-eoa8834b.kz,homoglyph,,no
kolesa.kz,xn--kles-eoa8h.kz,homoglyph,,no
kolesa.kz,xn--kles-eta24b.kz,homoglyph,,no
kolesa.kz,xn--kles-eta4586b.kz,homoglyph,,no
kolesa.kz,xn--kles-eta45b.kz,homoglyph,,no
kolesa.kz,xn--kles-eta64g.kz,homoglyph,,no
kolesa.kz,xn--kles-eta6686b.kz,homoglyph,,no
kolesa.kz,xn--kles-eta66b.kz,homoglyph,,no
kolesa.kz,xn--kles-eta8714b.kz,homoglyph,,no
kolesa.kz,xn--kles-eta89o.kz,homoglyph,,no
kolesa.kz,xn--kles-gra10k.kz,homoglyph,,no
kolesa.kz,xn--kles-gra1d.kz,homoglyph,,no
kolesa.kz,xn--kles-gra3e.kz,homoglyph,,no
kolesa.kz,xn--kles-gra53p.kz,homoglyph,,no
kolesa.kz,xn--kles-gra53s.kz,homoglyph,,no
kolesa.kz,xn--kles-gra5766b.kz,homoglyph,,no
kolesa.kz,xn--kles-gra5f.kz,homoglyph,,no
kolesa.kz,xn--kles-gra78r.kz,homoglyph,,no
kolesa.kz,xn--kles-joa05i.kz,homoglyph,,no
kolesa.kz,xn--kles-joa0707b.kz,homoglyph,,no
kolesa.kz,xn--kles-joa07d.kz,homoglyph,,no
kolesa.kz,xn--kles-joa0g.kz,homoglyph,,no
kolesa.kz,xn--kles-joa20r.kz,homoglyph,,no
kolesa.kz,xn--kles-joa2834b.kz,homoglyph,,no
kolesa.kz,xn--kles-joa2h.kz,homoglyph,,no
kolesa.kz,xn--kles-joa4i.kz,homoglyph,,no
kolesa.kz,xn--kles-joa64d.kz,homoglyph,,no
kolesa.kz,xn--kles-joa6g.kz,homoglyph,,no
kolesa.kz,xn--kles-joa6j.kz,homoglyph,,no
kolesa.kz,xn--kles-joa8507b.kz,homoglyph,,no
kolesa.kz,xn--kles-joa85d.kz,homoglyph,,no
kolesa.kz,xn--kles-joa8h.kz,homoglyph,,no
kolesa.kz,xn--kles-l3a19e.kz,homoglyph,,no
kolesa.kz,xn--kles-l3a52k.kz,homoglyph,,no
kolesa.kz,xn--kles-l3a52n.kz,homoglyph,,no
kolesa.kz,xn--kles-l3a5616b.kz,homoglyph,,no
kolesa.kz,xn--kles-l3a77m.kz,homoglyph,,no
kolesa.kz,xn--kles-lgb12f.kz,homoglyph,,no
kolesa.kz,xn--kles-lgb12i.kz,homoglyph,,no
kolesa.kz,xn--kles-lgb1665b.kz,homoglyph,,no
kolesa.kz,xn--kles-lgb37h.kz,homoglyph,,no
kolesa.kz,xn--kles-lgb7y.kz,homoglyph,,no
kolesa.kz,xn--kles-lqa1176b.kz,homoglyph,,no
kolesa.kz,xn--kles-lqa17p.kz,homoglyph,,no
kolesa.kz,xn--kles-lqa17s.kz,homoglyph,,no
kolesa.kz,xn--kles-lqa1j.kz,homoglyph,,no
kolesa.kz,xn--kles-lqa32s.kz,homoglyph,,no
kolesa.kz,xn--kles-lqa73k.kz,homoglyph,,no
kolesa.kz,xn--kles-lqa7g.kz,homoglyph,,no
kolesa.kz,xn--kles-lqa9h.kz,homoglyph,,no
kolesa.kz,xn--kles-ooa04d.kz,homoglyph,,no
kolesa.kz,xn--kles-ooa0g.kz,homoglyph,,no
kolesa.kz,xn--kles-ooa0j.kz,homoglyph,,no
kolesa.kz,xn--kles-ooa2507b.kz,homoglyph,,no
kolesa.kz,xn--kles-ooa25d.kz,homoglyph,,no
kolesa.kz,xn--kles-ooa2h.kz,homoglyph,,no
kolesa.kz,xn--kles-ooa44i.kz,homoglyph,,no
kolesa.kz,xn--kles-ooa4607b.kz,homoglyph,,no
kolesa.kz,xn--kles-ooa46d.kz,homoglyph,,no
kolesa.kz,xn--kles-ooa4f.kz,homoglyph,,no
kolesa.kz,xn--kles-ooa6734b.kz,homoglyph,,no
kolesa.kz,xn--kles-ooa69q.kz,homoglyph,,no
kolesa.kz,xn--kles-ooa6g.kz,homoglyph,,no
kolesa.kz,xn--kles-ooa8h.kz,homoglyph,,no
kolesa.kz,xn--kles-q33ar3i.kz,homoglyph,,no
kolesa.kz,xn--kles-qqa13k.kz,homoglyph,,no
kolesa.kz,xn--kles-qqa1g.kz,homoglyph,,no
kolesa.kz,xn--kles-qqa3h.kz,homoglyph,,no
kolesa.kz,xn--kles-qqa5076b.kz,homoglyph,,no
kolesa.kz,xn--kles-qqa56p.kz,homoglyph,,no
kolesa.kz,xn--kles-qqa56s.kz,homoglyph,,no
kolesa.kz,xn--kles-qqa5i.kz,homoglyph,,no
kolesa.kz,xn--kles-qqa71s.kz,homoglyph,,no
kolesa.kz,xn--kles-t5b2684b.kz,homoglyph,,no
kolesa.kz,xn--kles-t5b4784b.kz,homoglyph,,no
kolesa.kz,xn--kles-t5b6812b.kz,homoglyph,,no
kolesa.kz,xn--kles-toa0734b.kz,homoglyph,,no
kolesa.kz,xn--kles-toa09q.kz,homoglyph,,no
kolesa.kz,xn--kles-toa0g.kz,homoglyph,,no
kolesa.kz,xn--kles-toa2h.kz,homoglyph,,no
kolesa.kz,xn--kles-toa43d.kz,homoglyph,,no
kolesa.kz,xn--kles-toa4f.kz,homoglyph,,no
kolesa.kz,xn--kles-toa4i.kz,homoglyph,,no
kolesa.kz,xn--kles-toa6407b.kz,homoglyph,,no
kolesa.kz,xn--kles-toa64d.kz,homoglyph,,no
kolesa.kz,xn--kles-toa6g.kz,homoglyph,,no
kolesa.kz,xn--kles-toa83i.kz,homoglyph,,no
kolesa.kz,xn--kles-toa8507b.kz,homoglyph,,no
kolesa.kz,xn--kles-toa85d.kz,homoglyph,,no
kolesa.kz,xn--kles-toa8e.kz,homoglyph,,no
kolesa.kz,xn--kles-tsa07g.kz,homoglyph,,no
kolesa.kz,xn--kles-tsa0986b.kz,homoglyph,,no
kolesa.kz,xn--kles-tsa09b.kz,homoglyph,,no
kolesa.kz,xn--kles-tsa2024b.kz,homoglyph,,no
kolesa.kz,xn--kles-tsa22p.kz,homoglyph,,no
kolesa.kz,xn--kles-tsa66b.kz,homoglyph,,no
kolesa.kz,xn--kles-tsa8786b.kz,homoglyph,,no
kolesa.kz,xn--kles-tsa87b.kz,homoglyph,,no
kolesa.kz,xn--kles-tzb4115b.kz,homoglyph,,no
kolesa.kz,xn--kles-tzb6215b.kz,homoglyph,,no
kolesa.kz,xn--kles-tzb8342b.kz,homoglyph,,no
kolesa.kz,xn--kles-tzb8b.kz,homoglyph,,no
kolesa.kz,xn--kles-v0b1s.kz,homoglyph,,no
kolesa.kz,xn--kles-v0b9084b.kz,homoglyph,,no
kolesa.kz,xn--kles-v0b9w.kz,homoglyph,,no
kolesa.kz,xn--kles-v3a31k.kz,homoglyph,,no
kolesa.kz,xn--kles-v3a31n.kz,homoglyph,,no
kolesa.kz,xn--kles-v3a3516b.kz,homoglyph,,no
kolesa.kz,xn--kles-v3a56m.kz,homoglyph,,no
kolesa.kz,xn--kles-v3a97e.kz,homoglyph,,no
kolesa.kz,xn--kles-vqa11s.kz,homoglyph,,no
kolesa.kz,xn--kles-vqa52k.kz,homoglyph,,no
kolesa.kz,xn--kles-vqa5f.kz,homoglyph,,no
kolesa.kz,xn--kles-vqa7g.kz,homoglyph,,no
kolesa.kz,xn--kles-vqa95p.kz,homoglyph,,no
kolesa.kz,xn--kles-vqa95s.kz,homoglyph,,no
kolesa.kz,xn--kles-vqa9966b.kz,homoglyph,,no
kolesa.kz,xn--kles-vqa9h.kz,homoglyph,,no
kolesa.kz,xn--kles-y6b4184b.kz,homoglyph,,no
kolesa.kz,xn--kles-y6b6284b.kz,homoglyph,,no
kolesa.kz,xn--kles-y6b8312b.kz,homoglyph,,no
kolesa.kz,xn--klesa-0ta.kz,homoglyph,,no
kolesa.kz,xn--klesa-281b.kz,homoglyph,,no
kolesa.kz,xn--klesa-49a.kz,homoglyph,,no
kolesa.kz,xn--klesa-6dc.kz,homoglyph,,no
kolesa.kz,xn--klesa-6ta.kz,homoglyph,,no
kolesa.kz,xn--klesa-dua.kz,homoglyph,,no
kolesa.kz,xn--klesa-f91b.kz,homoglyph,,no
kolesa.kz,xn--klesa-g9a.kz,homoglyph,,no
kolesa.kz,xn--klesa-jua.kz,homoglyph,,no
kolesa.kz,xn--klesa-m29a.kz,homoglyph,,no
kolesa.kz,xn--klesa-s9a.kz,homoglyph,,no
kolesa.kz,xn--klesa-uob.kz,homoglyph,,no
kolesa.kz,xn--klesa-uta.kz,homoglyph,,no
kolesa.kz,xn--klesa-vua.kz,homoglyph,,no
kolesa.kz,xn--klsa-0qa1t.kz,homoglyph,,no
kolesa.kz,xn--klsa-0qa34r.kz,homoglyph,,no
kolesa.kz,xn--klsa-0qa36p.kz,homoglyph,,no
kolesa.kz,xn--klsa-0qa3u.kz,homoglyph,,no
kolesa.kz,xn--klsa-0qa5386b.kz,homoglyph,,no
kolesa.kz,xn--klsa-0qa5p.kz,homoglyph,,no
kolesa.kz,xn--klsa-0qa7885b.kz,homoglyph,,no
kolesa.kz,xn--klsa-0qa7q.kz,homoglyph,,no
kolesa.kz,xn--klsa-0qa9r.kz,homoglyph,,no
kolesa.kz,xn--klsa-164a61c.kz,homoglyph,,no
kolesa.kz,xn--klsa-164aw2c.kz,homoglyph,,no
kolesa.kz,xn--klsa-1zb4015b.kz,homoglyph,,no
kolesa.kz,xn--klsa-1zb6115b.kz,homoglyph,,no
kolesa.kz,xn--klsa-1zb8242b.kz,homoglyph,,no
kolesa.kz,xn--klsa-1zb8a.kz,homoglyph,,no
kolesa.kz,xn--klsa-53a11k.kz,homoglyph,,no
kolesa.kz,xn--klsa-53a19l.kz,homoglyph,,no
kolesa.kz,xn--klsa-53a3826b.kz,homoglyph,,no
kolesa.kz,xn--klsa-53a5335b.kz,homoglyph,,no
kolesa.kz,xn--klsa-5qa1885b.kz,homoglyph,,no
kolesa.kz,xn--klsa-5qa1q.kz,homoglyph,,no
kolesa.kz,xn--klsa-5qa3r.kz,homoglyph,,no
kolesa.kz,xn--klsa-5qa5s.kz,homoglyph,,no
kolesa.kz,xn--klsa-5qa73r.kz,homoglyph,,no
kolesa.kz,xn--klsa-5qa75p.kz,homoglyph,,no
kolesa.kz,xn--klsa-5qa7t.kz,homoglyph,,no
kolesa.kz,xn--klsa-5qa9286b.kz,homoglyph,,no
kolesa.kz,xn--klsa-5qa9o.kz,homoglyph,,no
kolesa.kz,xn--klsa-6oa0307b.kz,homoglyph,,no
kolesa.kz,xn--klsa-6oa03d.kz,homoglyph,,no
kolesa.kz,xn--klsa-6oa0f.kz,homoglyph,,no
kolesa.kz,xn--klsa-6oa22i.kz,homoglyph,,no
kolesa.kz,xn--klsa-6oa2407b.kz,homoglyph,,no
kolesa.kz,xn--klsa-6oa24d.kz,homoglyph,,no
kolesa.kz,xn--klsa-6oa2d.kz,homoglyph,,no
kolesa.kz,xn--klsa-6oa4534b.kz,homoglyph,,no
kolesa.kz,xn--klsa-6oa47q.kz,homoglyph,,no
kolesa.kz,xn--klsa-6oa4e.kz,homoglyph,,no
kolesa.kz,xn--klsa-6oa6f.kz,homoglyph,,no
kolesa.kz,xn--klsa-6oa81d.kz,homoglyph,,no
kolesa.kz,xn--klsa-6oa8d.kz,homoglyph,,no
kolesa.kz,xn--klsa-6oa8g.kz,homoglyph,,no
kolesa.kz,xn--klsa-6va0604b.kz,homoglyph,,no
kolesa.kz,xn--klsa-6va08n.kz,homoglyph,,no
kolesa.kz,xn--klsa-6va42a.kz,homoglyph,,no
kolesa.kz,xn--klsa-6va6376b.kz,homoglyph,,no
kolesa.kz,xn--klsa-6va63a.kz,homoglyph,,no
kolesa.kz,xn--klsa-6va82f.kz,homoglyph,,no
kolesa.kz,xn--klsa-6va8476b.kz,homoglyph,,no
kolesa.kz,xn--klsa-6va84a.kz,homoglyph,,no
kolesa.kz,xn--klsa-c4b4294b.kz,homoglyph,,no
kolesa.kz,xn--klsa-c4b6394b.kz,homoglyph,,no
kolesa.kz,xn--klsa-c4b8422b.kz,homoglyph,,no
kolesa.kz,xn--klsa-cpa0f.kz,homoglyph,,no
kolesa.kz,xn--klsa-cpa21d.kz,homoglyph,,no
kolesa.kz,xn--klsa-cpa2d.kz,homoglyph,,no
kolesa.kz,xn--klsa-cpa2g.kz,homoglyph,,no
kolesa.kz,xn--klsa-cpa4207b.kz,homoglyph,,no
kolesa.kz,xn--klsa-cpa42d.kz,homoglyph,,no
kolesa.kz,xn--klsa-cpa4e.kz,homoglyph,,no
kolesa.kz,xn--klsa-cpa61i.kz,homoglyph,,no
kolesa.kz,xn--klsa-cpa6307b.kz,homoglyph,,no
kolesa.kz,xn--klsa-cpa63d.kz,homoglyph,,no
kolesa.kz,xn--klsa-cpa6c.kz,homoglyph,,no
kolesa.kz,xn--klsa-cpa8434b.kz,homoglyph,,no
kolesa.kz,xn--klsa-cpa86q.kz,homoglyph,,no
kolesa.kz,xn--klsa-cpa8d.kz,homoglyph,,no
kolesa.kz,xn--klsa-cva06a.kz,homoglyph,,no
kolesa.kz,xn--klsa-cva2776b.kz,homoglyph,,no
kolesa.kz,xn--klsa-cva27a.kz,homoglyph,,no
kolesa.kz,xn--klsa-cva46f.kz,homoglyph,,no
kolesa.kz,xn--klsa-cva4876b.kz,homoglyph,,no
kolesa.kz,xn--klsa-cva48a.kz,homoglyph,,no
kolesa.kz,xn--klsa-cva61o.kz,homoglyph,,no
kolesa.kz,xn--klsa-cva6904b.kz,homoglyph,,no
kolesa.kz,xn--klsa-gra1q.kz,homoglyph,,no
kolesa.kz,xn--klsa-gra3r.kz,homoglyph,,no
kolesa.kz,xn--klsa-gra52r.kz,homoglyph,,no
kolesa.kz,xn--klsa-gra54p.kz,homoglyph,,no
kolesa.kz,xn--klsa-gra5s.kz,homoglyph,,no
kolesa.kz,xn--klsa-gra7186b.kz,homoglyph,,no
kolesa.kz,xn--klsa-gra7n.kz,homoglyph,,no
kolesa.kz,xn--klsa-gra9685b.kz,homoglyph,,no
kolesa.kz,xn--klsa-gra9o.kz,homoglyph,,no
kolesa.kz,xn--klsa-hpa01i.kz,homoglyph,,no
kolesa.kz,xn--klsa-hpa0307b.kz,homoglyph,,no
kolesa.kz,xn--klsa-hpa03d.kz,homoglyph,,no
kolesa.kz,xn--klsa-hpa0c.kz,homoglyph,,no
kolesa.kz,xn--klsa-hpa2434b.kz,homoglyph,,no
kolesa.kz,xn--klsa-hpa26q.kz,homoglyph,,no
kolesa.kz,xn--klsa-hpa2d.kz,homoglyph,,no
kolesa.kz,xn--klsa-hpa4e.kz,homoglyph,,no
kolesa.kz,xn--klsa-hpa60d.kz,homoglyph,,no
kolesa.kz,xn--klsa-hpa6c.kz,homoglyph,,no
kolesa.kz,xn--klsa-hpa6f.kz,homoglyph,,no
kolesa.kz,xn--klsa-hpa8107b.kz,homoglyph,,no
kolesa.kz,xn--klsa-hpa81d.kz,homoglyph,,no
kolesa.kz,xn--klsa-hpa8d.kz,homoglyph,,no
kolesa.kz,xn--klsa-hwa21a.kz,homoglyph,,no
kolesa.kz,xn--klsa-hwa4276b.kz,homoglyph,,no
kolesa.kz,xn--klsa-hwa42a.kz,homoglyph,,no
kolesa.kz,xn--klsa-hwa61f.kz,homoglyph,,no
kolesa.kz,xn--klsa-hwa6376b.kz,homoglyph,,no
kolesa.kz,xn--klsa-hwa63a.kz,homoglyph,,no
kolesa.kz,xn--klsa-hwa8404b.kz,homoglyph,,no
kolesa.kz,xn--klsa-hwa86n.kz,homoglyph,,no
kolesa.kz,xn--klsa-l3a51m.kz,homoglyph,,no
kolesa.kz,xn--klsa-l3a53k.kz,homoglyph,,no
kolesa.kz,xn--klsa-l3a7036b.kz,homoglyph,,no
kolesa.kz,xn--klsa-l3a9535b.kz,homoglyph,,no
kolesa.kz,xn--klsa-lgb11h.kz,homoglyph,,no
kolesa.kz,xn--klsa-lgb13f.kz,homoglyph,,no
kolesa.kz,xn--klsa-lgb3085b.kz,homoglyph,,no
kolesa.kz,xn--klsa-lgb5584b.kz,homoglyph,,no
kolesa.kz,xn--klsa-lqa16r.kz,homoglyph,,no
kolesa.kz,xn--klsa-lqa18p.kz,homoglyph,,no
kolesa.kz,xn--klsa-lqa1w.kz,homoglyph,,no
kolesa.kz,xn--klsa-lqa3586b.kz,homoglyph,,no
kolesa.kz,xn--klsa-lqa3r.kz,homoglyph,,no
kolesa.kz,xn--klsa-lqa5095b.kz,homoglyph,,no
kolesa.kz,xn--klsa-lqa5s.kz,homoglyph,,no
kolesa.kz,xn--klsa-lqa7t.kz,homoglyph,,no
kolesa.kz,xn--klsa-lqa9u.kz,homoglyph,,no
kolesa.kz,xn--klsa-mpa00d.kz,homoglyph,,no
kolesa.kz,xn--klsa-mpa0c.kz,homoglyph,,no
kolesa.kz,xn--klsa-mpa0f.kz,homoglyph,,no
kolesa.kz,xn--klsa-mpa2107b.kz,homoglyph,,no
kolesa.kz,xn--klsa-mpa21d.kz,homoglyph,,no
kolesa.kz,xn--klsa-mpa2d.kz,homoglyph,,no
kolesa.kz,xn--klsa-mpa40i.kz,homoglyph,,no
kolesa.kz,xn--klsa-mpa4207b.kz,homoglyph,,no
kolesa.kz,xn--klsa-mpa42d.kz,homoglyph,,no
kolesa.kz,xn--klsa-mpa4b.kz,homoglyph,,no
kolesa.kz,xn--klsa-mpa6334b.kz,homoglyph,,no
kolesa.kz,xn--klsa-mpa65q.kz,homoglyph,,no
kolesa.kz,xn--klsa-mpa6c.kz,homoglyph,,no
kolesa.kz,xn--klsa-mpa8d.kz,homoglyph,,no
kolesa.kz,xn--klsa-mu5a4e.kz,homoglyph,,no
kolesa.kz,xn--klsa-mu5auf.kz,homoglyph,,no
kolesa.kz,xn--klsa-mva0676b.kz,homoglyph,,no
kolesa.kz,xn--klsa-mva06a.kz,homoglyph,,no
kolesa.kz,xn--klsa-mva25f.kz,homoglyph,,no
kolesa.kz,xn--klsa-mva2776b.kz,homoglyph,,no
kolesa.kz,xn--klsa-mva27a.kz,homoglyph,,no
kolesa.kz,xn--klsa-mva40o.kz,homoglyph,,no
kolesa.kz,xn--klsa-mva4804b.kz,homoglyph,,no
kolesa.kz,xn--klsa-mva84a.kz,homoglyph,,no
kolesa.kz,xn--klsa-q33a19i.kz,homoglyph,,no
kolesa.kz,xn--klsa-q33az6e.kz,homoglyph,,no
kolesa.kz,xn--klsa-qqa1t.kz,homoglyph,,no
kolesa.kz,xn--klsa-qqa3u.kz,homoglyph,,no
kolesa.kz,xn--klsa-qqa55r.kz,homoglyph,,no
kolesa.kz,xn--klsa-qqa57p.kz,homoglyph,,no
kolesa.kz,xn--klsa-qqa5v.kz,homoglyph,,no
kolesa.kz,xn--klsa-qqa7486b.kz,homoglyph,,no
kolesa.kz,xn--klsa-qqa7q.kz,homoglyph,,no
kolesa.kz,xn--klsa-qqa9985b.kz,homoglyph,,no
kolesa.kz,xn--klsa-qqa9r.kz,homoglyph,,no
kolesa.kz,xn--klsa-v0b1594b.kz,homoglyph,,no
kolesa.kz,xn--klsa-v0b3004b.kz,homoglyph,,no
kolesa.kz,xn--klsa-v0b9l.kz,homoglyph,,no
kolesa.kz,xn--klsa-v3a30m.kz,homoglyph,,no
kolesa.kz,xn--klsa-v3a32k.kz,homoglyph,,no
kolesa.kz,xn--klsa-v3a5926b.kz,homoglyph,,no
kolesa.kz,xn--klsa-v3a7435b.kz,homoglyph,,no
kolesa.kz,xn--klsa-vqa1486b.kz,homoglyph,,no
kolesa.kz,xn--klsa-vqa1q.kz,homoglyph,,no
kolesa.kz,xn--klsa-vqa3985b.kz,homoglyph,,no
kolesa.kz,xn--klsa-vqa3r.kz,homoglyph,,no
kolesa.kz,xn--klsa-vqa5s.kz,homoglyph,,no
kolesa.kz,xn--klsa-vqa7t.kz,homoglyph,,no
kolesa.kz,xn--klsa-vqa94r.kz,homoglyph,,no
kolesa.kz,xn--klsa-vqa96p.kz,homoglyph,,no
kolesa.kz,xn--klsa-vqa9u.kz,homoglyph,,no
kolesa.kz,xn--klsa-wva04f.kz,homoglyph,,no
kolesa.kz,xn--klsa-wva0676b.kz,homoglyph,,no
kolesa.kz,xn--klsa-wva06a.kz,homoglyph,,no
kolesa.kz,xn--klsa-wva2704b.kz,homoglyph,,no
kolesa.kz,xn--klsa-wva29n.kz,homoglyph,,no
kolesa.kz,xn--klsa-wva63a.kz,homoglyph,,no
kolesa.kz,xn--klsa-wva8476b.kz,homoglyph,,no
kolesa.kz,xn--klsa-wva84a.kz,homoglyph,,no
kolesa.kz,xn--ko1ea-9cb.kz,homoglyph,,no
kolesa.kz,xn--ko1ea-i9b.kz,homoglyph,,no
kolesa.kz,xn--ko1ea-isc.kz,homoglyph,,no
kolesa.kz,xn--ko1ea-mdb.kz,homoglyph,,no
kolesa.kz,xn--ko1ea-nq1b.kz,homoglyph,,no
kolesa.kz,xn--ko1ea-r92s.kz,homoglyph,,no
kolesa.kz,xn--ko1ea-xcb.kz,homoglyph,,no
kolesa.kz,xn--ko1ea-ydb.kz,homoglyph,,no
kolesa.kz,xn--ko1ea-zq1b.kz,homoglyph,,no
kolesa.kz,xn--ko1es-1qa.kz,homoglyph,,no
kolesa.kz,xn--ko1es-4jc.kz,homoglyph,,no
kolesa.kz,xn--ko1es-7qa.kz,homoglyph,,no
kolesa.kz,xn--ko1es-7wa.kz,homoglyph,,no
kolesa.kz,xn--ko1es-era.kz,homoglyph,,no
kolesa.kz,xn--ko1es-ilc.kz,homoglyph,,no
kolesa.kz,xn--ko1es-jwa.kz,homoglyph,,no
kolesa.kz,xn--ko1es-kra.kz,homoglyph,,no
kolesa.kz,xn--ko1es-n11b.kz,homoglyph,,no
kolesa.kz,xn--ko1es-owb.kz,homoglyph,,no
kolesa.kz,xn--ko1es-qra.kz,homoglyph,,no
kolesa.kz,xn--ko1es-vqa.kz,homoglyph,,no
kolesa.kz,xn--ko1es-vwa.kz,homoglyph,,no
kolesa.kz,xn--ko1es-xcc.kz,homoglyph,,no
kolesa.kz,xn--ko1sa-6ra.kz,homoglyph,,no
kolesa.kz,xn--ko1sa-7cc.kz,homoglyph,,no
kolesa.kz,xn--ko1sa-8za.kz,homoglyph,,no
kolesa.kz,xn--ko1sa-dic.kz,homoglyph,,no
kolesa.kz,xn--ko1sa-dsa.kz,homoglyph,,no
kolesa.kz,xn--ko1sa-jsa.kz,homoglyph,,no
kolesa.kz,xn--ko1sa-kza.kz,homoglyph,,no
kolesa.kz,xn--ko1sa-l0a.kz,homoglyph,,no
kolesa.kz,xn--ko1sa-me1b.kz,homoglyph,,no
kolesa.kz,xn--ko1sa-p51b.kz,homoglyph,,no
kolesa.kz,xn--ko1sa-psa.kz,homoglyph,,no
kolesa.kz,xn--ko1sa-wza.kz,homoglyph,,no
kolesa.kz,xn--ko1sa-x0a.kz,homoglyph,,no
kolesa.kz,xn--kocsa-75a.kz,homoglyph,,no
kolesa.kz,xn--kocsa-ioc.kz,homoglyph,,no
kolesa.kz,xn--kocsa-k6a.kz,homoglyph,,no
kolesa.kz,xn--kocsa-l7a.kz,homoglyph,,no
kolesa.kz,xn--kocsa-w6a.kz,homoglyph,,no
kolesa.kz,xn--koea-11a1q.kz,homoglyph,,no
kolesa.kz,xn--koea-11a50k.kz,homoglyph,,no
kolesa.kz,xn--koea-11a53q.kz,homoglyph,,no
kolesa.kz,xn--koea-11a5485b.kz,homoglyph,,no
kolesa.kz,xn--koea-11a5m.kz,homoglyph,,no
kolesa.kz,xn--koea-11a7585b.kz,homoglyph,,no
kolesa.kz,xn--koea-11a7n.kz,homoglyph,,no
kolesa.kz,xn--koea-11a9895w.kz,homoglyph,,no
kolesa.kz,xn--koea-11a9o.kz,homoglyph,,no
kolesa.kz,xn--koea-60a14k.kz,homoglyph,,no
kolesa.kz,xn--koea-60a17q.kz,homoglyph,,no
kolesa.kz,xn--koea-60a1885b.kz,homoglyph,,no
kolesa.kz,xn--koea-60a1q.kz,homoglyph,,no
kolesa.kz,xn--koea-60a3985b.kz,homoglyph,,no
kolesa.kz,xn--koea-60a3r.kz,homoglyph,,no
kolesa.kz,xn--koea-60a5206w.kz,homoglyph,,no
kolesa.kz,xn--koea-60a5s.kz,homoglyph,,no
kolesa.kz,xn--koea-60a7t.kz,homoglyph,,no
kolesa.kz,xn--koea-75a02n.kz,homoglyph,,no
kolesa.kz,xn--koea-h1a1885b.kz,homoglyph,,no
kolesa.kz,xn--koea-h1a1q.kz,homoglyph,,no
kolesa.kz,xn--koea-h1a3106w.kz,homoglyph,,no
kolesa.kz,xn--koea-h1a3r.kz,homoglyph,,no
kolesa.kz,xn--koea-h1a5s.kz,homoglyph,,no
kolesa.kz,xn--koea-h1a92k.kz,homoglyph,,no
kolesa.kz,xn--koea-h1a95q.kz,homoglyph,,no
kolesa.kz,xn--koea-h1a9685b.kz,homoglyph,,no
kolesa.kz,xn--koea-h1a9o.kz,homoglyph,,no
kolesa.kz,xn--koea-h9b3604b.kz,homoglyph,,no
kolesa.kz,xn--koea-h9b3l.kz,homoglyph,,no
kolesa.kz,xn--koea-h9b5704b.kz,homoglyph,,no
kolesa.kz,xn--koea-h9b7024w.kz,homoglyph,,no
kolesa.kz,xn--koea-i6a80n.kz,homoglyph,,no
kolesa.kz,xn--koea-n5a44n.kz,homoglyph,,no
kolesa.kz,xn--koea-sxb40c.kz,homoglyph,,no
kolesa.kz,xn--koea-w0a35k.kz,homoglyph,,no
kolesa.kz,xn--koea-w0a38q.kz,homoglyph,,no
kolesa.kz,xn--koea-w0a3985b.kz,homoglyph,,no
kolesa.kz,xn--koea-w0a3r.kz,homoglyph,,no
kolesa.kz,xn--koea-w0a5095b.kz,homoglyph,,no
kolesa.kz,xn--koea-w0a5s.kz,homoglyph,,no
kolesa.kz,xn--koea-w0a7306w.kz,homoglyph,,no
kolesa.kz,xn--koea-w0a7t.kz,homoglyph,,no
kolesa.kz,xn--koea-w0a9u.kz,homoglyph,,no
kolesa.kz,xn--koea-x5a23n.kz,homoglyph,,no
kolesa.kz,xn--koes-11a0326b.kz,homoglyph,,no
kolesa.kz,xn--koes-11a09k.kz,homoglyph,,no
kolesa.kz,xn--koes-11a09n.kz,homoglyph,,no
kolesa.kz,xn--koes-11a24n.kz,homoglyph,,no
kolesa.kz,xn--koes-11a65f.kz,homoglyph,,no
kolesa.kz,xn--koes-3mb35g.kz,homoglyph,,no
kolesa.kz,xn--koes-3na15c.kz,homoglyph,,no
kolesa.kz,xn--koes-3na18u.kz,homoglyph,,no
kolesa.kz,xn--koes-3na36c.kz,homoglyph,,no
kolesa.kz,xn--koes-3na57c.kz,homoglyph,,no
kolesa.kz,xn--koes-3na99c.kz,homoglyph,,no
kolesa.kz,xn--koes-3sa14a.kz,homoglyph,,no
kolesa.kz,xn--koes-3sa17s.kz,homoglyph,,no
kolesa.kz,xn--koes-3sa35a.kz,homoglyph,,no
kolesa.kz,xn--koes-3sa56a.kz,homoglyph,,no
kolesa.kz,xn--koes-3sa98a.kz,homoglyph,,no
kolesa.kz,xn--koes-60a29f.kz,homoglyph,,no
kolesa.kz,xn--koes-60a62l.kz,homoglyph,,no
kolesa.kz,xn--koes-60a62o.kz,homoglyph,,no
kolesa.kz,xn--koes-60a6626b.kz,homoglyph,,no
kolesa.kz,xn--koes-60a87n.kz,homoglyph,,no
kolesa.kz,xn--koes-8na39c.kz,homoglyph,,no
kolesa.kz,xn--koes-8na54c.kz,homoglyph,,no
kolesa.kz,xn--koes-8na57u.kz,homoglyph,,no
kolesa.kz,xn--koes-8na75c.kz,homoglyph,,no
kolesa.kz,xn--koes-8na96c.kz,homoglyph,,no
kolesa.kz,xn--koes-eoa15c.kz,homoglyph,,no
kolesa.kz,xn--koes-eoa36c.kz,homoglyph,,no
kolesa.kz,xn--koes-eoa78c.kz,homoglyph,,no
kolesa.kz,xn--koes-eoa93c.kz,homoglyph,,no
kolesa.kz,xn--koes-eoa96u.kz,homoglyph,,no
kolesa.kz,xn--koes-eta14a.kz,homoglyph,,no
kolesa.kz,xn--koes-eta35a.kz,homoglyph,,no
kolesa.kz,xn--koes-eta77a.kz,homoglyph,,no
kolesa.kz,xn--koes-eta92a.kz,homoglyph,,no
kolesa.kz,xn--koes-eta95s.kz,homoglyph,,no
kolesa.kz,xn--koes-h1a08f.kz,homoglyph,,no
kolesa.kz,xn--koes-h1a41l.kz,homoglyph,,no
kolesa.kz,xn--koes-h1a41o.kz,homoglyph,,no
kolesa.kz,xn--koes-h1a4526b.kz,homoglyph,,no
kolesa.kz,xn--koes-h1a66n.kz,homoglyph,,no
kolesa.kz,xn--koes-h9b8444b.kz,homoglyph,,no
kolesa.kz,xn--koes-joa18c.kz,homoglyph,,no
kolesa.kz,xn--koes-joa33c.kz,homoglyph,,no
kolesa.kz,xn--koes-joa36u.kz,homoglyph,,no
kolesa.kz,xn--koes-joa54c.kz,homoglyph,,no
kolesa.kz,xn--koes-joa75c.kz,homoglyph,,no
kolesa.kz,xn--koes-ooa15c.kz,homoglyph,,no
kolesa.kz,xn--koes-ooa57c.kz,homoglyph,,no
kolesa.kz,xn--koes-ooa72c.kz,homoglyph,,no
kolesa.kz,xn--koes-ooa75u.kz,homoglyph,,no
kolesa.kz,xn--koes-ooa93c.kz,homoglyph,,no
kolesa.kz,xn--koes-t5b7m.kz,homoglyph,,no
kolesa.kz,xn--koes-toa12c.kz,homoglyph,,no
kolesa.kz,xn--koes-toa15u.kz,homoglyph,,no
kolesa.kz,xn--koes-toa33c.kz,homoglyph,,no
kolesa.kz,xn--koes-toa54c.kz,homoglyph,,no
kolesa.kz,xn--koes-toa96c.kz,homoglyph,,no
kolesa.kz,xn--koes-tsa10b.kz,homoglyph,,no
kolesa.kz,xn--koes-tsa35a.kz,homoglyph,,no
kolesa.kz,xn--koes-tsa38s.kz,homoglyph,,no
kolesa.kz,xn--koes-tsa56a.kz,homoglyph,,no
kolesa.kz,xn--koes-tsa77a.kz,homoglyph,,no
kolesa.kz,xn--koes-tzb91b.kz,homoglyph,,no
kolesa.kz,xn--koes-w0a09n.kz,homoglyph,,no
kolesa.kz,xn--koes-w0a40g.kz,homoglyph,,no
kolesa.kz,xn--koes-w0a83l.kz,homoglyph,,no
kolesa.kz,xn--koes-w0a83o.kz,homoglyph,,no
kolesa.kz,xn--koes-w0a8726b.kz,homoglyph,,no
kolesa.kz,xn--koes-y6b9h.kz,homoglyph,,no
kolesa.kz,xn--koesa-0sa.kz,homoglyph,,no
kolesa.kz,xn--koesa-16b.kz,homoglyph,,no
kolesa.kz,xn--koesa-5nc.kz,homoglyph,,no
kolesa.kz,xn--koesa-6sa.kz,homoglyph,,no
kolesa.kz,xn--koesa-75a.kz,homoglyph,,no
kolesa.kz,xn--koesa-b3a.kz,homoglyph,,no
kolesa.kz,xn--koesa-c4a.kz,homoglyph,,no
kolesa.kz,xn--koesa-coc.kz,homoglyph,,no
kolesa.kz,xn--koesa-dta.kz,homoglyph,,no
kolesa.kz,xn--koesa-f81b.kz,homoglyph,,no
kolesa.kz,xn--koesa-ioc.kz,homoglyph,,no
kolesa.kz,xn--koesa-k6a.kz,homoglyph,,no
kolesa.kz,xn--koesa-l7a.kz,homoglyph,,no
kolesa.kz,xn--koesa-n3a.kz,homoglyph,,no
kolesa.kz,xn--koesa-o4a.kz,homoglyph,,no
kolesa.kz,xn--koesa-r81b.kz,homoglyph,,no
kolesa.kz,xn--koesa-usa.kz,homoglyph,,no
kolesa.kz,xn--koesa-w6a.kz,homoglyph,,no
kolesa.kz,xn--koesa-xwb.kz,homoglyph,,no
kolesa.kz,xn--koesa-z3a.kz,homoglyph,,no
kolesa.kz,xn--koesa-znc.kz,homoglyph,,no
kolesa.kz,xn--koiea-9cb.kz,homoglyph,,no
kolesa.kz,xn--koiea-i9b.kz,homoglyph,,no
kolesa.kz,xn--koiea-isc.kz,homoglyph,,no
kolesa.kz,xn--koiea-mdb.kz,homoglyph,,no
kolesa.kz,xn--koiea-nq1b.kz,homoglyph,,no
kolesa.kz,xn--koiea-r92s.kz,homoglyph,,no
kolesa.kz,xn--koiea-xcb.kz,homoglyph,,no
kolesa.kz,xn--koiea-ydb.kz,homoglyph,,no
kolesa.kz,xn--koiea-zq1b.kz,homoglyph,,no
kolesa.kz,xn--koies-1qa.kz,homoglyph,,no
kolesa.kz,xn--koies-4jc.kz,homoglyph,,no
kolesa.kz,xn--koies-7qa.kz,homoglyph,,no
kolesa.kz,xn--koies-7wa.kz,homoglyph,,no
kolesa.kz,xn--koies-era.kz,homoglyph,,no
kolesa.kz,xn--koies-ilc.kz,homoglyph,,no
kolesa.kz,xn--koies-jwa.kz,homoglyph,,no
kolesa.kz,xn--koies-kra.kz,homoglyph,,no
kolesa.kz,xn--koies-n11b.kz,homoglyph,,no
kolesa.kz,xn--koies-owb.kz,homoglyph,,no
kolesa.kz,xn--koies-qra.kz,homoglyph,,no
kolesa.kz,xn--koies-vqa.kz,homoglyph,,no
kolesa.kz,xn--koies-vwa.kz,homoglyph,,no
kolesa.kz,xn--koies-xcc.kz,homoglyph,,no
kolesa.kz,xn--koisa-6ra.kz,homoglyph,,no
kolesa.kz,xn--koisa-7cc.kz,homoglyph,,no
kolesa.kz,xn--koisa-8za.kz,homoglyph,,no
kolesa.kz,xn--koisa-dic.kz,homoglyph,,no
kolesa.kz,xn--koisa-dsa.kz,homoglyph,,no
kolesa.kz,xn--koisa-jsa.kz,homoglyph,,no
kolesa.kz,xn--koisa-kza.kz,homoglyph,,no
kolesa.kz,xn--koisa-l0a.kz,homoglyph,,no
kolesa.kz,xn--koisa-me1b.kz,homoglyph,,no
kolesa.kz,xn--koisa-p51b.kz,homoglyph,,no
kolesa.kz,xn--koisa-psa.kz,homoglyph,,no
kolesa.kz,xn--koisa-wza.kz,homoglyph,,no
kolesa.kz,xn--koisa-x0a.kz,homoglyph,,no
kolesa.kz,xn--kola-264aot.kz,homoglyph,,no
kolesa.kz,xn--kola-264ay486g.kz,homoglyph,,no
kolesa.kz,xn--kola-264ays.kz,homoglyph,,no
kolesa.kz,xn--kola-2h5avx.kz,homoglyph,,no
kolesa.kz,xn--kola-2zb0744b.kz,homoglyph,,no
kolesa.kz,xn--kola-2zb2064w.kz,homoglyph,,no
kolesa.kz,xn--kola-2zb84c.kz,homoglyph,,no
kolesa.kz,xn--kola-2zb8544b.kz,homoglyph,,no
kolesa.kz,xn--kola-75a50l.kz,homoglyph,,no
kolesa.kz,xn--kola-75a52j.kz,homoglyph,,no
kolesa.kz,xn--kola-75a7916b.kz,homoglyph,,no
kolesa.kz,xn--kola-75a9425b.kz,homoglyph,,no
kolesa.kz,xn--kola-7oa04e.kz,homoglyph,,no
kolesa.kz,xn--kola-7oa40e.kz,homoglyph,,no
kolesa.kz,xn--kola-7oa44p.kz,homoglyph,,no
kolesa.kz,xn--kola-7oa47v.kz,homoglyph,,no
kolesa.kz,xn--kola-7oa4836b.kz,homoglyph,,no
kolesa.kz,xn--kola-7oa61e.kz,homoglyph,,no
kolesa.kz,xn--kola-7oa6936b.kz,homoglyph,,no
kolesa.kz,xn--kola-7oa8256w.kz,homoglyph,,no
kolesa.kz,xn--kola-7oa82e.kz,homoglyph,,no
kolesa.kz,xn--kola-7va01b.kz,homoglyph,,no
kolesa.kz,xn--kola-7va05m.kz,homoglyph,,no
kolesa.kz,xn--kola-7va08s.kz,homoglyph,,no
kolesa.kz,xn--kola-7va0906b.kz,homoglyph,,no
kolesa.kz,xn--kola-7va2016b.kz,homoglyph,,no
kolesa.kz,xn--kola-7va22b.kz,homoglyph,,no
kolesa.kz,xn--kola-7va4326w.kz,homoglyph,,no
kolesa.kz,xn--kola-7va43b.kz,homoglyph,,no
kolesa.kz,xn--kola-7va64b.kz,homoglyph,,no
kolesa.kz,xn--kola-d4b0924b.kz,homoglyph,,no
kolesa.kz,xn--kola-d4b2244w.kz,homoglyph,,no
kolesa.kz,xn--kola-d4b86a.kz,homoglyph,,no
kolesa.kz,xn--kola-d4b8724b.kz,homoglyph,,no
kolesa.kz,xn--kola-di5a5w.kz,homoglyph,,no
kolesa.kz,xn--kola-dpa01e.kz,homoglyph,,no
kolesa.kz,xn--kola-dpa0936b.kz,homoglyph,,no
kolesa.kz,xn--kola-dpa2256w.kz,homoglyph,,no
kolesa.kz,xn--kola-dpa22e.kz,homoglyph,,no
kolesa.kz,xn--kola-dpa43e.kz,homoglyph,,no
kolesa.kz,xn--kola-dpa83p.kz,homoglyph,,no
kolesa.kz,xn--kola-dpa86v.kz,homoglyph,,no
kolesa.kz,xn--kola-dpa8736b.kz,homoglyph,,no
kolesa.kz,xn--kola-dpa89d.kz,homoglyph,,no
kolesa.kz,xn--kola-dva0726w.kz,homoglyph,,no
kolesa.kz,xn--kola-dva07b.kz,homoglyph,,no
kolesa.kz,xn--kola-dva28b.kz,homoglyph,,no
kolesa.kz,xn--kola-dva61t.kz,homoglyph,,no
kolesa.kz,xn--kola-dva6216b.kz,homoglyph,,no
kolesa.kz,xn--kola-dva64b.kz,homoglyph,,no
kolesa.kz,xn--kola-dva68m.kz,homoglyph,,no
kolesa.kz,xn--kola-dva8316b.kz,homoglyph,,no
kolesa.kz,xn--kola-dva85b.kz,homoglyph,,no
kolesa.kz,xn--kola-i6a31j.kz,homoglyph,,no
kolesa.kz,xn--kola-i6a39k.kz,homoglyph,,no
kolesa.kz,xn--kola-i6a5816b.kz,homoglyph,,no
kolesa.kz,xn--kola-i6a7325b.kz,homoglyph,,no
kolesa.kz,xn--kola-ipa23p.kz,homoglyph,,no
kolesa.kz,xn--kola-ipa26v.kz,homoglyph,,no
kolesa.kz,xn--kola-ipa2736b.kz,homoglyph,,no
kolesa.kz,xn--kola-ipa29d.kz,homoglyph,,no
kolesa.kz,xn--kola-ipa40e.kz,homoglyph,,no
kolesa.kz,xn--kola-ipa4836b.kz,homoglyph,,no
kolesa.kz,xn--kola-ipa6156w.kz,homoglyph,,no
kolesa.kz,xn--kola-ipa61e.kz,homoglyph,,no
kolesa.kz,xn--kola-ipa82e.kz,homoglyph,,no
kolesa.kz,xn--kola-iwa01b.kz,homoglyph,,no
kolesa.kz,xn--kola-iwa0906b.kz,homoglyph,,no
kolesa.kz,xn--kola-iwa2226w.kz,homoglyph,,no
kolesa.kz,xn--kola-iwa22b.kz,homoglyph,,no
kolesa.kz,xn--kola-iwa43b.kz,homoglyph,,no
kolesa.kz,xn--kola-iwa83m.kz,homoglyph,,no
kolesa.kz,xn--kola-iwa86s.kz,homoglyph,,no
kolesa.kz,xn--kola-iwa8706b.kz,homoglyph,,no
kolesa.kz,xn--kola-iwa89a.kz,homoglyph,,no
kolesa.kz,xn--kola-n5a1226b.kz,homoglyph,,no
kolesa.kz,xn--kola-n5a3725b.kz,homoglyph,,no
kolesa.kz,xn--kola-n5a92l.kz,homoglyph,,no
kolesa.kz,xn--kola-n5a94j.kz,homoglyph,,no
kolesa.kz,xn--kola-npa0156w.kz,homoglyph,,no
kolesa.kz,xn--kola-npa01e.kz,homoglyph,,no
kolesa.kz,xn--kola-npa22e.kz,homoglyph,,no
kolesa.kz,xn--kola-npa62p.kz,homoglyph,,no
kolesa.kz,xn--kola-npa65v.kz,homoglyph,,no
kolesa.kz,xn--kola-npa6636b.kz,homoglyph,,no
kolesa.kz,xn--kola-npa68d.kz,homoglyph,,no
kolesa.kz,xn--kola-npa8736b.kz,homoglyph,,no
kolesa.kz,xn--kola-npa89d.kz,homoglyph,,no
kolesa.kz,xn--kola-nu5aw146g.kz,homoglyph,,no
kolesa.kz,xn--kola-nva07b.kz,homoglyph,,no
kolesa.kz,xn--kola-nva40t.kz,homoglyph,,no
kolesa.kz,xn--kola-nva4116b.kz,homoglyph,,no
kolesa.kz,xn--kola-nva43b.kz,homoglyph,,no
kolesa.kz,xn--kola-nva47m.kz,homoglyph,,no
kolesa.kz,xn--kola-nva6216b.kz,homoglyph,,no
kolesa.kz,xn--kola-nva64b.kz,homoglyph,,no
kolesa.kz,xn--kola-nva8526w.kz,homoglyph,,no
kolesa.kz,xn--kola-nva85b.kz,homoglyph,,no
kolesa.kz,xn--kola-sdc1544b.kz,homoglyph,,no
kolesa.kz,xn--kola-sdc3053b.kz,homoglyph,,no
kolesa.kz,xn--kola-sxb1805b.kz,homoglyph,,no
kolesa.kz,xn--kola-sxb3314b.kz,homoglyph,,no
kolesa.kz,xn--kola-sxb9g.kz,homoglyph,,no
kolesa.kz,xn--kola-sxb9y.kz,homoglyph,,no
kolesa.kz,xn--kola-x5a1625b.kz,homoglyph,,no
kolesa.kz,xn--kola-x5a71l.kz,homoglyph,,no
kolesa.kz,xn--kola-x5a73j.kz,homoglyph,,no
kolesa.kz,xn--kola-x5a9026b.kz,homoglyph,,no
kolesa.kz,xn--kola-xva2016b.kz,homoglyph,,no
kolesa.kz,xn--kola-xva22b.kz,homoglyph,,no
kolesa.kz,xn--kola-xva26m.kz,homoglyph,,no
kolesa.kz,xn--kola-xva29s.kz,homoglyph,,no
kolesa.kz,xn--kola-xva4116b.kz,homoglyph,,no
kolesa.kz,xn--kola-xva43b.kz,homoglyph,,no
kolesa.kz,xn--kola-xva6426w.kz,homoglyph,,no
kolesa.kz,xn--kola-xva64b.kz,homoglyph,,no
kolesa.kz,xn--kola-xva85b.kz,homoglyph,,no
kolesa.kz,xn--kolca-9cb.kz,homoglyph,,no
kolesa.kz,xn--kolca-i9b.kz,homoglyph,,no
kolesa.kz,xn--kolca-isc.kz,homoglyph,,no
kolesa.kz,xn--kolca-mdb.kz,homoglyph,,no
kolesa.kz,xn--kolca-nq1b.kz,homoglyph,,no
kolesa.kz,xn--kolca-r92s.kz,homoglyph,,no
kolesa.kz,xn--kolca-xcb.kz,homoglyph,,no
kolesa.kz,xn--kolca-ydb.kz,homoglyph,,no
kolesa.kz,xn--kolca-zq1b.kz,homoglyph,,no
kolesa.kz,xn--kolcs-1qa.kz,homoglyph,,no
kolesa.kz,xn--kolcs-4jc.kz,homoglyph,,no
kolesa.kz,xn--kolcs-7qa.kz,homoglyph,,no
kolesa.kz,xn--kolcs-7wa.kz,homoglyph,,no
kolesa.kz,xn--kolcs-era.kz,homoglyph,,no
kolesa.kz,xn--kolcs-ilc.kz,homoglyph,,no
kolesa.kz,xn--kolcs-jwa.kz,homoglyph,,no
kolesa.kz,xn--kolcs-kra.kz,homoglyph,,no
kolesa.kz,xn--kolcs-n11b.kz,homoglyph,,no
kolesa.kz,xn--kolcs-owb.kz,homoglyph,,no
kolesa.kz,xn--kolcs-qra.kz,homoglyph,,no
kolesa.kz,xn--kolcs-vqa.kz,homoglyph,,no
kolesa.kz,xn--kolcs-vwa.kz,homoglyph,,no
kolesa.kz,xn--kolcs-xcc.kz,homoglyph,,no
kolesa.kz,xn--kole-3h5a6q.kz,homoglyph,,no
kolesa.kz,xn--kole-3mb3005b.kz,homoglyph,,no
kolesa.kz,xn--kole-3mb36b.kz,homoglyph,,no
kolesa.kz,xn--kole-3mb39h.kz,homoglyph,,no
kolesa.kz,xn--kole-3mb5105b.kz,homoglyph,,no
kolesa.kz,xn--kole-3mb7415w.kz,homoglyph,,no
kolesa.kz,xn--kole-3na12w.kz,homoglyph,,no
kolesa.kz,xn--kole-3na1346b.kz,homoglyph,,no
kolesa.kz,xn--kole-3na15e.kz,homoglyph,,no
kolesa.kz,xn--kole-3na19p.kz,homoglyph,,no
kolesa.kz,xn--kole-3na3446b.kz,homoglyph,,no
kolesa.kz,xn--kole-3na36e.kz,homoglyph,,no
kolesa.kz,xn--kole-3na5756w.kz,homoglyph,,no
kolesa.kz,xn--kole-3na57e.kz,homoglyph,,no
kolesa.kz,xn--kole-3na78e.kz,homoglyph,,no
kolesa.kz,xn--kole-3sa11u.kz,homoglyph,,no
kolesa.kz,xn--kole-3sa1226b.kz,homoglyph,,no
kolesa.kz,xn--kole-3sa14c.kz,homoglyph,,no
kolesa.kz,xn--kole-3sa18n.kz,homoglyph,,no
kolesa.kz,xn--kole-3sa3326b.kz,homoglyph,,no
kolesa.kz,xn--kole-3sa35c.kz,homoglyph,,no
kolesa.kz,xn--kole-3sa5636w.kz,homoglyph,,no
kolesa.kz,xn--kole-3sa56c.kz,homoglyph,,no
kolesa.kz,xn--kole-3sa77c.kz,homoglyph,,no
kolesa.kz,xn--kole-85a08d.kz,homoglyph,,no
kolesa.kz,xn--kole-85a41j.kz,homoglyph,,no
kolesa.kz,xn--kole-85a41m.kz,homoglyph,,no
kolesa.kz,xn--kole-85a4506b.kz,homoglyph,,no
kolesa.kz,xn--kole-85a66l.kz,homoglyph,,no
kolesa.kz,xn--kole-8na18e.kz,homoglyph,,no
kolesa.kz,xn--kole-8na51w.kz,homoglyph,,no
kolesa.kz,xn--kole-8na5246b.kz,homoglyph,,no
kolesa.kz,xn--kole-8na54e.kz,homoglyph,,no
kolesa.kz,xn--kole-8na58p.kz,homoglyph,,no
kolesa.kz,xn--kole-8na7346b.kz,homoglyph,,no
kolesa.kz,xn--kole-8na75e.kz,homoglyph,,no
kolesa.kz,xn--kole-8na9656w.kz,homoglyph,,no
kolesa.kz,xn--kole-8na96e.kz,homoglyph,,no
kolesa.kz,xn--kole-8q5a7746g.kz,homoglyph,,no
kolesa.kz,xn--kole-ei5auq.kz,homoglyph,,no
kolesa.kz,xn--kole-eoa1346b.kz,homoglyph,,no
kolesa.kz,xn--kole-eoa15e.kz,homoglyph,,no
kolesa.kz,xn--kole-eoa3656w.kz,homoglyph,,no
kolesa.kz,xn--kole-eoa36e.kz,homoglyph,,no
kolesa.kz,xn--kole-eoa57e.kz,homoglyph,,no
kolesa.kz,xn--kole-eoa90w.kz,homoglyph,,no
kolesa.kz,xn--kole-eoa9146b.kz,homoglyph,,no
kolesa.kz,xn--kole-eoa93e.kz,homoglyph,,no
kolesa.kz,xn--kole-eoa97p.kz,homoglyph,,no
kolesa.kz,xn--kole-eta1226b.kz,homoglyph,,no
kolesa.kz,xn--kole-eta14c.kz,homoglyph,,no
kolesa.kz,xn--kole-eta3536w.kz,homoglyph,,no
kolesa.kz,xn--kole-eta35c.kz,homoglyph,,no
kolesa.kz,xn--kole-eta56c.kz,homoglyph,,no
kolesa.kz,xn--kole-eta9026b.kz,homoglyph,,no
kolesa.kz,xn--kole-eta92c.kz,homoglyph,,no
kolesa.kz,xn--kole-eta96n.kz,homoglyph,,no
kolesa.kz,xn--kole-eta99t.kz,homoglyph,,no
kolesa.kz,xn--kole-j6a20j.kz,homoglyph,,no
kolesa.kz,xn--kole-j6a20m.kz,homoglyph,,no
kolesa.kz,xn--kole-j6a2406b.kz,homoglyph,,no
kolesa.kz,xn--kole-j6a45l.kz,homoglyph,,no
kolesa.kz,xn--kole-j6a86d.kz,homoglyph,,no
kolesa.kz,xn--kole-joa30w.kz,homoglyph,,no
kolesa.kz,xn--kole-joa3146b.kz,homoglyph,,no
kolesa.kz,xn--kole-joa33e.kz,homoglyph,,no
kolesa.kz,xn--kole-joa37p.kz,homoglyph,,no
kolesa.kz,xn--kole-joa5246b.kz,homoglyph,,no
kolesa.kz,xn--kole-joa54e.kz,homoglyph,,no
kolesa.kz,xn--kole-joa7556w.kz,homoglyph,,no
kolesa.kz,xn--kole-joa75e.kz,homoglyph,,no
kolesa.kz,xn--kole-joa96e.kz,homoglyph,,no
kolesa.kz,xn--kole-o5a09l.kz,homoglyph,,no
kolesa.kz,xn--kole-o5a40e.kz,homoglyph,,no
kolesa.kz,xn--kole-o5a83j.kz,homoglyph,,no
kolesa.kz,xn--kole-o5a83m.kz,homoglyph,,no
kolesa.kz,xn--kole-o5a8706b.kz,homoglyph,,no
kolesa.kz,xn--kole-ooa1556w.kz,homoglyph,,no
kolesa.kz,xn--kole-ooa15e.kz,homoglyph,,no
kolesa.kz,xn--kole-ooa36e.kz,homoglyph,,no
kolesa.kz,xn--kole-ooa7046b.kz,homoglyph,,no
kolesa.kz,xn--kole-ooa72e.kz,homoglyph,,no
kolesa.kz,xn--kole-ooa76p.kz,homoglyph,,no
kolesa.kz,xn--kole-ooa79v.kz,homoglyph,,no
kolesa.kz,xn--kole-ooa9146b.kz,homoglyph,,no
kolesa.kz,xn--kole-ooa93e.kz,homoglyph,,no
kolesa.kz,xn--kole-t5b1634w.kz,homoglyph,,no
kolesa.kz,xn--kole-t5b70a.kz,homoglyph,,no
kolesa.kz,xn--kole-t5b7124b.kz,homoglyph,,no
kolesa.kz,xn--kole-t5b9224b.kz,homoglyph,,no
kolesa.kz,xn--kole-tdc8034b.kz,homoglyph,,no
kolesa.kz,xn--kole-toa1046b.kz,homoglyph,,no
kolesa.kz,xn--kole-toa12e.kz,homoglyph,,no
kolesa.kz,xn--kole-toa16p.kz,homoglyph,,no
kolesa.kz,xn--kole-toa19v.kz,homoglyph,,no
kolesa.kz,xn--kole-toa3146b.kz,homoglyph,,no
kolesa.kz,xn--kole-toa33e.kz,homoglyph,,no
kolesa.kz,xn--kole-toa5456w.kz,homoglyph,,no
kolesa.kz,xn--kole-toa54e.kz,homoglyph,,no
kolesa.kz,xn--kole-toa75e.kz,homoglyph,,no
kolesa.kz,xn--kole-tsa32u.kz,homoglyph,,no
kolesa.kz,xn--kole-tsa3326b.kz,homoglyph,,no
kolesa.kz,xn--kole-tsa35c.kz,homoglyph,,no
kolesa.kz,xn--kole-tsa39n.kz,homoglyph,,no
kolesa.kz,xn--kole-tsa5426b.kz,homoglyph,,no
kolesa.kz,xn--kole-tsa56c.kz,homoglyph,,no
kolesa.kz,xn--kole-tsa7736w.kz,homoglyph,,no
kolesa.kz,xn--kole-tsa77c.kz,homoglyph,,no
kolesa.kz,xn--kole-tsa98c.kz,homoglyph,,no
kolesa.kz,xn--kole-txb05a.kz,homoglyph,,no
kolesa.kz,xn--kole-txb8394b.kz,homoglyph,,no
kolesa.kz,xn--kole-txb89a.kz,homoglyph,,no
kolesa.kz,xn--kole-txb8f.kz,homoglyph,,no
kolesa.kz,xn--kole-tzb1844b.kz,homoglyph,,no
kolesa.kz,xn--kole-tzb3164w.kz,homoglyph,,no
kolesa.kz,xn--kole-tzb95c.kz,homoglyph,,no
kolesa.kz,xn--kole-tzb9644b.kz,homoglyph,,no
kolesa.kz,xn--kole-y5a29d.kz,homoglyph,,no
kolesa.kz,xn--kole-y5a62j.kz,homoglyph,,no
kolesa.kz,xn--kole-y5a62m.kz,homoglyph,,no
kolesa.kz,xn--kole-y5a6606b.kz,homoglyph,,no
kolesa.kz,xn--kole-y5a87l.kz,homoglyph,,no
kolesa.kz,xn--kole-y6b1814b.kz,homoglyph,,no
kolesa.kz,xn--kole-y6b3134w.kz,homoglyph,,no
kolesa.kz,xn--kole-y6b9614b.kz,homoglyph,,no
kolesa.kz,xn--kole-y6b9v.kz,homoglyph,,no
kolesa.kz,xn--kolea-9cb.kz,homoglyph,,no
kolesa.kz,xn--kolea-i9b.kz,homoglyph,,no
kolesa.kz,xn--kolea-isc.kz,homoglyph,,no
kolesa.kz,xn--kolea-mdb.kz,homoglyph,,no
kolesa.kz,xn--kolea-nq1b.kz,homoglyph,,no
kolesa.kz,xn--kolea-r92s.kz,homoglyph,,no
kolesa.kz,xn--kolea-xcb.kz,homoglyph,,no
kolesa.kz,xn--kolea-ydb.kz,homoglyph,,no
kolesa.kz,xn--kolea-zq1b.kz,homoglyph,,no
kolesa.kz,xn--koles-1qa.kz,homoglyph,,no
kolesa.kz,xn--koles-4jc.kz,homoglyph,,no
kolesa.kz,xn--koles-7qa.kz,homoglyph,,no
kolesa.kz,xn--koles-7wa.kz,homoglyph,,no
kolesa.kz,xn--koles-era.kz,homoglyph,,no
kolesa.kz,xn--koles-ilc.kz,homoglyph,,no
kolesa.kz,xn--koles-jwa.kz,homoglyph,,no
kolesa.kz,xn--koles-kra.kz,homoglyph,,no
kolesa.kz,xn--koles-n11b.kz,homoglyph,,no
kolesa.kz,xn--koles-owb.kz,homoglyph,,no
kolesa.kz,xn--koles-qra.kz,homoglyph,,no
kolesa.kz,xn--koles-vqa.kz,homoglyph,,no
kolesa.kz,xn--koles-vwa.kz,homoglyph,,no
kolesa.kz,xn--koles-xcc.kz,homoglyph,,no
kolesa.kz,xn--kols-264a99a.kz,homoglyph,,no
kolesa.kz,xn--kols-2zb30a.kz,homoglyph,,no
kolesa.kz,xn--kols-2zb3484b.kz,homoglyph,,no
kolesa.kz,xn--kols-2zb5v.kz,homoglyph,,no
kolesa.kz,xn--kols-3mb0355b.kz,homoglyph,,no
kolesa.kz,xn--kols-3mb2854b.kz,homoglyph,,no
kolesa.kz,xn--kols-3mb83e.kz,homoglyph,,no
kolesa.kz,xn--kols-3mb85c.kz,homoglyph,,no
kolesa.kz,xn--kols-3na0106b.kz,homoglyph,,no
kolesa.kz,xn--kols-3na03a.kz,homoglyph,,no
kolesa.kz,xn--kols-3na0c.kz,homoglyph,,no
kolesa.kz,xn--kols-3na24a.kz,homoglyph,,no
kolesa.kz,xn--kols-3na2d.kz,homoglyph,,no
kolesa.kz,xn--kols-3na45a.kz,homoglyph,,no
kolesa.kz,xn--kols-3na66a.kz,homoglyph,,no
kolesa.kz,xn--kols-3na66s.kz,homoglyph,,no
kolesa.kz,xn--kols-3na68q.kz,homoglyph,,no
kolesa.kz,xn--kols-3na6c.kz,homoglyph,,no
kolesa.kz,xn--kols-3na81a.kz,homoglyph,,no
kolesa.kz,xn--kols-3na8596b.kz,homoglyph,,no
kolesa.kz,xn--kols-3na8d.kz,homoglyph,,no
kolesa.kz,xn--kols-3sa0085b.kz,homoglyph,,no
kolesa.kz,xn--kols-3sa0i.kz,homoglyph,,no
kolesa.kz,xn--kols-3sa2j.kz,homoglyph,,no
kolesa.kz,xn--kols-3sa4k.kz,homoglyph,,no
kolesa.kz,xn--kols-3sa65q.kz,homoglyph,,no
kolesa.kz,xn--kols-3sa67o.kz,homoglyph,,no
kolesa.kz,xn--kols-3sa6l.kz,homoglyph,,no
kolesa.kz,xn--kols-3sa8476b.kz,homoglyph,,no
kolesa.kz,xn--kols-3sa8g.kz,homoglyph,,no
kolesa.kz,xn--kols-7oa18s.kz,homoglyph,,no
kolesa.kz,xn--kols-7oa59k.kz,homoglyph,,no
kolesa.kz,xn--kols-7oa5m.kz,homoglyph,,no
kolesa.kz,xn--kols-7oa7n.kz,homoglyph,,no
kolesa.kz,xn--kols-7oa92q.kz,homoglyph,,no
kolesa.kz,xn--kols-7oa92t.kz,homoglyph,,no
kolesa.kz,xn--kols-7oa9676b.kz,homoglyph,,no
kolesa.kz,xn--kols-7oa9o.kz,homoglyph,,no
kolesa.kz,xn--kols-7va10i.kz,homoglyph,,no
kolesa.kz,xn--kols-7va53n.kz,homoglyph,,no
kolesa.kz,xn--kols-7va53q.kz,homoglyph,,no
kolesa.kz,xn--kols-7va5746b.kz,homoglyph,,no
kolesa.kz,xn--kols-7va78p.kz,homoglyph,,no
kolesa.kz,xn--kols-8na06a.kz,homoglyph,,no
kolesa.kz,xn--kols-8na06s.kz,homoglyph,,no
kolesa.kz,xn--kols-8na08q.kz,homoglyph,,no
kolesa.kz,xn--kols-8na0c.kz,homoglyph,,no
kolesa.kz,xn--kols-8na21a.kz,homoglyph,,no
kolesa.kz,xn--kols-8na2596b.kz,homoglyph,,no
kolesa.kz,xn--kols-8na2d.kz,homoglyph,,no
kolesa.kz,xn--kols-8na4006b.kz,homoglyph,,no
kolesa.kz,xn--kols-8na42a.kz,homoglyph,,no
kolesa.kz,xn--kols-8na4b.kz,homoglyph,,no
kolesa.kz,xn--kols-8na63a.kz,homoglyph,,no
kolesa.kz,xn--kols-8na6c.kz,homoglyph,,no
kolesa.kz,xn--kols-8na84a.kz,homoglyph,,no
kolesa.kz,xn--kols-8q5a6f.kz,homoglyph,,no
kolesa.kz,xn--kols-d4b3664b.kz,homoglyph,,no
kolesa.kz,xn--kols-d4b3i.kz,homoglyph,,no
kolesa.kz,xn--kols-d4b5d.kz,homoglyph,,no
kolesa.kz,xn--kols-dpa1n.kz,homoglyph,,no
kolesa.kz,xn--kols-dpa32q.kz,homoglyph,,no
kolesa.kz,xn--kols-dpa32t.kz,homoglyph,,no
kolesa.kz,xn--kols-dpa3676b.kz,homoglyph,,no
kolesa.kz,xn--kols-dpa3o.kz,homoglyph,,no
kolesa.kz,xn--kols-dpa57s.kz,homoglyph,,no
kolesa.kz,xn--kols-dpa98k.kz,homoglyph,,no
kolesa.kz,xn--kols-dpa9l.kz,homoglyph,,no
kolesa.kz,xn--kols-dva1156b.kz,homoglyph,,no
kolesa.kz,xn--kols-dva17n.kz,homoglyph,,no
kolesa.kz,xn--kols-dva17q.kz,homoglyph,,no
kolesa.kz,xn--kols-dva32q.kz,homoglyph,,no
kolesa.kz,xn--kols-dva73i.kz,homoglyph,,no
kolesa.kz,xn--kols-eoa03a.kz,homoglyph,,no
kolesa.kz,xn--kols-eoa0c.kz,homoglyph,,no
kolesa.kz,xn--kols-eoa24a.kz,homoglyph,,no
kolesa.kz,xn--kols-eoa45a.kz,homoglyph,,no
kolesa.kz,xn--kols-eoa45s.kz,homoglyph,,no
kolesa.kz,xn--kols-eoa47q.kz,homoglyph,,no
kolesa.kz,xn--kols-eoa4b.kz,homoglyph,,no
kolesa.kz,xn--kols-eoa60a.kz,homoglyph,,no
kolesa.kz,xn--kols-eoa6496b.kz,homoglyph,,no
kolesa.kz,xn--kols-eoa6c.kz,homoglyph,,no
kolesa.kz,xn--kols-eoa81a.kz,homoglyph,,no
kolesa.kz,xn--kols-eoa8995b.kz,homoglyph,,no
kolesa.kz,xn--kols-eoa8a.kz,homoglyph,,no
kolesa.kz,xn--kols-eta0i.kz,homoglyph,,no
kolesa.kz,xn--kols-eta2j.kz,homoglyph,,no
kolesa.kz,xn--kols-eta44q.kz,homoglyph,,no
kolesa.kz,xn--kols-eta46o.kz,homoglyph,,no
kolesa.kz,xn--kols-eta4k.kz,homoglyph,,no
kolesa.kz,xn--kols-eta6376b.kz,homoglyph,,no
kolesa.kz,xn--kols-eta6f.kz,homoglyph,,no
kolesa.kz,xn--kols-eta8875b.kz,homoglyph,,no
kolesa.kz,xn--kols-eta8g.kz,homoglyph,,no
kolesa.kz,xn--kols-ipa38k.kz,homoglyph,,no
kolesa.kz,xn--kols-ipa3l.kz,homoglyph,,no
kolesa.kz,xn--kols-ipa5m.kz,homoglyph,,no
kolesa.kz,xn--kols-ipa71q.kz,homoglyph,,no
kolesa.kz,xn--kols-ipa71t.kz,homoglyph,,no
kolesa.kz,xn--kols-ipa7576b.kz,homoglyph,,no
kolesa.kz,xn--kols-ipa7n.kz,homoglyph,,no
kolesa.kz,xn--kols-ipa96s.kz,homoglyph,,no
kolesa.kz,xn--kols-iwa32n.kz,homoglyph,,no
kolesa.kz,xn--kols-iwa32q.kz,homoglyph,,no
kolesa.kz,xn--kols-iwa3646b.kz,homoglyph,,no
kolesa.kz,xn--kols-iwa57p.kz,homoglyph,,no
kolesa.kz,xn--kols-iwa98h.kz,homoglyph,,no
kolesa.kz,xn--kols-joa00a.kz,homoglyph,,no
kolesa.kz,xn--kols-joa0496b.kz,homoglyph,,no
kolesa.kz,xn--kols-joa0c.kz,homoglyph,,no
kolesa.kz,xn--kols-joa21a.kz,homoglyph,,no
kolesa.kz,xn--kols-joa2995b.kz,homoglyph,,no
kolesa.kz,xn--kols-joa2a.kz,homoglyph,,no
kolesa.kz,xn--kols-joa42a.kz,homoglyph,,no
kolesa.kz,xn--kols-joa4b.kz,homoglyph,,no
kolesa.kz,xn--kols-joa63a.kz,homoglyph,,no
kolesa.kz,xn--kols-joa84a.kz,homoglyph,,no
kolesa.kz,xn--kols-joa84s.kz,homoglyph,,no
kolesa.kz,xn--kols-joa86q.kz,homoglyph,,no
kolesa.kz,xn--kols-joa8a.kz,homoglyph,,no
kolesa.kz,xn--kols-npa11q.kz,homoglyph,,no
kolesa.kz,xn--kols-npa11t.kz,homoglyph,,no
kolesa.kz,xn--kols-npa1576b.kz,homoglyph,,no
kolesa.kz,xn--kols-npa1n.kz,homoglyph,,no
kolesa.kz,xn--kols-npa36s.kz,homoglyph,,no
kolesa.kz,xn--kols-npa77k.kz,homoglyph,,no
kolesa.kz,xn--kols-npa7k.kz,homoglyph,,no
kolesa.kz,xn--kols-npa9l.kz,homoglyph,,no
kolesa.kz,xn--kols-nva11q.kz,homoglyph,,no
kolesa.kz,xn--kols-nva52i.kz,homoglyph,,no
kolesa.kz,xn--kols-nva95n.kz,homoglyph,,no
kolesa.kz,xn--kols-nva95q.kz,homoglyph,,no
kolesa.kz,xn--kols-nva9946b.kz,homoglyph,,no
kolesa.kz,xn--kols-ooa03a.kz,homoglyph,,no
kolesa.kz,xn--kols-ooa24a.kz,homoglyph,,no
kolesa.kz,xn--kols-ooa24s.kz,homoglyph,,no
kolesa.kz,xn--kols-ooa26q.kz,homoglyph,,no
kolesa.kz,xn--kols-ooa2a.kz,homoglyph,,no
kolesa.kz,xn--kols-ooa4396b.kz,homoglyph,,no
kolesa.kz,xn--kols-ooa4b.kz,homoglyph,,no
kolesa.kz,xn--kols-ooa4z.kz,homoglyph,,no
kolesa.kz,xn--kols-ooa60a.kz,homoglyph,,no
kolesa.kz,xn--kols-ooa6895b.kz,homoglyph,,no
kolesa.kz,xn--kols-ooa81a.kz,homoglyph,,no
kolesa.kz,xn--kols-ooa8a.kz,homoglyph,,no
kolesa.kz,xn--kols-ooaw.kz,homoglyph,,no
kolesa.kz,xn--kols-t5b4474b.kz,homoglyph,,no
kolesa.kz,xn--kols-t5b6973b.kz,homoglyph,,no
kolesa.kz,xn--kols-toa00a.kz,homoglyph,,no
kolesa.kz,xn--kols-toa0895b.kz,homoglyph,,no
kolesa.kz,xn--kols-toa21a.kz,homoglyph,,no
kolesa.kz,xn--kols-toa2a.kz,homoglyph,,no
kolesa.kz,xn--kols-toa42a.kz,homoglyph,,no
kolesa.kz,xn--kols-toa63a.kz,homoglyph,,no
kolesa.kz,xn--kols-toa63s.kz,homoglyph,,no
kolesa.kz,xn--kols-toa65q.kz,homoglyph,,no
kolesa.kz,xn--kols-toa8296b.kz,homoglyph,,no
kolesa.kz,xn--kols-toa8a.kz,homoglyph,,no
kolesa.kz,xn--kols-toa8y.kz,homoglyph,,no
kolesa.kz,xn--kols-toaq.kz,homoglyph,,no
kolesa.kz,xn--kols-toaw.kz,homoglyph,,no
kolesa.kz,xn--kols-tsa0676b.kz,homoglyph,,no
kolesa.kz,xn--kols-tsa0i.kz,homoglyph,,no
kolesa.kz,xn--kols-tsa2185b.kz,homoglyph,,no
kolesa.kz,xn--kols-tsa2j.kz,homoglyph,,no
kolesa.kz,xn--kols-tsa4k.kz,homoglyph,,no
kolesa.kz,xn--kols-tsa6l.kz,homoglyph,,no
kolesa.kz,xn--kols-tsa86q.kz,homoglyph,,no
kolesa.kz,xn--kols-tsa88o.kz,homoglyph,,no
kolesa.kz,xn--kols-tsa8m.kz,homoglyph,,no
kolesa.kz,xn--kols-tzb4q.kz,homoglyph,,no
kolesa.kz,xn--kols-tzb6994b.kz,homoglyph,,no
kolesa.kz,xn--kols-tzb8404b.kz,homoglyph,,no
kolesa.kz,xn--kols-tzbk.kz,homoglyph,,no
kolesa.kz,xn--kols-xva31i.kz,homoglyph,,no
kolesa.kz,xn--kols-xva74n.kz,homoglyph,,no
kolesa.kz,xn--kols-xva74q.kz,homoglyph,,no
kolesa.kz,xn--kols-xva7846b.kz,homoglyph,,no
kolesa.kz,xn--kols-xva99p.kz,homoglyph,,no
kolesa.kz,xn--kols-y6b6964b.kz,homoglyph,,no
kolesa.kz,xn--kols-y6b8473b.kz,homoglyph,,no
kolesa.kz,xn--kolsa-0ra.kz,homoglyph,,no
kolesa.kz,xn--kolsa-6ra.kz,homoglyph,,no
kolesa.kz,xn--kolsa-6xa.kz,homoglyph,,no
kolesa.kz,xn--kolsa-7cc.kz,homoglyph,,no
kolesa.kz,xn--kolsa-8za.kz,homoglyph,,no
kolesa.kz,xn--kolsa-dic.kz,homoglyph,,no
kolesa.kz,xn--kolsa-dsa.kz,homoglyph,,no
kolesa.kz,xn--kolsa-ixa.kz,homoglyph,,no
kolesa.kz,xn--kolsa-jsa.kz,homoglyph,,no
kolesa.kz,xn--kolsa-jya.kz,homoglyph,,no
kolesa.kz,xn--kolsa-kza.kz,homoglyph,,no
kolesa.kz,xn--kolsa-l0a.kz,homoglyph,,no
kolesa.kz,xn--kolsa-me1b.kz,homoglyph,,no
kolesa.kz,xn--kolsa-mkb.kz,homoglyph,,no
kolesa.kz,xn--kolsa-p51b.kz,homoglyph,,no
kolesa.kz,xn--kolsa-psa.kz,homoglyph,,no
kolesa.kz,xn--kolsa-s09a.kz,homoglyph,,no
kolesa.kz,xn--kolsa-uxa.kz,homoglyph,,no
kolesa.kz,xn--kolsa-wza.kz,homoglyph,,no
kolesa.kz,xn--kolsa-x0a.kz,homoglyph,,no
kolesa.kz,xn--kosa-11a00l.kz,homoglyph,,no
kolesa.kz,xn--kosa-11a08m.kz,homoglyph,,no
kolesa.kz,xn--kosa-11a2736b.kz,homoglyph,,no
kolesa.kz,xn--kosa-11a4245b.kz,homoglyph,,no
kolesa.kz,xn--kosa-1zb90b.kz,homoglyph,,no
kolesa.kz,xn--kosa-60a0645b.kz,homoglyph,,no
kolesa.kz,xn--kosa-60a61n.kz,homoglyph,,no
kolesa.kz,xn--kosa-60a63l.kz,homoglyph,,no
kolesa.kz,xn--kosa-60a8046b.kz,homoglyph,,no
kolesa.kz,xn--kosa-6oa35c.kz,homoglyph,,no
kolesa.kz,xn--kosa-6oa50c.kz,homoglyph,,no
kolesa.kz,xn--kosa-6oa53u.kz,homoglyph,,no
kolesa.kz,xn--kosa-6oa71c.kz,homoglyph,,no
kolesa.kz,xn--kosa-6oa92c.kz,homoglyph,,no
kolesa.kz,xn--kosa-6va14r.kz,homoglyph,,no
kolesa.kz,xn--kosa-6va1r.kz,homoglyph,,no
kolesa.kz,xn--kosa-6va3s.kz,homoglyph,,no
kolesa.kz,xn--kosa-6va5t.kz,homoglyph,,no
kolesa.kz,xn--kosa-6va9v.kz,homoglyph,,no
kolesa.kz,xn--kosa-c4b9s.kz,homoglyph,,no
kolesa.kz,xn--kosa-cpa11c.kz,homoglyph,,no
kolesa.kz,xn--kosa-cpa32c.kz,homoglyph,,no
kolesa.kz,xn--kosa-cpa74c.kz,homoglyph,,no
kolesa.kz,xn--kosa-cpa92u.kz,homoglyph,,no
kolesa.kz,xn--kosa-cpa99b.kz,homoglyph,,no
kolesa.kz,xn--kosa-cva1x.kz,homoglyph,,no
kolesa.kz,xn--kosa-cva5z.kz,homoglyph,,no
kolesa.kz,xn--kosa-cva77r.kz,homoglyph,,no
kolesa.kz,xn--kosa-cva7u.kz,homoglyph,,no
kolesa.kz,xn--kosa-cva9v.kz,homoglyph,,no
kolesa.kz,xn--kosa-h1a40n.kz,homoglyph,,no
kolesa.kz,xn--kosa-h1a42l.kz,homoglyph,,no
kolesa.kz,xn--kosa-h1a6936b.kz,homoglyph,,no
kolesa.kz,xn--kosa-h1a8445b.kz,homoglyph,,no
kolesa.kz,xn--kosa-h9b0954b.kz,homoglyph,,no
kolesa.kz,xn--kosa-h9b2463b.kz,homoglyph,,no
kolesa.kz,xn--kosa-hpa14c.kz,homoglyph,,no
kolesa.kz,xn--kosa-hpa32u.kz,homoglyph,,no
kolesa.kz,xn--kosa-hpa39b.kz,homoglyph,,no
kolesa.kz,xn--kosa-hpa50c.kz,homoglyph,,no
kolesa.kz,xn--kosa-hpa71c.kz,homoglyph,,no
kolesa.kz,xn--kosa-hwa1r.kz,homoglyph,,no
kolesa.kz,xn--kosa-hwa3s.kz,homoglyph,,no
kolesa.kz,xn--kosa-hwa7u.kz,homoglyph,,no
kolesa.kz,xn--kosa-hwa92r.kz,homoglyph,,no
kolesa.kz,xn--kosa-hwa9p.kz,homoglyph,,no
kolesa.kz,xn--kosa-mpa11c.kz,homoglyph,,no
kolesa.kz,xn--kosa-mpa53c.kz,homoglyph,,no
kolesa.kz,xn--kosa-mpa71u.kz,homoglyph,,no
kolesa.kz,xn--kosa-mpa78b.kz,homoglyph,,no
kolesa.kz,xn--kosa-mpa99b.kz,homoglyph,,no
kolesa.kz,xn--kosa-mva3y.kz,homoglyph,,no
kolesa.kz,xn--kosa-mva56r.kz,homoglyph,,no
kolesa.kz,xn--kosa-mva5t.kz,homoglyph,,no
kolesa.kz,xn--kosa-mva7u.kz,homoglyph,,no
kolesa.kz,xn--kosa-mva9v.kz,homoglyph,,no
kolesa.kz,xn--kosa-w0a0246b.kz,homoglyph,,no
kolesa.kz,xn--kosa-w0a2745b.kz,homoglyph,,no
kolesa.kz,xn--kosa-w0a82n.kz,homoglyph,,no
kolesa.kz,xn--kosa-w0a84l.kz,homoglyph,,no
kolesa.kz,xn--kosa-wva1x.kz,homoglyph,,no
kolesa.kz,xn--kosa-wva35r.kz,homoglyph,,no
kolesa.kz,xn--kosa-wva3s.kz,homoglyph,,no
kolesa.kz,xn--kosa-wva5t.kz,homoglyph,,no
kolesa.kz,xn--kosa-wva7u.kz,homoglyph,,no
kolesa.kz,xn--lclesa-4gb.kz,homoglyph,,no
kolesa.kz,xn--lclesa-4l8b.kz,homoglyph,,no
kolesa.kz,xn--lclesa-4wa.kz,homoglyph,,no
kolesa.kz,xn--lclesa-4wb.kz,homoglyph,,no
kolesa.kz,xn--lclesa-cgb.kz,homoglyph,,no
kolesa.kz,xn--lclesa-cxa.kz,homoglyph,,no
kolesa.kz,xn--lclesa-cya.kz,homoglyph,,no
kolesa.kz,xn--lclesa-j15b.kz,homoglyph,,no
kolesa.kz,xn--lclesa-jqc.kz,homoglyph,,no
kolesa.kz,xn--lclesa-jxa.kz,homoglyph,,no
kolesa.kz,xn--lclesa-qgb.kz,homoglyph,,no
kolesa.kz,xn--lclesa-ql8b.kz,homoglyph,,no
kolesa.kz,xn--lclesa-qxa.kz,homoglyph,,no
kolesa.kz,xn--lclesa-xxa.kz,homoglyph,,no
kolesa.kz,xn--lcoesa-5db.kz,homoglyph,,no
kolesa.kz,xn--lcoesa-ddb.kz,homoglyph,,no
kolesa.kz,xn--lcoesa-k2c.kz,homoglyph,,no
kolesa.kz,xn--lcoesa-kcb.kz,homoglyph,,no
kolesa.kz,xn--lcoesa-ycb.kz,homoglyph,,no
kolesa.kz,xn--lcolea-037v.kz,homoglyph,,no
kolesa.kz,xn--lcolea-0jb.kz,homoglyph,,no
kolesa.kz,xn--lcolea-76c.kz,homoglyph,,no
kolesa.kz,xn--lcolea-7ib.kz,homoglyph,,no
kolesa.kz,xn--lcolea-7lc.kz,homoglyph,,no
kolesa.kz,xn--lcolea-7y7b.kz,homoglyph,,no
kolesa.kz,xn--lcolea-fkb.kz,homoglyph,,no
kolesa.kz,xn--lcolea-mjb.kz,homoglyph,,no
kolesa.kz,xn--lcolea-mz7b.kz,homoglyph,,no
kolesa.kz,xn--lcoles-10a.kz,homoglyph,,no
kolesa.kz,xn--lcoles-1c8b.kz,homoglyph,,no
kolesa.kz,xn--lcoles-1oc.kz,homoglyph,,no
kolesa.kz,xn--lcoles-1ta.kz,homoglyph,,no
kolesa.kz,xn--lcoles-1yc.kz,homoglyph,,no
kolesa.kz,xn--lcoles-85b.kz,homoglyph,,no
kolesa.kz,xn--lcoles-8ta.kz,homoglyph,,no
kolesa.kz,xn--lcoles-8za.kz,homoglyph,,no
kolesa.kz,xn--lcoles-gua.kz,homoglyph,,no
kolesa.kz,xn--lcoles-gxc.kz,homoglyph,,no
kolesa.kz,xn--lcoles-n0a.kz,homoglyph,,no
kolesa.kz,xn--lcoles-nta.kz,homoglyph,,no
kolesa.kz,xn--lcoles-nua.kz,homoglyph,,no
kolesa.kz,xn--lcoles-uta.kz,homoglyph,,no
kolesa.kz,xn--lcolsa-63a.kz,homoglyph,,no
kolesa.kz,xn--lcolsa-6k7b.kz,homoglyph,,no
kolesa.kz,xn--lcolsa-6ua.kz,homoglyph,,no
kolesa.kz,xn--lcolsa-e5a.kz,homoglyph,,no
kolesa.kz,xn--lcolsa-epc.kz,homoglyph,,no
kolesa.kz,xn--lcolsa-eva.kz,homoglyph,,no
kolesa.kz,xn--lcolsa-evc.kz,homoglyph,,no
kolesa.kz,xn--lcolsa-l4a.kz,homoglyph,,no
kolesa.kz,xn--lcolsa-lva.kz,homoglyph,,no
kolesa.kz,xn--lcolsa-s3a.kz,homoglyph,,no
kolesa.kz,xn--lcolsa-sh8b.kz,homoglyph,,no
kolesa.kz,xn--lcolsa-sva.kz,homoglyph,,no
kolesa.kz,xn--lcolsa-z4a.kz,homoglyph,,no
kolesa.kz,xn--lesa-423a26j.kz,homoglyph,,no
kolesa.kz,xn--lesa-423aq6j.kz,homoglyph,,no
kolesa.kz,xn--lesa-423aya.kz,homoglyph,,no
kolesa.kz,xn--lesa-43a1073b.kz,homoglyph,,no
kolesa.kz,xn--lesa-43a1137d.kz,homoglyph,,no
kolesa.kz,xn--lesa-43a52g.kz,homoglyph,,no
kolesa.kz,xn--lesa-43a7745b.kz,homoglyph,,no
kolesa.kz,xn--lesa-43a9845b.kz,homoglyph,,no
kolesa.kz,xn--lesa-4qa17l.kz,homoglyph,,no
kolesa.kz,xn--lesa-4qa30b.kz,homoglyph,,no
kolesa.kz,xn--lesa-4qa3206b.kz,homoglyph,,no
kolesa.kz,xn--lesa-4qa5306b.kz,homoglyph,,no
kolesa.kz,xn--lesa-4qa7424b.kz,homoglyph,,no
kolesa.kz,xn--lesa-4qa7587d.kz,homoglyph,,no
kolesa.kz,xn--lesa-4qa90b.kz,homoglyph,,no
kolesa.kz,xn--lesa-f0a05d.kz,homoglyph,,no
kolesa.kz,xn--lesa-f0a0756b.kz,homoglyph,,no
kolesa.kz,xn--lesa-f0a0n.kz,homoglyph,,no
kolesa.kz,xn--lesa-f0a20m.kz,homoglyph,,no
kolesa.kz,xn--lesa-f0a2883b.kz,homoglyph,,no
kolesa.kz,xn--lesa-f0a6k.kz,homoglyph,,no
kolesa.kz,xn--lesa-f0a8556b.kz,homoglyph,,no
kolesa.kz,xn--lesa-f0a8l.kz,homoglyph,,no
kolesa.kz,xn--lesa-fb5a85b.kz,homoglyph,,no
kolesa.kz,xn--lesa-fb5aw5b.kz,homoglyph,,no
kolesa.kz,xn--lesa-fra1106b.kz,homoglyph,,no
kolesa.kz,xn--lesa-fra19a.kz,homoglyph,,no
kolesa.kz,xn--lesa-fra3206b.kz,homoglyph,,no
kolesa.kz,xn--lesa-fra5324b.kz,homoglyph,,no
kolesa.kz,xn--lesa-fra5487d.kz,homoglyph,,no
kolesa.kz,xn--lesa-fra79a.kz,homoglyph,,no
kolesa.kz,xn--lesa-fra95l.kz,homoglyph,,no
kolesa.kz,xn--lesa-fx5a536g.kz,homoglyph,,no
kolesa.kz,xn--lesa-k0a0k.kz,homoglyph,,no
kolesa.kz,xn--lesa-k0a2556b.kz,homoglyph,,no
kolesa.kz,xn--lesa-k0a2l.kz,homoglyph,,no
kolesa.kz,xn--lesa-k0a44d.kz,homoglyph,,no
kolesa.kz,xn--lesa-k0a4656b.kz,homoglyph,,no
kolesa.kz,xn--lesa-k0a4m.kz,homoglyph,,no
kolesa.kz,xn--lesa-k0a6783b.kz,homoglyph,,no
kolesa.kz,xn--lesa-k0a69l.kz,homoglyph,,no
kolesa.kz,xn--lesa-k3a1055b.kz,homoglyph,,no
kolesa.kz,xn--lesa-k3a3155b.kz,homoglyph,,no
kolesa.kz,xn--lesa-k3a5273b.kz,homoglyph,,no
kolesa.kz,xn--lesa-k3a5337d.kz,homoglyph,,no
kolesa.kz,xn--lesa-k3a94g.kz,homoglyph,,no
kolesa.kz,xn--lesa-kgb1223b.kz,homoglyph,,no
kolesa.kz,xn--lesa-kgb1386d.kz,homoglyph,,no
kolesa.kz,xn--lesa-kgb54b.kz,homoglyph,,no
kolesa.kz,xn--lesa-kgb7994b.kz,homoglyph,,no
kolesa.kz,xn--lesa-kgb9005b.kz,homoglyph,,no
kolesa.kz,xn--lesa-kqa1724b.kz,homoglyph,,no
kolesa.kz,xn--lesa-kqa1887d.kz,homoglyph,,no
kolesa.kz,xn--lesa-kqa33b.kz,homoglyph,,no
kolesa.kz,xn--lesa-kqa59l.kz,homoglyph,,no
kolesa.kz,xn--lesa-kqa72b.kz,homoglyph,,no
kolesa.kz,xn--lesa-kqa7406b.kz,homoglyph,,no
kolesa.kz,xn--lesa-kqa9506b.kz,homoglyph,,no
kolesa.kz,xn--lesa-p33a92f.kz,homoglyph,,no
kolesa.kz,xn--lesa-p33ax58h.kz,homoglyph,,no
kolesa.kz,xn--lesa-p33az3f.kz,homoglyph,,no
kolesa.kz,xn--lesa-pb5a64b.kz,homoglyph,,no
kolesa.kz,xn--lesa-pb5aw5b.kz,homoglyph,,no
kolesa.kz,xn--lesa-pqa12b.kz,homoglyph,,no
kolesa.kz,xn--lesa-pqa1406b.kz,homoglyph,,no
kolesa.kz,xn--lesa-pqa3506b.kz,homoglyph,,no
kolesa.kz,xn--lesa-pqa5624b.kz,homoglyph,,no
kolesa.kz,xn--lesa-pqa5787d.kz,homoglyph,,no
kolesa.kz,xn--lesa-pqa72b.kz,homoglyph,,no
kolesa.kz,xn--lesa-pqa98l.kz,homoglyph,,no
kolesa.kz,xn--lesa-px5at36g.kz,homoglyph,,no
kolesa.kz,xn--lesa-u0b5414b.kz,homoglyph,,no
kolesa.kz,xn--lesa-u0b7514b.kz,homoglyph,,no
kolesa.kz,xn--lesa-u0b9632b.kz,homoglyph,,no
kolesa.kz,xn--lesa-u0b9795d.kz,homoglyph,,no
kolesa.kz,xn--lesa-u3a1055b.kz,homoglyph,,no
kolesa.kz,xn--lesa-u3a3173b.kz,homoglyph,,no
kolesa.kz,xn--lesa-u3a3237d.kz,homoglyph,,no
kolesa.kz,xn--lesa-u3a73g.kz,homoglyph,,no
kolesa.kz,xn--lesa-u3a9845b.kz,homoglyph,,no
kolesa.kz,xn--lesa-uqa12b.kz,homoglyph,,no
kolesa.kz,xn--lesa-uqa38l.kz,homoglyph,,no
kolesa.kz,xn--lesa-uqa51b.kz,homoglyph,,no
kolesa.kz,xn--lesa-uqa5306b.kz,homoglyph,,no
kolesa.kz,xn--lesa-uqa7406b.kz,homoglyph,,no
kolesa.kz,xn--lesa-uqa9524b.kz,homoglyph,,no
kolesa.kz,xn--lesa-uqa9687d.kz,homoglyph,,no
kolesa.kz,xn--lesa-uqb0945b.kz,homoglyph,,no
kolesa.kz,xn--lesa-uqb2055b.kz,homoglyph,,no
kolesa.kz,xn--lesa-uqb4182b.kz,homoglyph,,no
kolesa.kz,xn--lesa-uqb43b.kz,homoglyph,,no
kolesa.kz,xn--lesa-zqa1406b.kz,homoglyph,,no
kolesa.kz,xn--lesa-zqa3524b.kz,homoglyph,,no
kolesa.kz,xn--lesa-zqa3687d.kz,homoglyph,,no
kolesa.kz,xn--lesa-zqa51b.kz,homoglyph,,no
kolesa.kz,xn--lesa-zqa77l.kz,homoglyph,,no
kolesa.kz,xn--lesa-zqa90b.kz,homoglyph,,no
kolesa.kz,xn--lesa-zqa9206b.kz,homoglyph,,no
kolesa.kz,xn--lolesa-31a.kz,homoglyph,,no
kolesa.kz,xn--lolesa-3rb.kz,homoglyph,,no
kolesa.kz,xn--lolesa-b1a.kz,homoglyph,,no
kolesa.kz,xn--lolesa-bz5b.kz,homoglyph,,no
kolesa.kz,xn--lolesa-i2a.kz,homoglyph,,no
kolesa.kz,xn--lolesa-p1a.kz,homoglyph,,no
kolesa.kz,xn--lolesa-wua.kz,homoglyph,,no
kolesa.kz,xn--o1esa-50b.kz,homoglyph,,no
kolesa.kz,xn--o1esa-hc9c.kz,homoglyph,,no
kolesa.kz,xn--o1esa-n5a.kz,homoglyph,,no
kolesa.kz,xn--o1esa-ni1b.kz,homoglyph,,no
kolesa.kz,xn--o1esa-t5a.kz,homoglyph,,no
kolesa.kz,xn--o1esa-w19a.kz,homoglyph,,no
kolesa.kz,xn--o1esa-zi1b.kz,homoglyph,,no
kolesa.kz,xn--oesa-01a0047d.kz,homoglyph,,no
kolesa.kz,xn--oesa-01a0973b.kz,homoglyph,,no
kolesa.kz,xn--oesa-01a41h.kz,homoglyph,,no
kolesa.kz,xn--oesa-01a6655b.kz,homoglyph,,no
kolesa.kz,xn--oesa-01a8755b.kz,homoglyph,,no
kolesa.kz,xn--oesa-50a05h.kz,homoglyph,,no
kolesa.kz,xn--oesa-50a2065b.kz,homoglyph,,no
kolesa.kz,xn--oesa-50a4165b.kz,homoglyph,,no
kolesa.kz,xn--oesa-50a6283b.kz,homoglyph,,no
kolesa.kz,xn--oesa-50a6347d.kz,homoglyph,,no
kolesa.kz,xn--oesa-f0a1e.kz,homoglyph,,no
kolesa.kz,xn--oesa-f0a36p.kz,homoglyph,,no
kolesa.kz,xn--oesa-f0a5a.kz,homoglyph,,no
kolesa.kz,xn--oesa-f0a7b.kz,homoglyph,,no
kolesa.kz,xn--oesa-f0at.kz,homoglyph,,no
kolesa.kz,xn--oesa-g1a0955b.kz,homoglyph,,no
kolesa.kz,xn--oesa-g1a2065b.kz,homoglyph,,no
kolesa.kz,xn--oesa-g1a4183b.kz,homoglyph,,no
kolesa.kz,xn--oesa-g1a4247d.kz,homoglyph,,no
kolesa.kz,xn--oesa-g1a83h.kz,homoglyph,,no
kolesa.kz,xn--oesa-g9b4873b.kz,homoglyph,,no
kolesa.kz,xn--oesa-g9b6973b.kz,homoglyph,,no
kolesa.kz,xn--oesa-g9b8002b.kz,homoglyph,,no
kolesa.kz,xn--oesa-g9b8165d.kz,homoglyph,,no
kolesa.kz,xn--oesa-k0a1b.kz,homoglyph,,no
kolesa.kz,xn--oesa-k0a5d.kz,homoglyph,,no
kolesa.kz,xn--oesa-k0a75p.kz,homoglyph,,no
kolesa.kz,xn--oesa-k0an.kz,homoglyph,,no
kolesa.kz,xn--oesa-k0az.kz,homoglyph,,no
kolesa.kz,xn--oesa-uqb59e.kz,homoglyph,,no
kolesa.kz,xn--oesa-v0a26h.kz,homoglyph,,no
kolesa.kz,xn--oesa-v0a4165b.kz,homoglyph,,no
kolesa.kz,xn--oesa-v0a6265b.kz,homoglyph,,no
kolesa.kz,xn--oesa-v0a8383b.kz,homoglyph,,no
kolesa.kz,xn--oesa-v0a8447d.kz,homoglyph,,no
kolesa.kz,xn--oiesa-50b.kz,homoglyph,,no
kolesa.kz,xn--oiesa-hc9c.kz,homoglyph,,no
kolesa.kz,xn--oiesa-n5a.kz,homoglyph,,no
kolesa.kz,xn--oiesa-ni1b.kz,homoglyph,,no
kolesa.kz,xn--oiesa-t5a.kz,homoglyph,,no
kolesa.kz,xn--oiesa-w19a.kz,homoglyph,,no
kolesa.kz,xn--oiesa-zi1b.kz,homoglyph,,no
kolesa.kz,xn--olcsa-50b.kz,homoglyph,,no
kolesa.kz,xn--olcsa-hc9c.kz,homoglyph,,no
kolesa.kz,xn--olcsa-n5a.kz,homoglyph,,no
kolesa.kz,xn--olcsa-ni1b.kz,homoglyph,,no
kolesa.kz,xn--olcsa-t5a.kz,homoglyph,,no
kolesa.kz,xn--olcsa-w19a.kz,homoglyph,,no
kolesa.kz,xn--olcsa-zi1b.kz,homoglyph,,no
kolesa.kz,xn--olea-2h5aq39g.kz,homoglyph,,no
kolesa.kz,xn--olea-423a56g.kz,homoglyph,,no
kolesa.kz,xn--olea-423a5857g.kz,homoglyph,,no
kolesa.kz,xn--olea-423av7g.kz,homoglyph,,no
kolesa.kz,xn--olea-75a0935b.kz,homoglyph,,no
kolesa.kz,xn--olea-75a2045b.kz,homoglyph,,no
kolesa.kz,xn--olea-75a4163b.kz,homoglyph,,no
kolesa.kz,xn--olea-75a4227d.kz,homoglyph,,no
kolesa.kz,xn--olea-75a83f.kz,homoglyph,,no
kolesa.kz,xn--olea-949bo756e.kz,homoglyph,,no
kolesa.kz,xn--olea-di5a029g.kz,homoglyph,,no
kolesa.kz,xn--olea-f0a30r.kz,homoglyph,,no
kolesa.kz,xn--olea-f0a3195b.kz,homoglyph,,no
kolesa.kz,xn--olea-f0a37k.kz,homoglyph,,no
kolesa.kz,xn--olea-f0a3t.kz,homoglyph,,no
kolesa.kz,xn--olea-f0a5295b.kz,homoglyph,,no
kolesa.kz,xn--olea-f0a5u.kz,homoglyph,,no
kolesa.kz,xn--olea-f0a7506w.kz,homoglyph,,no
kolesa.kz,xn--olea-f0a7v.kz,homoglyph,,no
kolesa.kz,xn--olea-f0a9w.kz,homoglyph,,no
kolesa.kz,xn--olea-fb5a1m.kz,homoglyph,,no
kolesa.kz,xn--olea-fb5ap876g.kz,homoglyph,,no
kolesa.kz,xn--olea-fb5apm.kz,homoglyph,,no
kolesa.kz,xn--olea-i6a0935b.kz,homoglyph,,no
kolesa.kz,xn--olea-i6a2063b.kz,homoglyph,,no
kolesa.kz,xn--olea-i6a2127d.kz,homoglyph,,no
kolesa.kz,xn--olea-i6a62f.kz,homoglyph,,no
kolesa.kz,xn--olea-i6a8735b.kz,homoglyph,,no
kolesa.kz,xn--olea-k0a1506w.kz,homoglyph,,no
kolesa.kz,xn--olea-k0a1v.kz,homoglyph,,no
kolesa.kz,xn--olea-k0a3w.kz,homoglyph,,no
kolesa.kz,xn--olea-k0a7095b.kz,homoglyph,,no
kolesa.kz,xn--olea-k0a76k.kz,homoglyph,,no
kolesa.kz,xn--olea-k0a79q.kz,homoglyph,,no
kolesa.kz,xn--olea-k0a7s.kz,homoglyph,,no
kolesa.kz,xn--olea-k0a9195b.kz,homoglyph,,no
kolesa.kz,xn--olea-k0a9t.kz,homoglyph,,no
kolesa.kz,xn--olea-n5a26f.kz,homoglyph,,no
kolesa.kz,xn--olea-n5a4145b.kz,homoglyph,,no
kolesa.kz,xn--olea-n5a6245b.kz,homoglyph,,no
kolesa.kz,xn--olea-n5a8363b.kz,homoglyph,,no
kolesa.kz,xn--olea-n5a8427d.kz,homoglyph,,no
kolesa.kz,xn--olea-pb5apm.kz,homoglyph,,no
kolesa.kz,xn--olea-pb5az776g.kz,homoglyph,,no
kolesa.kz,xn--olea-pb5azl.kz,homoglyph,,no
kolesa.kz,xn--olea-sdc4463b.kz,homoglyph,,no
kolesa.kz,xn--olea-sdc6563b.kz,homoglyph,,no
kolesa.kz,xn--olea-sdc8681b.kz,homoglyph,,no
kolesa.kz,xn--olea-sdc8745d.kz,homoglyph,,no
kolesa.kz,xn--olea-sxb4724b.kz,homoglyph,,no
kolesa.kz,xn--olea-sxb6824b.kz,homoglyph,,no
kolesa.kz,xn--olea-sxb8016d.kz,homoglyph,,no
kolesa.kz,xn--olea-sxb8942b.kz,homoglyph,,no
kolesa.kz,xn--olea-uqb50a.kz,homoglyph,,no
kolesa.kz,xn--olea-uqb53g.kz,homoglyph,,no
kolesa.kz,xn--olea-uqb5484b.kz,homoglyph,,no
kolesa.kz,xn--olea-uqb7584b.kz,homoglyph,,no
kolesa.kz,xn--olea-uqb9894w.kz,homoglyph,,no
kolesa.kz,xn--olea-x5a05f.kz,homoglyph,,no
kolesa.kz,xn--olea-x5a2045b.kz,homoglyph,,no
kolesa.kz,xn--olea-x5a4145b.kz,homoglyph,,no
kolesa.kz,xn--olea-x5a6263b.kz,homoglyph,,no
kolesa.kz,xn--olea-x5a6327d.kz,homoglyph,,no
kolesa.kz,xn--oles-3mb1n.kz,homoglyph,,no
kolesa.kz,xn--oles-3mb3274b.kz,homoglyph,,no
kolesa.kz,xn--oles-3mb5374b.kz,homoglyph,,no
kolesa.kz,xn--oles-3mb7492b.kz,homoglyph,,no
kolesa.kz,xn--oles-3mb7556d.kz,homoglyph,,no
kolesa.kz,xn--oles-3na13c.kz,homoglyph,,no
kolesa.kz,xn--oles-3na1516b.kz,homoglyph,,no
kolesa.kz,xn--oles-3na3616b.kz,homoglyph,,no
kolesa.kz,xn--oles-3na5734b.kz,homoglyph,,no
kolesa.kz,xn--oles-3na5897d.kz,homoglyph,,no
kolesa.kz,xn--oles-3na73c.kz,homoglyph,,no
kolesa.kz,xn--oles-3na99m.kz,homoglyph,,no
kolesa.kz,xn--oles-3sa12a.kz,homoglyph,,no
kolesa.kz,xn--oles-3sa1495b.kz,homoglyph,,no
kolesa.kz,xn--oles-3sa3595b.kz,homoglyph,,no
kolesa.kz,xn--oles-3sa5614b.kz,homoglyph,,no
kolesa.kz,xn--oles-3sa5777d.kz,homoglyph,,no
kolesa.kz,xn--oles-3sa72a.kz,homoglyph,,no
kolesa.kz,xn--oles-3sa98k.kz,homoglyph,,no
kolesa.kz,xn--oles-423au4i.kz,homoglyph,,no
kolesa.kz,xn--oles-8na13c.kz,homoglyph,,no
kolesa.kz,xn--oles-8na39m.kz,homoglyph,,no
kolesa.kz,xn--oles-8na52c.kz,homoglyph,,no
kolesa.kz,xn--oles-8na5416b.kz,homoglyph,,no
kolesa.kz,xn--oles-8na7516b.kz,homoglyph,,no
kolesa.kz,xn--oles-8na9634b.kz,homoglyph,,no
kolesa.kz,xn--oles-8na9797d.kz,homoglyph,,no
kolesa.kz,xn--oles-8q5a157g.kz,homoglyph,,no
kolesa.kz,xn--oles-eoa1516b.kz,homoglyph,,no
kolesa.kz,xn--oles-eoa3634b.kz,homoglyph,,no
kolesa.kz,xn--oles-eoa3797d.kz,homoglyph,,no
kolesa.kz,xn--oles-eoa52c.kz,homoglyph,,no
kolesa.kz,xn--oles-eoa78m.kz,homoglyph,,no
kolesa.kz,xn--oles-eoa91c.kz,homoglyph,,no
kolesa.kz,xn--oles-eoa9316b.kz,homoglyph,,no
kolesa.kz,xn--oles-eta1495b.kz,homoglyph,,no
kolesa.kz,xn--oles-eta3514b.kz,homoglyph,,no
kolesa.kz,xn--oles-eta3677d.kz,homoglyph,,no
kolesa.kz,xn--oles-eta51a.kz,homoglyph,,no
kolesa.kz,xn--oles-eta77k.kz,homoglyph,,no
kolesa.kz,xn--oles-eta90a.kz,homoglyph,,no
kolesa.kz,xn--oles-eta9295b.kz,homoglyph,,no
kolesa.kz,xn--oles-f0a01o.kz,homoglyph,,no
kolesa.kz,xn--oles-f0a42g.kz,homoglyph,,no
kolesa.kz,xn--oles-f0a85l.kz,homoglyph,,no
kolesa.kz,xn--oles-f0a85o.kz,homoglyph,,no
kolesa.kz,xn--oles-f0a8926b.kz,homoglyph,,no
kolesa.kz,xn--oles-fb5a03a.kz,homoglyph,,no
kolesa.kz,xn--oles-joa18m.kz,homoglyph,,no
kolesa.kz,xn--oles-joa31c.kz,homoglyph,,no
kolesa.kz,xn--oles-joa3316b.kz,homoglyph,,no
kolesa.kz,xn--oles-joa5416b.kz,homoglyph,,no
kolesa.kz,xn--oles-joa7534b.kz,homoglyph,,no
kolesa.kz,xn--oles-joa7697d.kz,homoglyph,,no
kolesa.kz,xn--oles-joa91c.kz,homoglyph,,no
kolesa.kz,xn--oles-k0a25l.kz,homoglyph,,no
kolesa.kz,xn--oles-k0a25o.kz,homoglyph,,no
kolesa.kz,xn--oles-k0a2926b.kz,homoglyph,,no
kolesa.kz,xn--oles-k0a40o.kz,homoglyph,,no
kolesa.kz,xn--oles-k0a81g.kz,homoglyph,,no
kolesa.kz,xn--oles-ooa1534b.kz,homoglyph,,no
kolesa.kz,xn--oles-ooa1697d.kz,homoglyph,,no
kolesa.kz,xn--oles-ooa31c.kz,homoglyph,,no
kolesa.kz,xn--oles-ooa57m.kz,homoglyph,,no
kolesa.kz,xn--oles-ooa70c.kz,homoglyph,,no
kolesa.kz,xn--oles-ooa7216b.kz,homoglyph,,no
kolesa.kz,xn--oles-ooa9316b.kz,homoglyph,,no
kolesa.kz,xn--oles-pb5ao3a.kz,homoglyph,,no
kolesa.kz,xn--oles-t5b1612b.kz,homoglyph,,no
kolesa.kz,xn--oles-t5b1775d.kz,homoglyph,,no
kolesa.kz,xn--oles-t5b7393b.kz,homoglyph,,no
kolesa.kz,xn--oles-t5b9493b.kz,homoglyph,,no
kolesa.kz,xn--oles-toa10c.kz,homoglyph,,no
kolesa.kz,xn--oles-toa1216b.kz,homoglyph,,no
kolesa.kz,xn--oles-toa3316b.kz,homoglyph,,no
kolesa.kz,xn--oles-toa5434b.kz,homoglyph,,no
kolesa.kz,xn--oles-toa5597d.kz,homoglyph,,no
kolesa.kz,xn--oles-toa70c.kz,homoglyph,,no
kolesa.kz,xn--oles-toa96m.kz,homoglyph,,no
kolesa.kz,xn--oles-tsa10l.kz,homoglyph,,no
kolesa.kz,xn--oles-tsa33a.kz,homoglyph,,no
kolesa.kz,xn--oles-tsa3595b.kz,homoglyph,,no
kolesa.kz,xn--oles-tsa5695b.kz,homoglyph,,no
kolesa.kz,xn--oles-tsa7714b.kz,homoglyph,,no
kolesa.kz,xn--oles-tsa7877d.kz,homoglyph,,no
kolesa.kz,xn--oles-tsa93a.kz,homoglyph,,no
kolesa.kz,xn--oles-tzb1024b.kz,homoglyph,,no
kolesa.kz,xn--oles-tzb3142b.kz,homoglyph,,no
kolesa.kz,xn--oles-tzb3206d.kz,homoglyph,,no
kolesa.kz,xn--oles-tzb9814b.kz,homoglyph,,no
kolesa.kz,xn--oles-uqb0325b.kz,homoglyph,,no
kolesa.kz,xn--oles-uqb09a.kz,homoglyph,,no
kolesa.kz,xn--oles-uqb09d.kz,homoglyph,,no
kolesa.kz,xn--oles-uqb24d.kz,homoglyph,,no
kolesa.kz,xn--oles-y6b1093b.kz,homoglyph,,no
kolesa.kz,xn--oles-y6b3112b.kz,homoglyph,,no
kolesa.kz,xn--oles-y6b3275d.kz,homoglyph,,no
kolesa.kz,xn--oles-y6b9883b.kz,homoglyph,,no
kolesa.kz,xn--olesa-50b.kz,homoglyph,,no
kolesa.kz,xn--olesa-hc9c.kz,homoglyph,,no
kolesa.kz,xn--olesa-n5a.kz,homoglyph,,no
kolesa.kz,xn--olesa-ni1b.kz,homoglyph,,no
kolesa.kz,xn--olesa-t5a.kz,homoglyph,,no
kolesa.kz,xn--olesa-w19a.kz,homoglyph,,no
kolesa.kz,xn--olesa-zi1b.kz,homoglyph,,no
kolesa.kz,xn--olsa-164a5f.kz,homoglyph,,no
kolesa.kz,xn--olsa-164at21h.kz,homoglyph,,no
kolesa.kz,xn--olsa-164avg.kz,homoglyph,,no
kolesa.kz,xn--olsa-1zb1914b.kz,homoglyph,,no
kolesa.kz,xn--olsa-1zb3042b.kz,homoglyph,,no
kolesa.kz,xn--olsa-1zb3106d.kz,homoglyph,,no
kolesa.kz,xn--olsa-1zb9714b.kz,homoglyph,,no
kolesa.kz,xn--olsa-423a27e.kz,homoglyph,,no
kolesa.kz,xn--olsa-423a40j.kz,homoglyph,,no
kolesa.kz,xn--olsa-6oa19b.kz,homoglyph,,no
kolesa.kz,xn--olsa-6oa35m.kz,homoglyph,,no
kolesa.kz,xn--olsa-6oa5016b.kz,homoglyph,,no
kolesa.kz,xn--olsa-6oa58b.kz,homoglyph,,no
kolesa.kz,xn--olsa-6oa7116b.kz,homoglyph,,no
kolesa.kz,xn--olsa-6oa9234b.kz,homoglyph,,no
kolesa.kz,xn--olsa-6oa9397d.kz,homoglyph,,no
kolesa.kz,xn--olsa-6va1185b.kz,homoglyph,,no
kolesa.kz,xn--olsa-6va1p.kz,homoglyph,,no
kolesa.kz,xn--olsa-6va3285b.kz,homoglyph,,no
kolesa.kz,xn--olsa-6va5304b.kz,homoglyph,,no
kolesa.kz,xn--olsa-6va5467d.kz,homoglyph,,no
kolesa.kz,xn--olsa-6va7p.kz,homoglyph,,no
kolesa.kz,xn--olsa-6va95j.kz,homoglyph,,no
kolesa.kz,xn--olsa-c4b1104b.kz,homoglyph,,no
kolesa.kz,xn--olsa-c4b3222b.kz,homoglyph,,no
kolesa.kz,xn--olsa-c4b3385d.kz,homoglyph,,no
kolesa.kz,xn--olsa-c4b9993b.kz,homoglyph,,no
kolesa.kz,xn--olsa-cpa1116b.kz,homoglyph,,no
kolesa.kz,xn--olsa-cpa3234b.kz,homoglyph,,no
kolesa.kz,xn--olsa-cpa3397d.kz,homoglyph,,no
kolesa.kz,xn--olsa-cpa58b.kz,homoglyph,,no
kolesa.kz,xn--olsa-cpa74m.kz,homoglyph,,no
kolesa.kz,xn--olsa-cpa97b.kz,homoglyph,,no
kolesa.kz,xn--olsa-cpa9906b.kz,homoglyph,,no
kolesa.kz,xn--olsa-cva1704b.kz,homoglyph,,no
kolesa.kz,xn--olsa-cva1867d.kz,homoglyph,,no
kolesa.kz,xn--olsa-cva3t.kz,homoglyph,,no
kolesa.kz,xn--olsa-cva59j.kz,homoglyph,,no
kolesa.kz,xn--olsa-cva7485b.kz,homoglyph,,no
kolesa.kz,xn--olsa-cva7s.kz,homoglyph,,no
kolesa.kz,xn--olsa-cva9585b.kz,homoglyph,,no
kolesa.kz,xn--olsa-f0a0446b.kz,homoglyph,,no
kolesa.kz,xn--olsa-f0a2945b.kz,homoglyph,,no
kolesa.kz,xn--olsa-f0a84n.kz,homoglyph,,no
kolesa.kz,xn--olsa-f0a86l.kz,homoglyph,,no
kolesa.kz,xn--olsa-fb5ao0b.kz,homoglyph,,no
kolesa.kz,xn--olsa-hpa14m.kz,homoglyph,,no
kolesa.kz,xn--olsa-hpa37b.kz,homoglyph,,no
kolesa.kz,xn--olsa-hpa3906b.kz,homoglyph,,no
kolesa.kz,xn--olsa-hpa5016b.kz,homoglyph,,no
kolesa.kz,xn--olsa-hpa7134b.kz,homoglyph,,no
kolesa.kz,xn--olsa-hpa7297d.kz,homoglyph,,no
kolesa.kz,xn--olsa-hpa97b.kz,homoglyph,,no
kolesa.kz,xn--olsa-hwa1185b.kz,homoglyph,,no
kolesa.kz,xn--olsa-hwa3204b.kz,homoglyph,,no
kolesa.kz,xn--olsa-hwa3367d.kz,homoglyph,,no
kolesa.kz,xn--olsa-hwa5o.kz,homoglyph,,no
kolesa.kz,xn--olsa-hwa74j.kz,homoglyph,,no
kolesa.kz,xn--olsa-hwa9975b.kz,homoglyph,,no
kolesa.kz,xn--olsa-hwa9n.kz,homoglyph,,no
kolesa.kz,xn--olsa-k0a24n.kz,homoglyph,,no
kolesa.kz,xn--olsa-k0a26l.kz,homoglyph,,no
kolesa.kz,xn--olsa-k0a4346b.kz,homoglyph,,no
kolesa.kz,xn--olsa-k0a6845b.kz,homoglyph,,no
kolesa.kz,xn--olsa-mpa1134b.kz,homoglyph,,no
kolesa.kz,xn--olsa-mpa1297d.kz,homoglyph,,no
kolesa.kz,xn--olsa-mpa37b.kz,homoglyph,,no
kolesa.kz,xn--olsa-mpa53m.kz,homoglyph,,no
kolesa.kz,xn--olsa-mpa76b.kz,homoglyph,,no
kolesa.kz,xn--olsa-mpa7806b.kz,homoglyph,,no
kolesa.kz,xn--olsa-mpa9906b.kz,homoglyph,,no
kolesa.kz,xn--olsa-mu5ar96g.kz,homoglyph,,no
kolesa.kz,xn--olsa-mva1s.kz,homoglyph,,no
kolesa.kz,xn--olsa-mva38j.kz,homoglyph,,no
kolesa.kz,xn--olsa-mva5385b.kz,homoglyph,,no
kolesa.kz,xn--olsa-mva5r.kz,homoglyph,,no
kolesa.kz,xn--olsa-mva7485b.kz,homoglyph,,no
kolesa.kz,xn--olsa-mva9504b.kz,homoglyph,,no
kolesa.kz,xn--olsa-mva9667d.kz,homoglyph,,no
kolesa.kz,xn--olsa-pb5ay9a.kz,homoglyph,,no
kolesa.kz,xn--olsa-uqb00b.kz,homoglyph,,no
kolesa.kz,xn--olsa-uqb08c.kz,homoglyph,,no
kolesa.kz,xn--olsa-uqb2735b.kz,homoglyph,,no
kolesa.kz,xn--olsa-uqb4244b.kz,homoglyph,,no
kolesa.kz,xn--olsa-wva17j.kz,homoglyph,,no
kolesa.kz,xn--olsa-wva3285b.kz,homoglyph,,no
kolesa.kz,xn--olsa-wva3q.kz,homoglyph,,no
kolesa.kz,xn--olsa-wva5385b.kz,homoglyph,,no
kolesa.kz,xn--olsa-wva7404b.kz,homoglyph,,no
kolesa.kz,xn--olsa-wva7567d.kz,homoglyph,,no
kolesa.kz,xn--olsa-wva9q.kz,homoglyph,,no
kolesa.kz,k-olesa.kz,hyphenation,,no
kolesa.kz,ko-lesa.kz,hyphenation,,no
kolesa.kz,kol-esa.kz,hyphenation,,no
kolesa.kz,kole-sa.kz,hyphenation,,no
kolesa.kz,koles-a.kz,hyphenation,,no
kolesa.kz,ikolesa.kz,insertion,,no
kolesa.kz,jkolesa.kz,insertion,,no
kolesa.kz,k0olesa.kz,insertion,,no
kolesa.kz,k9olesa.kz,insertion,,no
kolesa.kz,kiolesa.kz,insertion,,no
kolesa.kz,kjolesa.kz,insertion,,no
kolesa.kz,kkolesa.kz,insertion,,no
kolesa.kz,klolesa.kz,insertion,,no
kolesa.kz,kmolesa.kz,insertion,,no
kolesa.kz,ko0lesa.kz,insertion,,no
kolesa.kz,ko9lesa.kz,insertion,,no
kolesa.kz,koilesa.kz,insertion,,no
kolesa.kz,koklesa.kz,insertion,,no
kolesa.kz,kol3esa.kz,insertion,,no
kolesa.kz,kol4esa.kz,insertion,,no
kolesa.kz,koldesa.kz,insertion,,no
kolesa.kz,kole3sa.kz,insertion,,no
kolesa.kz,kole4sa.kz,insertion,,no
kolesa.kz,koleasa.kz,insertion,,no
kolesa.kz,koledsa.kz,insertion,,no
kolesa.kz,koleesa.kz,insertion,,no
kolesa.kz,koleqsa.kz,insertion,,no
kolesa.kz,kolersa.kz,insertion,,no
kolesa.kz,kolesda.kz,insertion,,no
kolesa.kz,kolesea.kz,insertion,,no
kolesa.kz,kolesqa.kz,insertion,,no
kolesa.kz,kolessa.kz,insertion,,no
kolesa.kz,koleswa.kz,insertion,,no
kolesa.kz,kolesxa.kz,insertion,,no
kolesa.kz,kolesya.kz,insertion,,no
kolesa.kz,kolesza.kz,insertion,,no
kolesa.kz,kolewsa.kz,insertion,,no
kolesa.kz,kolexsa.kz,insertion,,no
kolesa.kz,koleysa.kz,insertion,,no
kolesa.kz,kolezsa.kz,insertion,,no
kolesa.kz,kolkesa.kz,insertion,,no
kolesa.kz,kollesa.kz,insertion,,no
kolesa.kz,kolmesa.kz,insertion,,no
kolesa.kz,koloesa.kz,insertion,,no
kolesa.kz,kolpesa.kz,insertion,,no
kolesa.kz,kolresa.kz,insertion,,no
kolesa.kz,kolsesa.kz,insertion,,no
kolesa.kz,kolwesa.kz,insertion,,no
kolesa.kz,kolzesa.kz,insertion,,no
kolesa.kz,komlesa.kz,insertion,,no
kolesa.kz,koolesa.kz,insertion,,no
kolesa.kz,koplesa.kz,insertion,,no
kolesa.kz,kpolesa.kz,insertion,,no
kolesa.kz,lkolesa.kz,insertion,,no
kolesa.kz,mkolesa.kz,insertion,,no
kolesa.kz,okolesa.kz,insertion,,no
kolesa.kz,klesa.kz,omission,,no
kolesa.kz,koesa.kz,omission,,no
kolesa.kz,kolea.kz,omission,,no
kolesa.kz,koles.kz,omission,,no
kolesa.kz,kolsa.kz,omission,,no
kolesa.kz,olesa.kz,omission,,no
kolesa.kz,k9lesa.kz,replacement,,no
kolesa.kz,kilesa.kz,replacement,,no
kolesa.kz,kllesa.kz,replacement,,no
kolesa.kz,kokesa.kz,replacement,,no
kolesa.kz,kol3sa.kz,replacement,,no
kolesa.kz,kol4sa.kz,replacement,,no
kolesa.kz,koleaa.kz,replacement,,no
kolesa.kz,koleda.kz,replacement,,no
kolesa.kz,koleea.kz,replacement,,no
kolesa.kz,koles1.kz,replacement,,no
kolesa.kz,koles2.kz,replacement,,no
kolesa.kz,koless.kz,replacement,,no
kolesa.kz,kolesw.kz,replacement,,no
kolesa.kz,kolesy.kz,replacement,,no
kolesa.kz,kolesz.kz,replacement,,no
kolesa.kz,kolexa.kz,replacement,,no
kolesa.kz,koleya.kz,replacement,,no
kolesa.kz,koleza.kz,replacement,,no
kolesa.kz,kolrsa.kz,replacement,,no
kolesa.kz,kolssa.kz,replacement,,no
kolesa.kz,kolwsa.kz,replacement,,no
kolesa.kz,kolzsa.kz,replacement,,no
kolesa.kz,kooesa.kz,replacement,,no
kolesa.kz,kopesa.kz,replacement,,no
kolesa.kz,kplesa.kz,replacement,,no
kolesa.kz,lolesa.kz,replacement,,no
kolesa.kz,molesa.kz,replacement,,no
kolesa.kz,k.olesa.kz,subdomain,,no
kolesa.kz,ko.lesa.kz,subdomain,,no
kolesa.kz,kol.esa.kz,subdomain,,no
kolesa.kz,kole.sa.kz,subdomain,,no
kolesa.kz,kloesa.kz,transposition,,no
kolesa.kz,koelsa.kz,transposition,,no
kolesa.kz,koleas.kz,transposition,,no
kolesa.kz,kolsea.kz,transposition,,no
kolesa.kz,oklesa.kz,transposition,,no
kolesa.kz,kolesa-kz.com,various,,no
kolesa.kz,kolesakz.com,various,,no
kolesa.kz,kolesakz.kz,various,,no
kolesa.kz,kalesa.kz,vowel-swap,,no
kolesa.kz,kelesa.kz,vowel-swap,,no
kolesa.kz,koleso.kz,vowel-swap,,no
kolesa.kz,kolesu.kz,vowel-swap,,no
kolesa.kz,kolisa.kz,vowel-swap,,no
kolesa.kz,kolosa.kz,vowel-swap,,no
kolesa.kz,kulesa.kz,vowel-swap,,no
krisha.kz,krisha0.kz,addition,,no
krisha.kz,krisha1.kz,addition,,no
krisha.kz,krisha2.kz,addition,,no
krisha.kz,krisha3.kz,addition,,no
krisha.kz,krisha4.kz,addition,,no
krisha.kz,krisha5.kz,addition,,no
krisha.kz,krisha6.kz,addition,,no
krisha.kz,krisha7.kz,addition,,no
krisha.kz,krisha8.kz,addition,,no
krisha.kz,krisha9.kz,addition,,no
krisha.kz,krishaa.kz,addition,,no
krisha.kz,krishab.kz,addition,,no
krisha.kz,krishac.kz,addition,,no
krisha.kz,krishad.kz,addition,,no
krisha.kz,krishae.kz,addition,,no
krisha.kz,krishaf.kz,addition,,no
krisha.kz,krishag.kz,addition,,no
krisha.kz,krishah.kz,addition,,no
krisha.kz,krishai.kz,addition,,no
krisha.kz,krishaj.kz,addition,,no
krisha.kz,krishak.kz,addition,,no
krisha.kz,krishal.kz,addition,,no
krisha.kz,krisham.kz,addition,,no
krisha.kz,krishan.kz,addition,,no
krisha.kz,krishao.kz,addition,,no
krisha.kz,krishap.kz,addition,,no
krisha.kz,krishaq.kz,addition,,no
krisha.kz,krishar.kz,addition,,no
krisha.kz,krishas.kz,addition,,no
krisha.kz,krishat.kz,addition,,no
krisha.kz,krishau.kz,addition,,no
krisha.kz,krishav.kz,addition,,no
krisha.kz,krishaw.kz,addition,,no
krisha.kz,krishax.kz,addition,,no
krisha.kz,krishay.kz,addition,,no
krisha.kz,krishaz.kz,addition,,no
krisha.kz,crisha.kz,bitsquatting,,no
krisha.kz,irisha.kz,bitsquatting,,no
krisha.kz,jrisha.kz,bitsquatting,,no
krisha.kz,k2isha.kz,bitsquatting,,no
krisha.kz,kbisha.kz,bitsquatting,,no
krisha.kz,kpisha.kz,bitsquatting,,no
krisha.kz,krasha.kz,bitsquatting,,no
krisha.kz,krhsha.kz,bitsquatting,,no
krisha.kz,kri3ha.kz,bitsquatting,,no
krisha.kz,kricha.kz,bitsquatting,,no
krisha.kz,kriqha.kz,bitsquatting,,no
krisha.kz,krirha.kz,bitsquatting,,no
krisha.kz,krishc.kz,bitsquatting,,no
krisha.kz,krishe.kz,bitsquatting,,no
krisha.kz,krishi.kz,bitsquatting,,no
krisha.kz,krishq.kz,bitsquatting,,no
krisha.kz,krisia.kz,bitsquatting,,no
krisha.kz,krisja.kz,bitsquatting,,no
krisha.kz,krisla.kz,bitsquatting,,no
krisha.kz,krisxa.kz,bitsquatting,,no
krisha.kz,kriwha.kz,bitsquatting,,no
krisha.kz,krksha.kz,bitsquatting,,no
krisha.kz,krmsha.kz,bitsquatting,,no
krisha.kz,krysha.kz,bitsquatting,,no
krisha.kz,ksisha.kz,bitsquatting,,no
krisha.kz,kvisha.kz,bitsquatting,,no
krisha.kz,kzisha.kz,bitsquatting,,no
krisha.kz,orisha.kz,bitsquatting,,no
krisha.kz,1crisha.kz,homoglyph,,no
krisha.kz,icrisha.kz,homoglyph,,no
krisha.kz,kr1sha.kz,homoglyph,,no
krisha.kz,kr1slha.kz,homoglyph,,no
krisha.kz,kris1ha.kz,homoglyph,,no
krisha.kz,krisiha.kz,homoglyph,,no
krisha.kz,krislha.kz,homoglyph,,no
krisha.kz,krisllha.kz,homoglyph,,no
krisha.kz,krlsha.kz,homoglyph,,no
krisha.kz,krlslha.kz,homoglyph,,no
krisha.kz,lcr1sha.kz,homoglyph,,no
krisha.kz,lcrisha.kz,homoglyph,,no
krisha.kz,lcrislha.kz,homoglyph,,no
krisha.kz,lcrlsha.kz,homoglyph,,no
krisha.kz,lerisha.kz,homoglyph,,no
krisha.kz,xn--crisha-2db.kz,homoglyph,,no
krisha.kz,xn--crisha-9cb.kz,homoglyph,,no
krisha.kz,xn--crisha-h2c.kz,homoglyph,,no
krisha.kz,xn--crisha-hcb.kz,homoglyph,,no
krisha.kz,xn--crisha-vcb.kz,homoglyph,,no
krisha.kz,xn--isha-423ao5g.kz,homoglyph,,no
krisha.kz,xn--isha-423aq6g.kz,homoglyph,,no
krisha.kz,xn--isha-423ay4g.kz,homoglyph,,no
krisha.kz,xn--isha-44b5693b.kz,homoglyph,,no
krisha.kz,xn--isha-44b7793b.kz,homoglyph,,no
krisha.kz,xn--isha-44b9812b.kz,homoglyph,,no
krisha.kz,xn--isha-44b9975d.kz,homoglyph,,no
krisha.kz,xn--isha-4cc1763b.kz,homoglyph,,no
krisha.kz,xn--isha-4cc3863b.kz,homoglyph,,no
krisha.kz,xn--isha-4cc5055d.kz,homoglyph,,no
krisha.kz,xn--isha-4cc5981b.kz,homoglyph,,no
krisha.kz,xn--isha-4g5a749g.kz,homoglyph,,no
krisha.kz,xn--isha-94a1445b.kz,homoglyph,,no
krisha.kz,xn--isha-94a3563b.kz,homoglyph,,no
krisha.kz,xn--isha-94a3627d.kz,homoglyph,,no
krisha.kz,xn--isha-94a77f.kz,homoglyph,,no
krisha.kz,xn--isha-94a9245b.kz,homoglyph,,no
krisha.kz,xn--isha-f0a07q.kz,homoglyph,,no
krisha.kz,xn--isha-f0a22k.kz,homoglyph,,no
krisha.kz,xn--isha-f0a2685b.kz,homoglyph,,no
krisha.kz,xn--isha-f0a28n.kz,homoglyph,,no
krisha.kz,xn--isha-f0a43k.kz,homoglyph,,no
krisha.kz,xn--isha-f0a46q.kz,homoglyph,,no
krisha.kz,xn--isha-f0a4785b.kz,homoglyph,,no
krisha.kz,xn--isha-f0a4p.kz,homoglyph,,no
krisha.kz,xn--isha-f0a67q.kz,homoglyph,,no
krisha.kz,xn--isha-f0a6q.kz,homoglyph,,no
krisha.kz,xn--isha-f0a88q.kz,homoglyph,,no
krisha.kz,xn--isha-f0a8985b.kz,homoglyph,,no
krisha.kz,xn--isha-f0a8r.kz,homoglyph,,no
krisha.kz,xn--isha-fb5a4j.kz,homoglyph,,no
krisha.kz,xn--isha-fb5auk.kz,homoglyph,,no
krisha.kz,xn--isha-fb5awl.kz,homoglyph,,no
krisha.kz,xn--isha-fdc1763b.kz,homoglyph,,no
krisha.kz,xn--isha-fdc3881b.kz,homoglyph,,no
krisha.kz,xn--isha-fdc3945d.kz,homoglyph,,no
krisha.kz,xn--isha-fdc9563b.kz,homoglyph,,no
krisha.kz,xn--isha-k0a07q.kz,homoglyph,,no
krisha.kz,xn--isha-k0a0q.kz,homoglyph,,no
krisha.kz,xn--isha-k0a28q.kz,homoglyph,,no
krisha.kz,xn--isha-k0a2985b.kz,homoglyph,,no
krisha.kz,xn--isha-k0a2r.kz,homoglyph,,no
krisha.kz,xn--isha-k0a46q.kz,homoglyph,,no
krisha.kz,xn--isha-k0a61k.kz,homoglyph,,no
krisha.kz,xn--isha-k0a6585b.kz,homoglyph,,no
krisha.kz,xn--isha-k0a67n.kz,homoglyph,,no
krisha.kz,xn--isha-k0a82k.kz,homoglyph,,no
krisha.kz,xn--isha-k0a85q.kz,homoglyph,,no
krisha.kz,xn--isha-k0a8685b.kz,homoglyph,,no
krisha.kz,xn--isha-k0a8o.kz,homoglyph,,no
krisha.kz,xn--isha-kwb5234b.kz,homoglyph,,no
krisha.kz,xn--isha-kwb7334b.kz,homoglyph,,no
krisha.kz,xn--isha-kwb9452b.kz,homoglyph,,no
krisha.kz,xn--isha-kwb9516d.kz,homoglyph,,no
krisha.kz,xn--isha-p4a10g.kz,homoglyph,,no
krisha.kz,xn--isha-p4a3545b.kz,homoglyph,,no
krisha.kz,xn--isha-p4a5645b.kz,homoglyph,,no
krisha.kz,xn--isha-p4a7763b.kz,homoglyph,,no
krisha.kz,xn--isha-p4a7827d.kz,homoglyph,,no
krisha.kz,xn--isha-pb5a4j.kz,homoglyph,,no
krisha.kz,xn--isha-pb5a6k.kz,homoglyph,,no
krisha.kz,xn--isha-pb5asj.kz,homoglyph,,no
krisha.kz,xn--isha-ph5a539g.kz,homoglyph,,no
krisha.kz,xn--isha-ucc3863b.kz,homoglyph,,no
krisha.kz,xn--isha-ucc5963b.kz,homoglyph,,no
krisha.kz,xn--isha-ucc7091b.kz,homoglyph,,no
krisha.kz,xn--isha-ucc7155d.kz,homoglyph,,no
krisha.kz,xn--isha-ug5ax59g.kz,homoglyph,,no
krisha.kz,xn--isha-uqb02g.kz,homoglyph,,no
krisha.kz,xn--isha-uqb0384b.kz,homoglyph,,no
krisha.kz,xn--isha-uqb20g.kz,homoglyph,,no
krisha.kz,xn--isha-uqb41d.kz,homoglyph,,no
krisha.kz,xn--isha-uqb4974b.kz,homoglyph,,no
krisha.kz,xn--isha-uqb4v.kz,homoglyph,,no
krisha.kz,xn--isha-uqb6084b.kz,homoglyph,,no
krisha.kz,xn--isha-uqb69f.kz,homoglyph,,no
krisha.kz,xn--isha-uqb6w.kz,homoglyph,,no
krisha.kz,xn--isha-uqb80g.kz,homoglyph,,no
krisha.kz,xn--isha-uwb3134b.kz,homoglyph,,no
krisha.kz,xn--isha-uwb5234b.kz,homoglyph,,no
krisha.kz,xn--isha-uwb7352b.kz,homoglyph,,no
krisha.kz,xn--isha-uwb7416d.kz,homoglyph,,no
krisha.kz,xn--isha-z4a1445b.kz,homoglyph,,no
krisha.kz,xn--isha-z4a3545b.kz,homoglyph,,no
krisha.kz,xn--isha-z4a5663b.kz,homoglyph,,no
krisha.kz,xn--isha-z4a5727d.kz,homoglyph,,no
krisha.kz,xn--isha-z4a98f.kz,homoglyph,,no
krisha.kz,xn--isha-zcc1091b.kz,homoglyph,,no
krisha.kz,xn--isha-zcc1155d.kz,homoglyph,,no
krisha.kz,xn--isha-zcc7763b.kz,homoglyph,,no
krisha.kz,xn--isha-zcc9863b.kz,homoglyph,,no
krisha.kz,xn--k1sha-17b.kz,homoglyph,,no
krisha.kz,xn--k1sha-2rc.kz,homoglyph,,no
krisha.kz,xn--k1sha-5bb.kz,homoglyph,,no
krisha.kz,xn--k1sha-6o1b.kz,homoglyph,,no
krisha.kz,xn--k1sha-7p1b.kz,homoglyph,,no
krisha.kz,xn--k1sha-cjc.kz,homoglyph,,no
krisha.kz,xn--k1sha-e8b.kz,homoglyph,,no
krisha.kz,xn--k1sha-erc.kz,homoglyph,,no
krisha.kz,xn--k1sha-icb.kz,homoglyph,,no
krisha.kz,xn--k1sha-jp1b.kz,homoglyph,,no
krisha.kz,xn--k1sha-krc.kz,homoglyph,,no
krisha.kz,xn--k1sha-qrc.kz,homoglyph,,no
krisha.kz,xn--k1sha-tbb.kz,homoglyph,,no
krisha.kz,xn--kiha-04a1375b.kz,homoglyph,,no
krisha.kz,xn--kiha-04a1b.kz,homoglyph,,no
krisha.kz,xn--kiha-04a3685w.kz,homoglyph,,no
krisha.kz,xn--kiha-04a3c.kz,homoglyph,,no
krisha.kz,xn--kiha-04a5d.kz,homoglyph,,no
krisha.kz,xn--kiha-04a90p.kz,homoglyph,,no
krisha.kz,xn--kiha-04a9175b.kz,homoglyph,,no
krisha.kz,xn--kiha-04a97i.kz,homoglyph,,no
krisha.kz,xn--kiha-04az.kz,homoglyph,,no
krisha.kz,xn--kiha-0cc5593b.kz,homoglyph,,no
krisha.kz,xn--kiha-0cc5a.kz,homoglyph,,no
krisha.kz,xn--kiha-0cc7693b.kz,homoglyph,,no
krisha.kz,xn--kiha-0cc9904w.kz,homoglyph,,no
krisha.kz,xn--kiha-54b33a.kz,homoglyph,,no
krisha.kz,xn--kiha-54b3424b.kz,homoglyph,,no
krisha.kz,xn--kiha-54b5524b.kz,homoglyph,,no
krisha.kz,xn--kiha-54b7834w.kz,homoglyph,,no
krisha.kz,xn--kiha-5cc1693b.kz,homoglyph,,no
krisha.kz,xn--kiha-5cc3904w.kz,homoglyph,,no
krisha.kz,xn--kiha-5cc9493b.kz,homoglyph,,no
krisha.kz,xn--kiha-5ccz.kz,homoglyph,,no
krisha.kz,xn--kiha-5g5a1b.kz,homoglyph,,no
krisha.kz,xn--kiha-5g5ap766g.kz,homoglyph,,no
krisha.kz,xn--kiha-5g5apb.kz,homoglyph,,no
krisha.kz,xn--kiha-65a0265b.kz,homoglyph,,no
krisha.kz,xn--kiha-65a04l.kz,homoglyph,,no
krisha.kz,xn--kiha-65a08h.kz,homoglyph,,no
krisha.kz,xn--kiha-65a22o.kz,homoglyph,,no
krisha.kz,xn--kiha-65a2365b.kz,homoglyph,,no
krisha.kz,xn--kiha-65a29h.kz,homoglyph,,no
krisha.kz,xn--kiha-65a43o.kz,homoglyph,,no
krisha.kz,xn--kiha-65a64o.kz,homoglyph,,no
krisha.kz,xn--kiha-65a6565b.kz,homoglyph,,no
krisha.kz,xn--kiha-65a82o.kz,homoglyph,,no
krisha.kz,xn--kiha-b5a1585w.kz,homoglyph,,no
krisha.kz,xn--kiha-b5a1b.kz,homoglyph,,no
krisha.kz,xn--kiha-b5a3c.kz,homoglyph,,no
krisha.kz,xn--kiha-b5a7075b.kz,homoglyph,,no
krisha.kz,xn--kiha-b5a76i.kz,homoglyph,,no
krisha.kz,xn--kiha-b5a79o.kz,homoglyph,,no
krisha.kz,xn--kiha-b5a9175b.kz,homoglyph,,no
krisha.kz,xn--kiha-b5an.kz,homoglyph,,no
krisha.kz,xn--kiha-b5az.kz,homoglyph,,no
krisha.kz,xn--kiha-gdc1804w.kz,homoglyph,,no
krisha.kz,xn--kiha-gdc7393b.kz,homoglyph,,no
krisha.kz,xn--kiha-gdc9493b.kz,homoglyph,,no
krisha.kz,xn--kiha-gdcn.kz,homoglyph,,no
krisha.kz,xn--kiha-h6a01o.kz,homoglyph,,no
krisha.kz,xn--kiha-h6a0265b.kz,homoglyph,,no
krisha.kz,xn--kiha-h6a08h.kz,homoglyph,,no
krisha.kz,xn--kiha-h6a22o.kz,homoglyph,,no
krisha.kz,xn--kiha-h6a43o.kz,homoglyph,,no
krisha.kz,xn--kiha-h6a4465b.kz,homoglyph,,no
krisha.kz,xn--kiha-h6a61o.kz,homoglyph,,no
krisha.kz,xn--kiha-h6a8065b.kz,homoglyph,,no
krisha.kz,xn--kiha-h6a82l.kz,homoglyph,,no
krisha.kz,xn--kiha-h6a86h.kz,homoglyph,,no
krisha.kz,xn--kiha-lwb3064b.kz,homoglyph,,no
krisha.kz,xn--kiha-lwb39d.kz,homoglyph,,no
krisha.kz,xn--kiha-lwb3c.kz,homoglyph,,no
krisha.kz,xn--kiha-lwb5164b.kz,homoglyph,,no
krisha.kz,xn--kiha-lwb7474w.kz,homoglyph,,no
krisha.kz,xn--kiha-m5a07o.kz,homoglyph,,no
krisha.kz,xn--kiha-m5a0865b.kz,homoglyph,,no
krisha.kz,xn--kiha-m5a25o.kz,homoglyph,,no
krisha.kz,xn--kiha-m5a40i.kz,homoglyph,,no
krisha.kz,xn--kiha-m5a4465b.kz,homoglyph,,no
krisha.kz,xn--kiha-m5a46l.kz,homoglyph,,no
krisha.kz,xn--kiha-m5a61i.kz,homoglyph,,no
krisha.kz,xn--kiha-m5a64o.kz,homoglyph,,no
krisha.kz,xn--kiha-m5a6565b.kz,homoglyph,,no
krisha.kz,xn--kiha-m5a85o.kz,homoglyph,,no
krisha.kz,xn--kiha-q4a12p.kz,homoglyph,,no
krisha.kz,xn--kiha-q4a1375b.kz,homoglyph,,no
krisha.kz,xn--kiha-q4a19i.kz,homoglyph,,no
krisha.kz,xn--kiha-q4a1b.kz,homoglyph,,no
krisha.kz,xn--kiha-q4a3475b.kz,homoglyph,,no
krisha.kz,xn--kiha-q4a3c.kz,homoglyph,,no
krisha.kz,xn--kiha-q4a5785w.kz,homoglyph,,no
krisha.kz,xn--kiha-q4a5d.kz,homoglyph,,no
krisha.kz,xn--kiha-q4a7e.kz,homoglyph,,no
krisha.kz,xn--kiha-qh5a9566g.kz,homoglyph,,no
krisha.kz,xn--kiha-qh5an.kz,homoglyph,,no
krisha.kz,xn--kiha-qh5aza.kz,homoglyph,,no
krisha.kz,xn--kiha-rdc0193b.kz,homoglyph,,no
krisha.kz,xn--kiha-rdc4783b.kz,homoglyph,,no
krisha.kz,xn--kiha-rdc6883b.kz,homoglyph,,no
krisha.kz,xn--kiha-rxb03d.kz,homoglyph,,no
krisha.kz,xn--kiha-rxb0454b.kz,homoglyph,,no
krisha.kz,xn--kiha-rxb21d.kz,homoglyph,,no
krisha.kz,xn--kiha-rxb4054b.kz,homoglyph,,no
krisha.kz,xn--kiha-rxb42a.kz,homoglyph,,no
krisha.kz,xn--kiha-rxb60d.kz,homoglyph,,no
krisha.kz,xn--kiha-rxb6154b.kz,homoglyph,,no
krisha.kz,xn--kiha-rxb81d.kz,homoglyph,,no
krisha.kz,xn--kiha-vcc1693b.kz,homoglyph,,no
krisha.kz,xn--kiha-vcc1b.kz,homoglyph,,no
krisha.kz,xn--kiha-vcc3793b.kz,homoglyph,,no
krisha.kz,xn--kiha-vcc5014w.kz,homoglyph,,no
krisha.kz,xn--kiha-vg5a1766g.kz,homoglyph,,no
krisha.kz,xn--kiha-vg5a1b.kz,homoglyph,,no
krisha.kz,xn--kiha-vg5arc.kz,homoglyph,,no
krisha.kz,xn--kiha-vwb18d.kz,homoglyph,,no
krisha.kz,xn--kiha-vwb1954b.kz,homoglyph,,no
krisha.kz,xn--kiha-vwb1b.kz,homoglyph,,no
krisha.kz,xn--kiha-vwb3064b.kz,homoglyph,,no
krisha.kz,xn--kiha-vwb5374w.kz,homoglyph,,no
krisha.kz,xn--kiha-w5a04o.kz,homoglyph,,no
krisha.kz,xn--kiha-w5a2365b.kz,homoglyph,,no
krisha.kz,xn--kiha-w5a25l.kz,homoglyph,,no
krisha.kz,xn--kiha-w5a29h.kz,homoglyph,,no
krisha.kz,xn--kiha-w5a40i.kz,homoglyph,,no
krisha.kz,xn--kiha-w5a43o.kz,homoglyph,,no
krisha.kz,xn--kiha-w5a4465b.kz,homoglyph,,no
krisha.kz,xn--kiha-w5a64o.kz,homoglyph,,no
krisha.kz,xn--kiha-w5a85o.kz,homoglyph,,no
krisha.kz,xn--kiha-w5a8665b.kz,homoglyph,,no
krisha.kz,xn--kisa-04a0635b.kz,homoglyph,,no
krisha.kz,xn--kisa-04a24n.kz,homoglyph,,no
krisha.kz,xn--kisa-04a2735b.kz,homoglyph,,no
krisha.kz,xn--kisa-04a4835b.kz,homoglyph,,no
krisha.kz,xn--kisa-04a61j.kz,homoglyph,,no
krisha.kz,xn--kisa-04a6627d.kz,homoglyph,,no
krisha.kz,xn--kisa-04a6935b.kz,homoglyph,,no
krisha.kz,xn--kisa-04a8306b.kz,homoglyph,,no
krisha.kz,xn--kisa-04a8435b.kz,homoglyph,,no
krisha.kz,xn--kisa-0cc0263b.kz,homoglyph,,no
krisha.kz,xn--kisa-0cc2055d.kz,homoglyph,,no
krisha.kz,xn--kisa-0cc2363b.kz,homoglyph,,no
krisha.kz,xn--kisa-0cc4724b.kz,homoglyph,,no
krisha.kz,xn--kisa-0cc4853b.kz,homoglyph,,no
krisha.kz,xn--kisa-0cc6953b.kz,homoglyph,,no
krisha.kz,xn--kisa-0cc8063b.kz,homoglyph,,no
krisha.kz,xn--kisa-284a7m.kz,homoglyph,,no
krisha.kz,xn--kisa-284a9n.kz,homoglyph,,no
krisha.kz,xn--kisa-284avm.kz,homoglyph,,no
krisha.kz,xn--kisa-54b0293b.kz,homoglyph,,no
krisha.kz,xn--kisa-54b0975d.kz,homoglyph,,no
krisha.kz,xn--kisa-54b2654b.kz,homoglyph,,no
krisha.kz,xn--kisa-54b2783b.kz,homoglyph,,no
krisha.kz,xn--kisa-54b4883b.kz,homoglyph,,no
krisha.kz,xn--kisa-54b6983b.kz,homoglyph,,no
krisha.kz,xn--kisa-54b6m.kz,homoglyph,,no
krisha.kz,xn--kisa-54b8093b.kz,homoglyph,,no
krisha.kz,xn--kisa-5cc0953b.kz,homoglyph,,no
krisha.kz,xn--kisa-5cc2063b.kz,homoglyph,,no
krisha.kz,xn--kisa-5cc4163b.kz,homoglyph,,no
krisha.kz,xn--kisa-5cc6263b.kz,homoglyph,,no
krisha.kz,xn--kisa-5cc6945d.kz,homoglyph,,no
krisha.kz,xn--kisa-5cc8624b.kz,homoglyph,,no
krisha.kz,xn--kisa-5cc8753b.kz,homoglyph,,no
krisha.kz,xn--kisa-5g5a0p.kz,homoglyph,,no
krisha.kz,xn--kisa-5g5ay49g.kz,homoglyph,,no
krisha.kz,xn--kisa-774a1p.kz,homoglyph,,no
krisha.kz,xn--kisa-774a9n.kz,homoglyph,,no
krisha.kz,xn--kisa-774azo.kz,homoglyph,,no
krisha.kz,xn--kisa-7xa11a.kz,homoglyph,,no
krisha.kz,xn--kisa-7xa18r.kz,homoglyph,,no
krisha.kz,xn--kisa-7xa1995b.kz,homoglyph,,no
krisha.kz,xn--kisa-7xa36r.kz,homoglyph,,no
krisha.kz,xn--kisa-7xa51l.kz,homoglyph,,no
krisha.kz,xn--kisa-7xa5595b.kz,homoglyph,,no
krisha.kz,xn--kisa-7xa57o.kz,homoglyph,,no
krisha.kz,xn--kisa-7xa72l.kz,homoglyph,,no
krisha.kz,xn--kisa-7xa75r.kz,homoglyph,,no
krisha.kz,xn--kisa-7xa7695b.kz,homoglyph,,no
krisha.kz,xn--kisa-7xa7y.kz,homoglyph,,no
krisha.kz,xn--kisa-7xa96r.kz,homoglyph,,no
krisha.kz,xn--kisa-7xa9z.kz,homoglyph,,no
krisha.kz,xn--kisa-b5a03n.kz,homoglyph,,no
krisha.kz,xn--kisa-b5a0635b.kz,homoglyph,,no
krisha.kz,xn--kisa-b5a2735b.kz,homoglyph,,no
krisha.kz,xn--kisa-b5a40j.kz,homoglyph,,no
krisha.kz,xn--kisa-b5a4527d.kz,homoglyph,,no
krisha.kz,xn--kisa-b5a4835b.kz,homoglyph,,no
krisha.kz,xn--kisa-b5a6206b.kz,homoglyph,,no
krisha.kz,xn--kisa-b5a6335b.kz,homoglyph,,no
krisha.kz,xn--kisa-b5a8435b.kz,homoglyph,,no
krisha.kz,xn--kisa-d94a5l.kz,homoglyph,,no
krisha.kz,xn--kisa-d94avm.kz,homoglyph,,no
krisha.kz,xn--kisa-d94axn.kz,homoglyph,,no
krisha.kz,xn--kisa-gdc0953b.kz,homoglyph,,no
krisha.kz,xn--kisa-gdc2063b.kz,homoglyph,,no
krisha.kz,xn--kisa-gdc4163b.kz,homoglyph,,no
krisha.kz,xn--kisa-gdc4845d.kz,homoglyph,,no
krisha.kz,xn--kisa-gdc6524b.kz,homoglyph,,no
krisha.kz,xn--kisa-gdc6653b.kz,homoglyph,,no
krisha.kz,xn--kisa-gdc8753b.kz,homoglyph,,no
krisha.kz,xn--kisa-i84a9n.kz,homoglyph,,no
krisha.kz,xn--kisa-i84app.kz,homoglyph,,no
krisha.kz,xn--kisa-i84axn.kz,homoglyph,,no
krisha.kz,xn--kisa-lwb0516d.kz,homoglyph,,no
krisha.kz,xn--kisa-lwb0824b.kz,homoglyph,,no
krisha.kz,xn--kisa-lwb0g.kz,homoglyph,,no
krisha.kz,xn--kisa-lwb2294b.kz,homoglyph,,no
krisha.kz,xn--kisa-lwb2324b.kz,homoglyph,,no
krisha.kz,xn--kisa-lwb4424b.kz,homoglyph,,no
krisha.kz,xn--kisa-lwb62c.kz,homoglyph,,no
krisha.kz,xn--kisa-lwb6524b.kz,homoglyph,,no
krisha.kz,xn--kisa-lwb8624b.kz,homoglyph,,no
krisha.kz,xn--kisa-nyb18c.kz,homoglyph,,no
krisha.kz,xn--kisa-nyb3054b.kz,homoglyph,,no
krisha.kz,xn--kisa-nyb39c.kz,homoglyph,,no
krisha.kz,xn--kisa-nyb57c.kz,homoglyph,,no
krisha.kz,xn--kisa-nyb7644b.kz,homoglyph,,no
krisha.kz,xn--kisa-nyb7y.kz,homoglyph,,no
krisha.kz,xn--kisa-nyb96c.kz,homoglyph,,no
krisha.kz,xn--kisa-nyb9744b.kz,homoglyph,,no
krisha.kz,xn--kisa-q4a0506b.kz,homoglyph,,no
krisha.kz,xn--kisa-q4a0635b.kz,homoglyph,,no
krisha.kz,xn--kisa-q4a2735b.kz,homoglyph,,no
krisha.kz,xn--kisa-q4a45n.kz,homoglyph,,no
krisha.kz,xn--kisa-q4a4835b.kz,homoglyph,,no
krisha.kz,xn--kisa-q4a6935b.kz,homoglyph,,no
krisha.kz,xn--kisa-q4a8045b.kz,homoglyph,,no
krisha.kz,xn--kisa-q4a82j.kz,homoglyph,,no
krisha.kz,xn--kisa-q4a8727d.kz,homoglyph,,no
krisha.kz,xn--kisa-qh5aw39g.kz,homoglyph,,no
krisha.kz,xn--kisa-qh5ayo.kz,homoglyph,,no
krisha.kz,xn--kisa-s84a7m.kz,homoglyph,,no
krisha.kz,xn--kisa-s84axn.kz,homoglyph,,no
krisha.kz,xn--kisa-s84azo.kz,homoglyph,,no
krisha.kz,xn--kisa-s8b1404b.kz,homoglyph,,no
krisha.kz,xn--kisa-s8b3504b.kz,homoglyph,,no
krisha.kz,xn--kisa-s8b3k.kz,homoglyph,,no
krisha.kz,xn--kisa-s8b5l.kz,homoglyph,,no
krisha.kz,xn--kisa-s8b7704b.kz,homoglyph,,no
krisha.kz,xn--kisa-s8b7m.kz,homoglyph,,no
krisha.kz,xn--kisa-s8b9k.kz,homoglyph,,no
krisha.kz,xn--kisa-vcc0824b.kz,homoglyph,,no
krisha.kz,xn--kisa-vcc0953b.kz,homoglyph,,no
krisha.kz,xn--kisa-vcc2063b.kz,homoglyph,,no
krisha.kz,xn--kisa-vcc4163b.kz,homoglyph,,no
krisha.kz,xn--kisa-vcc6263b.kz,homoglyph,,no
krisha.kz,xn--kisa-vcc8055d.kz,homoglyph,,no
krisha.kz,xn--kisa-vcc8363b.kz,homoglyph,,no
krisha.kz,xn--kisa-vg5ao59g.kz,homoglyph,,no
krisha.kz,xn--kisa-vg5aqq.kz,homoglyph,,no
krisha.kz,xn--kisa-vwb0194b.kz,homoglyph,,no
krisha.kz,xn--kisa-vwb0224b.kz,homoglyph,,no
krisha.kz,xn--kisa-vwb2324b.kz,homoglyph,,no
krisha.kz,xn--kisa-vwb41c.kz,homoglyph,,no
krisha.kz,xn--kisa-vwb4424b.kz,homoglyph,,no
krisha.kz,xn--kisa-vwb6524b.kz,homoglyph,,no
krisha.kz,xn--kisa-vwb8316d.kz,homoglyph,,no
krisha.kz,xn--kisa-vwb8624b.kz,homoglyph,,no
krisha.kz,xn--kisa-vwb8e.kz,homoglyph,,no
krisha.kz,xn--kisa-xxa11a.kz,homoglyph,,no
krisha.kz,xn--kisa-xxa18r.kz,homoglyph,,no
krisha.kz,xn--kisa-xxa3006b.kz,homoglyph,,no
krisha.kz,xn--kisa-xxa32a.kz,homoglyph,,no
krisha.kz,xn--kisa-xxa39r.kz,homoglyph,,no
krisha.kz,xn--kisa-xxa57r.kz,homoglyph,,no
krisha.kz,xn--kisa-xxa72l.kz,homoglyph,,no
krisha.kz,xn--kisa-xxa7695b.kz,homoglyph,,no
krisha.kz,xn--kisa-xxa78o.kz,homoglyph,,no
krisha.kz,xn--kisa-xxa93l.kz,homoglyph,,no
krisha.kz,xn--kisa-xxa96r.kz,homoglyph,,no
krisha.kz,xn--kisa-xxa9795b.kz,homoglyph,,no
krisha.kz,xn--kisa-xxa9z.kz,homoglyph,,no
krisha.kz,xn--kish-04a13e.kz,homoglyph,,no
krisha.kz,xn--kish-04a5016b.kz,homoglyph,,no
krisha.kz,xn--kish-04a56j.kz,homoglyph,,no
krisha.kz,xn--kish-04a56m.kz,homoglyph,,no
krisha.kz,xn--kish-04a71m.kz,homoglyph,,no
krisha.kz,xn--kish-0cc1434b.kz,homoglyph,,no
krisha.kz,xn--kish-3mb06h.kz,homoglyph,,no
krisha.kz,xn--kish-3mb21b.kz,homoglyph,,no
krisha.kz,xn--kish-3mb2594b.kz,homoglyph,,no
krisha.kz,xn--kish-3mb27e.kz,homoglyph,,no
krisha.kz,xn--kish-3mb42b.kz,homoglyph,,no
krisha.kz,xn--kish-3mb45h.kz,homoglyph,,no
krisha.kz,xn--kish-3mb4694b.kz,homoglyph,,no
krisha.kz,xn--kish-3mb66h.kz,homoglyph,,no
krisha.kz,xn--kish-3mb87h.kz,homoglyph,,no
krisha.kz,xn--kish-3mb8894b.kz,homoglyph,,no
krisha.kz,xn--kish-3na00t.kz,homoglyph,,no
krisha.kz,xn--kish-3na04p.kz,homoglyph,,no
krisha.kz,xn--kish-3na0836b.kz,homoglyph,,no
krisha.kz,xn--kish-3na21e.kz,homoglyph,,no
krisha.kz,xn--kish-3na25p.kz,homoglyph,,no
krisha.kz,xn--kish-3na28v.kz,homoglyph,,no
krisha.kz,xn--kish-3na2936b.kz,homoglyph,,no
krisha.kz,xn--kish-3na42e.kz,homoglyph,,no
krisha.kz,xn--kish-3na49v.kz,homoglyph,,no
krisha.kz,xn--kish-3na60w.kz,homoglyph,,no
krisha.kz,xn--kish-3na6146b.kz,homoglyph,,no
krisha.kz,xn--kish-3na63e.kz,homoglyph,,no
krisha.kz,xn--kish-3na88v.kz,homoglyph,,no
krisha.kz,xn--kish-3sa03n.kz,homoglyph,,no
krisha.kz,xn--kish-3sa0716b.kz,homoglyph,,no
krisha.kz,xn--kish-3sa09q.kz,homoglyph,,no
krisha.kz,xn--kish-3sa20c.kz,homoglyph,,no
krisha.kz,xn--kish-3sa24n.kz,homoglyph,,no
krisha.kz,xn--kish-3sa27t.kz,homoglyph,,no
krisha.kz,xn--kish-3sa2816b.kz,homoglyph,,no
krisha.kz,xn--kish-3sa41c.kz,homoglyph,,no
krisha.kz,xn--kish-3sa48t.kz,homoglyph,,no
krisha.kz,xn--kish-3sa6026b.kz,homoglyph,,no
krisha.kz,xn--kish-3sa62c.kz,homoglyph,,no
krisha.kz,xn--kish-3sa69t.kz,homoglyph,,no
krisha.kz,xn--kish-3sa87t.kz,homoglyph,,no
krisha.kz,xn--kish-54b1a.kz,homoglyph,,no
krisha.kz,xn--kish-54b9264b.kz,homoglyph,,no
krisha.kz,xn--kish-54b9e.kz,homoglyph,,no
krisha.kz,xn--kish-5cc5334b.kz,homoglyph,,no
krisha.kz,xn--kish-5g5a1s.kz,homoglyph,,no
krisha.kz,xn--kish-8na00w.kz,homoglyph,,no
krisha.kz,xn--kish-8na0146b.kz,homoglyph,,no
krisha.kz,xn--kish-8na03e.kz,homoglyph,,no
krisha.kz,xn--kish-8na28v.kz,homoglyph,,no
krisha.kz,xn--kish-8na43p.kz,homoglyph,,no
krisha.kz,xn--kish-8na4736b.kz,homoglyph,,no
krisha.kz,xn--kish-8na49s.kz,homoglyph,,no
krisha.kz,xn--kish-8na60e.kz,homoglyph,,no
krisha.kz,xn--kish-8na64p.kz,homoglyph,,no
krisha.kz,xn--kish-8na67v.kz,homoglyph,,no
krisha.kz,xn--kish-8na6836b.kz,homoglyph,,no
krisha.kz,xn--kish-8na81e.kz,homoglyph,,no
krisha.kz,xn--kish-8na88v.kz,homoglyph,,no
krisha.kz,xn--kish-b5a35j.kz,homoglyph,,no
krisha.kz,xn--kish-b5a35m.kz,homoglyph,,no
krisha.kz,xn--kish-b5a3906b.kz,homoglyph,,no
krisha.kz,xn--kish-b5a50m.kz,homoglyph,,no
krisha.kz,xn--kish-b5a91e.kz,homoglyph,,no
krisha.kz,xn--kish-eoa00e.kz,homoglyph,,no
krisha.kz,xn--kish-eoa04p.kz,homoglyph,,no
krisha.kz,xn--kish-eoa07v.kz,homoglyph,,no
krisha.kz,xn--kish-eoa0836b.kz,homoglyph,,no
krisha.kz,xn--kish-eoa21e.kz,homoglyph,,no
krisha.kz,xn--kish-eoa28v.kz,homoglyph,,no
krisha.kz,xn--kish-eoa4046b.kz,homoglyph,,no
krisha.kz,xn--kish-eoa42e.kz,homoglyph,,no
krisha.kz,xn--kish-eoa49v.kz,homoglyph,,no
krisha.kz,xn--kish-eoa67v.kz,homoglyph,,no
krisha.kz,xn--kish-eoa82p.kz,homoglyph,,no
krisha.kz,xn--kish-eoa8636b.kz,homoglyph,,no
krisha.kz,xn--kish-eoa88s.kz,homoglyph,,no
krisha.kz,xn--kish-eta03n.kz,homoglyph,,no
krisha.kz,xn--kish-eta06t.kz,homoglyph,,no
krisha.kz,xn--kish-eta0716b.kz,homoglyph,,no
krisha.kz,xn--kish-eta09b.kz,homoglyph,,no
krisha.kz,xn--kish-eta20c.kz,homoglyph,,no
krisha.kz,xn--kish-eta27t.kz,homoglyph,,no
krisha.kz,xn--kish-eta41c.kz,homoglyph,,no
krisha.kz,xn--kish-eta48t.kz,homoglyph,,no
krisha.kz,xn--kish-eta4916b.kz,homoglyph,,no
krisha.kz,xn--kish-eta66t.kz,homoglyph,,no
krisha.kz,xn--kish-eta81n.kz,homoglyph,,no
krisha.kz,xn--kish-eta8516b.kz,homoglyph,,no
krisha.kz,xn--kish-eta87q.kz,homoglyph,,no
krisha.kz,xn--kish-gdc3234b.kz,homoglyph,,no
krisha.kz,xn--kish-joa07v.kz,homoglyph,,no
krisha.kz,xn--kish-joa22p.kz,homoglyph,,no
krisha.kz,xn--kish-joa2636b.kz,homoglyph,,no
krisha.kz,xn--kish-joa28s.kz,homoglyph,,no
krisha.kz,xn--kish-joa43p.kz,homoglyph,,no
krisha.kz,xn--kish-joa46v.kz,homoglyph,,no
krisha.kz,xn--kish-joa4736b.kz,homoglyph,,no
krisha.kz,xn--kish-joa49d.kz,homoglyph,,no
krisha.kz,xn--kish-joa60e.kz,homoglyph,,no
krisha.kz,xn--kish-joa67v.kz,homoglyph,,no
krisha.kz,xn--kish-joa81e.kz,homoglyph,,no
krisha.kz,xn--kish-joa88v.kz,homoglyph,,no
krisha.kz,xn--kish-joa8936b.kz,homoglyph,,no
krisha.kz,xn--kish-lwb10b.kz,homoglyph,,no
krisha.kz,xn--kish-lwb94b.kz,homoglyph,,no
krisha.kz,xn--kish-lwb9894b.kz,homoglyph,,no
krisha.kz,xn--kish-lwb9k.kz,homoglyph,,no
krisha.kz,xn--kish-ooa00e.kz,homoglyph,,no
krisha.kz,xn--kish-ooa07v.kz,homoglyph,,no
krisha.kz,xn--kish-ooa21e.kz,homoglyph,,no
krisha.kz,xn--kish-ooa28v.kz,homoglyph,,no
krisha.kz,xn--kish-ooa2936b.kz,homoglyph,,no
krisha.kz,xn--kish-ooa46v.kz,homoglyph,,no
krisha.kz,xn--kish-ooa61p.kz,homoglyph,,no
krisha.kz,xn--kish-ooa6536b.kz,homoglyph,,no
krisha.kz,xn--kish-ooa67s.kz,homoglyph,,no
krisha.kz,xn--kish-ooa82p.kz,homoglyph,,no
krisha.kz,xn--kish-ooa85v.kz,homoglyph,,no
krisha.kz,xn--kish-ooa8636b.kz,homoglyph,,no
krisha.kz,xn--kish-ooa88d.kz,homoglyph,,no
krisha.kz,xn--kish-q4a34e.kz,homoglyph,,no
krisha.kz,xn--kish-q4a7116b.kz,homoglyph,,no
krisha.kz,xn--kish-q4a77j.kz,homoglyph,,no
krisha.kz,xn--kish-q4a77m.kz,homoglyph,,no
krisha.kz,xn--kish-q4a92m.kz,homoglyph,,no
krisha.kz,xn--kish-qh5azr.kz,homoglyph,,no
krisha.kz,xn--kish-t5b0y.kz,homoglyph,,no
krisha.kz,xn--kish-t5b2024b.kz,homoglyph,,no
krisha.kz,xn--kish-t5b2z.kz,homoglyph,,no
krisha.kz,xn--kish-t5b4x.kz,homoglyph,,no
krisha.kz,xn--kish-t5b6614b.kz,homoglyph,,no
krisha.kz,xn--kish-t5b8714b.kz,homoglyph,,no
krisha.kz,xn--kish-t5b8w.kz,homoglyph,,no
krisha.kz,xn--kish-toa01p.kz,homoglyph,,no
krisha.kz,xn--kish-toa0536b.kz,homoglyph,,no
krisha.kz,xn--kish-toa07s.kz,homoglyph,,no
krisha.kz,xn--kish-toa22p.kz,homoglyph,,no
krisha.kz,xn--kish-toa25v.kz,homoglyph,,no
krisha.kz,xn--kish-toa2636b.kz,homoglyph,,no
krisha.kz,xn--kish-toa28d.kz,homoglyph,,no
krisha.kz,xn--kish-toa46v.kz,homoglyph,,no
krisha.kz,xn--kish-toa49d.kz,homoglyph,,no
krisha.kz,xn--kish-toa60e.kz,homoglyph,,no
krisha.kz,xn--kish-toa67v.kz,homoglyph,,no
krisha.kz,xn--kish-toa6836b.kz,homoglyph,,no
krisha.kz,xn--kish-toa85v.kz,homoglyph,,no
krisha.kz,xn--kish-tsa09t.kz,homoglyph,,no
krisha.kz,xn--kish-tsa20r.kz,homoglyph,,no
krisha.kz,xn--kish-tsa24n.kz,homoglyph,,no
krisha.kz,xn--kish-tsa2816b.kz,homoglyph,,no
krisha.kz,xn--kish-tsa41c.kz,homoglyph,,no
krisha.kz,xn--kish-tsa45n.kz,homoglyph,,no
krisha.kz,xn--kish-tsa48t.kz,homoglyph,,no
krisha.kz,xn--kish-tsa4916b.kz,homoglyph,,no
krisha.kz,xn--kish-tsa62c.kz,homoglyph,,no
krisha.kz,xn--kish-tsa69t.kz,homoglyph,,no
krisha.kz,xn--kish-tsa80u.kz,homoglyph,,no
krisha.kz,xn--kish-tsa8126b.kz,homoglyph,,no
krisha.kz,xn--kish-tsa83c.kz,homoglyph,,no
krisha.kz,xn--kish-tzb02c.kz,homoglyph,,no
krisha.kz,xn--kish-tzb0344b.kz,homoglyph,,no
krisha.kz,xn--kish-tzb23c.kz,homoglyph,,no
krisha.kz,xn--kish-tzb44c.kz,homoglyph,,no
krisha.kz,xn--kish-tzb4544b.kz,homoglyph,,no
krisha.kz,xn--kish-tzb62c.kz,homoglyph,,no
krisha.kz,xn--kish-tzb8144b.kz,homoglyph,,no
krisha.kz,xn--kish-tzb8t.kz,homoglyph,,no
krisha.kz,xn--kish-vcc7434b.kz,homoglyph,,no
krisha.kz,xn--kish-vg5art.kz,homoglyph,,no
krisha.kz,xn--kish-vwb73b.kz,homoglyph,,no
krisha.kz,xn--kish-vwb7794b.kz,homoglyph,,no
krisha.kz,xn--kish-vwb7j.kz,homoglyph,,no
krisha.kz,xn--kish-vwb98a.kz,homoglyph,,no
krisha.kz,xn--kish-y6b0314b.kz,homoglyph,,no
krisha.kz,xn--kish-y6b0s.kz,homoglyph,,no
krisha.kz,xn--kish-y6b2t.kz,homoglyph,,no
krisha.kz,xn--kish-y6b4514b.kz,homoglyph,,no
krisha.kz,xn--kish-y6b4u.kz,homoglyph,,no
krisha.kz,xn--kish-y6b6s.kz,homoglyph,,no
krisha.kz,xn--kish-y6b8114b.kz,homoglyph,,no
krisha.kz,xn--kisha-17b.kz,homoglyph,,no
krisha.kz,xn--kisha-2rc.kz,homoglyph,,no
krisha.kz,xn--kisha-5bb.kz,homoglyph,,no
krisha.kz,xn--kisha-6o1b.kz,homoglyph,,no
krisha.kz,xn--kisha-7p1b.kz,homoglyph,,no
krisha.kz,xn--kisha-cjc.kz,homoglyph,,no
krisha.kz,xn--kisha-e8b.kz,homoglyph,,no
krisha.kz,xn--kisha-erc.kz,homoglyph,,no
krisha.kz,xn--kisha-icb.kz,homoglyph,,no
krisha.kz,xn--kisha-jp1b.kz,homoglyph,,no
krisha.kz,xn--kisha-krc.kz,homoglyph,,no
krisha.kz,xn--kisha-qrc.kz,homoglyph,,no
krisha.kz,xn--kisha-tbb.kz,homoglyph,,no
krisha.kz,xn--kislha-35c.kz,homoglyph,,no
krisha.kz,xn--kislha-b6c.kz,homoglyph,,no
krisha.kz,xn--kislha-bib.kz,homoglyph,,no
krisha.kz,xn--kislha-ikc.kz,homoglyph,,no
krisha.kz,xn--kislha-iwc.kz,homoglyph,,no
krisha.kz,xn--kislha-ix7b.kz,homoglyph,,no
krisha.kz,xn--kislha-p6c.kz,homoglyph,,no
krisha.kz,xn--kislha-pib.kz,homoglyph,,no
krisha.kz,xn--kislha-py7b.kz,homoglyph,,no
krisha.kz,xn--kislha-w5c.kz,homoglyph,,no
krisha.kz,xn--kislha-whb.kz,homoglyph,,no
krisha.kz,xn--kislha-wkc.kz,homoglyph,,no
krisha.kz,xn--kislha-wx7b.kz,homoglyph,,no
krisha.kz,xn--klsha-17b.kz,homoglyph,,no
krisha.kz,xn--klsha-2rc.kz,homoglyph,,no
krisha.kz,xn--klsha-5bb.kz,homoglyph,,no
krisha.kz,xn--klsha-6o1b.kz,homoglyph,,no
krisha.kz,xn--klsha-7p1b.kz,homoglyph,,no
krisha.kz,xn--klsha-cjc.kz,homoglyph,,no
krisha.kz,xn--klsha-e8b.kz,homoglyph,,no
krisha.kz,xn--klsha-erc.kz,homoglyph,,no
krisha.kz,xn--klsha-icb.kz,homoglyph,,no
krisha.kz,xn--klsha-jp1b.kz,homoglyph,,no
krisha.kz,xn--klsha-krc.kz,homoglyph,,no
krisha.kz,xn--klsha-qrc.kz,homoglyph,,no
krisha.kz,xn--klsha-tbb.kz,homoglyph,,no
krisha.kz,xn--kr1ha-8cb.kz,homoglyph,,no
krisha.kz,xn--kr1ha-h9b.kz,homoglyph,,no
krisha.kz,xn--kr1ha-hsc.kz,homoglyph,,no
krisha.kz,xn--kr1ha-ldb.kz,homoglyph,,no
krisha.kz,xn--kr1ha-mq1b.kz,homoglyph,,no
krisha.kz,xn--kr1ha-q92s.kz,homoglyph,,no
krisha.kz,xn--kr1ha-wcb.kz,homoglyph,,no
krisha.kz,xn--kr1ha-xdb.kz,homoglyph,,no
krisha.kz,xn--kr1ha-yq1b.kz,homoglyph,,no
krisha.kz,xn--kr1sa-02a.kz,homoglyph,,no
krisha.kz,xn--kr1sa-0f1b.kz,homoglyph,,no
krisha.kz,xn--kr1sa-1g1b.kz,homoglyph,,no
krisha.kz,xn--kr1sa-8b9c.kz,homoglyph,,no
krisha.kz,xn--kr1sa-dg1b.kz,homoglyph,,no
krisha.kz,xn--kr1sa-eh1b.kz,homoglyph,,no
krisha.kz,xn--kr1sa-jbc.kz,homoglyph,,no
krisha.kz,xn--kr1sa-o2a.kz,homoglyph,,no
krisha.kz,xn--kr1sa-pg1b.kz,homoglyph,,no
krisha.kz,xn--kr1sa-pnc.kz,homoglyph,,no
krisha.kz,xn--kr1sa-qz1b.kz,homoglyph,,no
krisha.kz,xn--kr1sh-1qa.kz,homoglyph,,no
krisha.kz,xn--kr1sh-4jc.kz,homoglyph,,no
krisha.kz,xn--kr1sh-7qa.kz,homoglyph,,no
krisha.kz,xn--kr1sh-7wa.kz,homoglyph,,no
krisha.kz,xn--kr1sh-era.kz,homoglyph,,no
krisha.kz,xn--kr1sh-ilc.kz,homoglyph,,no
krisha.kz,xn--kr1sh-jwa.kz,homoglyph,,no
krisha.kz,xn--kr1sh-kra.kz,homoglyph,,no
krisha.kz,xn--kr1sh-n11b.kz,homoglyph,,no
krisha.kz,xn--kr1sh-owb.kz,homoglyph,,no
krisha.kz,xn--kr1sh-qra.kz,homoglyph,,no
krisha.kz,xn--kr1sh-vqa.kz,homoglyph,,no
krisha.kz,xn--kr1sh-vwa.kz,homoglyph,,no
krisha.kz,xn--kr1sh-xcc.kz,homoglyph,,no
krisha.kz,xn--krha-18b0804b.kz,homoglyph,,no
krisha.kz,xn--krha-18b0n.kz,homoglyph,,no
krisha.kz,xn--krha-18b2904b.kz,homoglyph,,no
krisha.kz,xn--krha-18b4224w.kz,homoglyph,,no
krisha.kz,xn--krha-1h5a31a.kz,homoglyph,,no
krisha.kz,xn--krha-1h5at2a.kz,homoglyph,,no
krisha.kz,xn--krha-1pa0636b.kz,homoglyph,,no
krisha.kz,xn--krha-1pa08d.kz,homoglyph,,no
krisha.kz,xn--krha-1pa2946w.kz,homoglyph,,no
krisha.kz,xn--krha-1pa29d.kz,homoglyph,,no
krisha.kz,xn--krha-1pa40e.kz,homoglyph,,no
krisha.kz,xn--krha-1pa80p.kz,homoglyph,,no
krisha.kz,xn--krha-1pa83v.kz,homoglyph,,no
krisha.kz,xn--krha-1pa8436b.kz,homoglyph,,no
krisha.kz,xn--krha-1pa86d.kz,homoglyph,,no
krisha.kz,xn--krha-1ya03l.kz,homoglyph,,no
krisha.kz,xn--krha-1ya06r.kz,homoglyph,,no
krisha.kz,xn--krha-1ya0795b.kz,homoglyph,,no
krisha.kz,xn--krha-1ya0z.kz,homoglyph,,no
krisha.kz,xn--krha-1ya20a.kz,homoglyph,,no
krisha.kz,xn--krha-1ya2895b.kz,homoglyph,,no
krisha.kz,xn--krha-1ya4116w.kz,homoglyph,,no
krisha.kz,xn--krha-1ya41a.kz,homoglyph,,no
krisha.kz,xn--krha-1ya62a.kz,homoglyph,,no
krisha.kz,xn--krha-65a19d.kz,homoglyph,,no
krisha.kz,xn--krha-65a30n.kz,homoglyph,,no
krisha.kz,xn--krha-65a3926b.kz,homoglyph,,no
krisha.kz,xn--krha-65a5036b.kz,homoglyph,,no
krisha.kz,xn--krha-65a51n.kz,homoglyph,,no
krisha.kz,xn--krha-65a54h.kz,homoglyph,,no
krisha.kz,xn--krha-65a90n.kz,homoglyph,,no
krisha.kz,xn--krha-68b4704b.kz,homoglyph,,no
krisha.kz,xn--krha-68b4m.kz,homoglyph,,no
krisha.kz,xn--krha-68b6804b.kz,homoglyph,,no
krisha.kz,xn--krha-68b8124w.kz,homoglyph,,no
krisha.kz,xn--krha-6pa20p.kz,homoglyph,,no
krisha.kz,xn--krha-6pa23v.kz,homoglyph,,no
krisha.kz,xn--krha-6pa2436b.kz,homoglyph,,no
krisha.kz,xn--krha-6pa26d.kz,homoglyph,,no
krisha.kz,xn--krha-6pa4536b.kz,homoglyph,,no
krisha.kz,xn--krha-6pa47d.kz,homoglyph,,no
krisha.kz,xn--krha-6pa6846w.kz,homoglyph,,no
krisha.kz,xn--krha-6pa68d.kz,homoglyph,,no
krisha.kz,xn--krha-6pa89d.kz,homoglyph,,no
krisha.kz,xn--krha-6w5ay636g.kz,homoglyph,,no
krisha.kz,xn--krha-c9b0804b.kz,homoglyph,,no
krisha.kz,xn--krha-c9b2124w.kz,homoglyph,,no
krisha.kz,xn--krha-c9b8604b.kz,homoglyph,,no
krisha.kz,xn--krha-c9b8l.kz,homoglyph,,no
krisha.kz,xn--krha-ci5a31a.kz,homoglyph,,no
krisha.kz,xn--krha-ci5ar1a.kz,homoglyph,,no
krisha.kz,xn--krha-cnb25b.kz,homoglyph,,no
krisha.kz,xn--krha-cnb28h.kz,homoglyph,,no
krisha.kz,xn--krha-cnb2994b.kz,homoglyph,,no
krisha.kz,xn--krha-cnb4005b.kz,homoglyph,,no
krisha.kz,xn--krha-cnb6315w.kz,homoglyph,,no
krisha.kz,xn--krha-cza0795b.kz,homoglyph,,no
krisha.kz,xn--krha-cza0z.kz,homoglyph,,no
krisha.kz,xn--krha-cza2016w.kz,homoglyph,,no
krisha.kz,xn--krha-cza20a.kz,homoglyph,,no
krisha.kz,xn--krha-cza41a.kz,homoglyph,,no
krisha.kz,xn--krha-cza81l.kz,homoglyph,,no
krisha.kz,xn--krha-cza84r.kz,homoglyph,,no
krisha.kz,xn--krha-cza8595b.kz,homoglyph,,no
krisha.kz,xn--krha-cza8x.kz,homoglyph,,no
krisha.kz,xn--krha-h6a1826b.kz,homoglyph,,no
krisha.kz,xn--krha-h6a19m.kz,homoglyph,,no
krisha.kz,xn--krha-h6a30n.kz,homoglyph,,no
krisha.kz,xn--krha-h6a33h.kz,homoglyph,,no
krisha.kz,xn--krha-h6a3926b.kz,homoglyph,,no
krisha.kz,xn--krha-h6a79m.kz,homoglyph,,no
krisha.kz,xn--krha-h6a97d.kz,homoglyph,,no
krisha.kz,xn--krha-hya05a.kz,homoglyph,,no
krisha.kz,xn--krha-hya41a.kz,homoglyph,,no
krisha.kz,xn--krha-hya45l.kz,homoglyph,,no
krisha.kz,xn--krha-hya48r.kz,homoglyph,,no
krisha.kz,xn--krha-hya4995b.kz,homoglyph,,no
krisha.kz,xn--krha-hya6006b.kz,homoglyph,,no
krisha.kz,xn--krha-hya62a.kz,homoglyph,,no
krisha.kz,xn--krha-hya8316w.kz,homoglyph,,no
krisha.kz,xn--krha-hya83a.kz,homoglyph,,no
krisha.kz,xn--krha-m5a33n.kz,homoglyph,,no
krisha.kz,xn--krha-m5a51e.kz,homoglyph,,no
krisha.kz,xn--krha-m5a7136b.kz,homoglyph,,no
krisha.kz,xn--krha-m5a72n.kz,homoglyph,,no
krisha.kz,xn--krha-m5a9236b.kz,homoglyph,,no
krisha.kz,xn--krha-m5a93n.kz,homoglyph,,no
krisha.kz,xn--krha-m5a96h.kz,homoglyph,,no
krisha.kz,xn--krha-mza0906w.kz,homoglyph,,no
krisha.kz,xn--krha-mza0z.kz,homoglyph,,no
krisha.kz,xn--krha-mza20a.kz,homoglyph,,no
krisha.kz,xn--krha-mza60l.kz,homoglyph,,no
krisha.kz,xn--krha-mza63r.kz,homoglyph,,no
krisha.kz,xn--krha-mza6495b.kz,homoglyph,,no
krisha.kz,xn--krha-mza6w.kz,homoglyph,,no
krisha.kz,xn--krha-mza8595b.kz,homoglyph,,no
krisha.kz,xn--krha-mza8x.kz,homoglyph,,no
krisha.kz,xn--krha-rdc7454b.kz,homoglyph,,no
krisha.kz,xn--krha-rdc9554b.kz,homoglyph,,no
krisha.kz,xn--krha-rpa02p.kz,homoglyph,,no
krisha.kz,xn--krha-rpa05v.kz,homoglyph,,no
krisha.kz,xn--krha-rpa0636b.kz,homoglyph,,no
krisha.kz,xn--krha-rpa08d.kz,homoglyph,,no
krisha.kz,xn--krha-rpa2736b.kz,homoglyph,,no
krisha.kz,xn--krha-rpa29d.kz,homoglyph,,no
krisha.kz,xn--krha-rpa4056w.kz,homoglyph,,no
krisha.kz,xn--krha-rpa40e.kz,homoglyph,,no
krisha.kz,xn--krha-rpa61e.kz,homoglyph,,no
krisha.kz,xn--krha-rvb0564b.kz,homoglyph,,no
krisha.kz,xn--krha-rvb2874w.kz,homoglyph,,no
krisha.kz,xn--krha-rvb82e.kz,homoglyph,,no
krisha.kz,xn--krha-rvb8364b.kz,homoglyph,,no
krisha.kz,xn--krha-rvb8f.kz,homoglyph,,no
krisha.kz,xn--krha-rxb39b.kz,homoglyph,,no
krisha.kz,xn--krha-rxb7715b.kz,homoglyph,,no
krisha.kz,xn--krha-rxb78b.kz,homoglyph,,no
krisha.kz,xn--krha-rxb9815b.kz,homoglyph,,no
krisha.kz,xn--krha-rxb99b.kz,homoglyph,,no
krisha.kz,xn--krha-rya20a.kz,homoglyph,,no
krisha.kz,xn--krha-rya24l.kz,homoglyph,,no
krisha.kz,xn--krha-rya27r.kz,homoglyph,,no
krisha.kz,xn--krha-rya2895b.kz,homoglyph,,no
krisha.kz,xn--krha-rya41a.kz,homoglyph,,no
krisha.kz,xn--krha-rya4995b.kz,homoglyph,,no
krisha.kz,xn--krha-rya6216w.kz,homoglyph,,no
krisha.kz,xn--krha-rya62a.kz,homoglyph,,no
krisha.kz,xn--krha-rya83a.kz,homoglyph,,no
krisha.kz,xn--krha-w5a12n.kz,homoglyph,,no
krisha.kz,xn--krha-w5a30e.kz,homoglyph,,no
krisha.kz,xn--krha-w5a5036b.kz,homoglyph,,no
krisha.kz,xn--krha-w5a51n.kz,homoglyph,,no
krisha.kz,xn--krha-w5a7136b.kz,homoglyph,,no
krisha.kz,xn--krha-w5a72n.kz,homoglyph,,no
krisha.kz,xn--krha-w5a75h.kz,homoglyph,,no
krisha.kz,xn--krha-wpa01e.kz,homoglyph,,no
krisha.kz,xn--krha-wpa41p.kz,homoglyph,,no
krisha.kz,xn--krha-wpa44v.kz,homoglyph,,no
krisha.kz,xn--krha-wpa4536b.kz,homoglyph,,no
krisha.kz,xn--krha-wpa47d.kz,homoglyph,,no
krisha.kz,xn--krha-wpa6636b.kz,homoglyph,,no
krisha.kz,xn--krha-wpa68d.kz,homoglyph,,no
krisha.kz,xn--krha-wpa8946w.kz,homoglyph,,no
krisha.kz,xn--krha-wpa89d.kz,homoglyph,,no
krisha.kz,xn--krha-ww5ao736g.kz,homoglyph,,no
krisha.kz,xn--kria-249bw756e.kz,homoglyph,,no
krisha.kz,xn--kria-284a1086g.kz,homoglyph,,no
krisha.kz,xn--kria-284a1o.kz,homoglyph,,no
krisha.kz,xn--kria-284arp.kz,homoglyph,,no
krisha.kz,xn--kria-2h5a429g.kz,homoglyph,,no
krisha.kz,xn--kria-2h5a6n.kz,homoglyph,,no
krisha.kz,xn--kria-75a0135b.kz,homoglyph,,no
krisha.kz,xn--kria-75a2235b.kz,homoglyph,,no
krisha.kz,xn--kria-75a29m.kz,homoglyph,,no
krisha.kz,xn--kria-75a4335b.kz,homoglyph,,no
krisha.kz,xn--kria-75a6127d.kz,homoglyph,,no
krisha.kz,xn--kria-75a6435b.kz,homoglyph,,no
krisha.kz,xn--kria-75a66i.kz,homoglyph,,no
krisha.kz,xn--kria-75a8895b.kz,homoglyph,,no
krisha.kz,xn--kria-75a8925b.kz,homoglyph,,no
krisha.kz,xn--kria-774a5q.kz,homoglyph,,no
krisha.kz,xn--kria-774at286g.kz,homoglyph,,no
krisha.kz,xn--kria-774atq.kz,homoglyph,,no
krisha.kz,xn--kria-7xa16a.kz,homoglyph,,no
krisha.kz,xn--kria-7xa5006b.kz,homoglyph,,no
krisha.kz,xn--kria-7xa52a.kz,homoglyph,,no
krisha.kz,xn--kria-7xa56l.kz,homoglyph,,no
krisha.kz,xn--kria-7xa59r.kz,homoglyph,,no
krisha.kz,xn--kria-7xa7106b.kz,homoglyph,,no
krisha.kz,xn--kria-7xa73a.kz,homoglyph,,no
krisha.kz,xn--kria-7xa9416w.kz,homoglyph,,no
krisha.kz,xn--kria-7xa94a.kz,homoglyph,,no
krisha.kz,xn--kria-d94a1o.kz,homoglyph,,no
krisha.kz,xn--kria-d94ap086g.kz,homoglyph,,no
krisha.kz,xn--kria-d94apo.kz,homoglyph,,no
krisha.kz,xn--kria-di5as29g.kz,homoglyph,,no
krisha.kz,xn--kria-di5aun.kz,homoglyph,,no
krisha.kz,xn--kria-i6a0135b.kz,homoglyph,,no
krisha.kz,xn--kria-i6a08m.kz,homoglyph,,no
krisha.kz,xn--kria-i6a2235b.kz,homoglyph,,no
krisha.kz,xn--kria-i6a4027d.kz,homoglyph,,no
krisha.kz,xn--kria-i6a4335b.kz,homoglyph,,no
krisha.kz,xn--kria-i6a45i.kz,homoglyph,,no
krisha.kz,xn--kria-i6a6795b.kz,homoglyph,,no
krisha.kz,xn--kria-i6a6825b.kz,homoglyph,,no
krisha.kz,xn--kria-i6a8925b.kz,homoglyph,,no
krisha.kz,xn--kria-i84a3186g.kz,homoglyph,,no
krisha.kz,xn--kria-i84a3p.kz,homoglyph,,no
krisha.kz,xn--kria-i84atq.kz,homoglyph,,no
krisha.kz,xn--kria-n5a0427d.kz,homoglyph,,no
krisha.kz,xn--kria-n5a0735b.kz,homoglyph,,no
krisha.kz,xn--kria-n5a09i.kz,homoglyph,,no
krisha.kz,xn--kria-n5a2106b.kz,homoglyph,,no
krisha.kz,xn--kria-n5a2235b.kz,homoglyph,,no
krisha.kz,xn--kria-n5a4335b.kz,homoglyph,,no
krisha.kz,xn--kria-n5a61n.kz,homoglyph,,no
krisha.kz,xn--kria-n5a6435b.kz,homoglyph,,no
krisha.kz,xn--kria-n5a8535b.kz,homoglyph,,no
krisha.kz,xn--kria-np5a7056g.kz,homoglyph,,no
krisha.kz,xn--kria-nyb1664w.kz,homoglyph,,no
krisha.kz,xn--kria-nyb70d.kz,homoglyph,,no
krisha.kz,xn--kria-nyb7154b.kz,homoglyph,,no
krisha.kz,xn--kria-nyb9254b.kz,homoglyph,,no
krisha.kz,xn--kria-s84a3p.kz,homoglyph,,no
krisha.kz,xn--kria-s84ar186g.kz,homoglyph,,no
krisha.kz,xn--kria-s84arp.kz,homoglyph,,no
krisha.kz,xn--kria-s8b1904b.kz,homoglyph,,no
krisha.kz,xn--kria-s8b1o.kz,homoglyph,,no
krisha.kz,xn--kria-s8b3014b.kz,homoglyph,,no
krisha.kz,xn--kria-s8b5324w.kz,homoglyph,,no
krisha.kz,xn--kria-sdc0063b.kz,homoglyph,,no
krisha.kz,xn--kria-sdc0745d.kz,homoglyph,,no
krisha.kz,xn--kria-sdc2424b.kz,homoglyph,,no
krisha.kz,xn--kria-sdc2553b.kz,homoglyph,,no
krisha.kz,xn--kria-sdc4653b.kz,homoglyph,,no
krisha.kz,xn--kria-sdc6753b.kz,homoglyph,,no
krisha.kz,xn--kria-sdc8853b.kz,homoglyph,,no
krisha.kz,xn--kria-sxb0016d.kz,homoglyph,,no
krisha.kz,xn--kria-sxb0324b.kz,homoglyph,,no
krisha.kz,xn--kria-sxb0b.kz,homoglyph,,no
krisha.kz,xn--kria-sxb2784b.kz,homoglyph,,no
krisha.kz,xn--kria-sxb2814b.kz,homoglyph,,no
krisha.kz,xn--kria-sxb4914b.kz,homoglyph,,no
krisha.kz,xn--kria-sxb6024b.kz,homoglyph,,no
krisha.kz,xn--kria-sxb67b.kz,homoglyph,,no
krisha.kz,xn--kria-sxb8124b.kz,homoglyph,,no
krisha.kz,xn--kria-x5a0006b.kz,homoglyph,,no
krisha.kz,xn--kria-x5a0135b.kz,homoglyph,,no
krisha.kz,xn--kria-x5a2235b.kz,homoglyph,,no
krisha.kz,xn--kria-x5a40n.kz,homoglyph,,no
krisha.kz,xn--kria-x5a4335b.kz,homoglyph,,no
krisha.kz,xn--kria-x5a6435b.kz,homoglyph,,no
krisha.kz,xn--kria-x5a8227d.kz,homoglyph,,no
krisha.kz,xn--kria-x5a8535b.kz,homoglyph,,no
krisha.kz,xn--kria-x5a87i.kz,homoglyph,,no
krisha.kz,xn--kria-xxa1616w.kz,homoglyph,,no
krisha.kz,xn--kria-xxa16a.kz,homoglyph,,no
krisha.kz,xn--kria-xxa37a.kz,homoglyph,,no
krisha.kz,xn--kria-xxa70s.kz,homoglyph,,no
krisha.kz,xn--kria-xxa7106b.kz,homoglyph,,no
krisha.kz,xn--kria-xxa73a.kz,homoglyph,,no
krisha.kz,xn--kria-xxa77l.kz,homoglyph,,no
krisha.kz,xn--kria-xxa9206b.kz,homoglyph,,no
krisha.kz,xn--kria-xxa94a.kz,homoglyph,,no
krisha.kz,xn--krih-2h5a7q.kz,homoglyph,,no
krisha.kz,xn--krih-3mb2005b.kz,homoglyph,,no
krisha.kz,xn--krih-3mb26b.kz,homoglyph,,no
krisha.kz,xn--krih-3mb29h.kz,homoglyph,,no
krisha.kz,xn--krih-3mb4105b.kz,homoglyph,,no
krisha.kz,xn--krih-3mb6415w.kz,homoglyph,,no
krisha.kz,xn--krih-3na02w.kz,homoglyph,,no
krisha.kz,xn--krih-3na0346b.kz,homoglyph,,no
krisha.kz,xn--krih-3na05e.kz,homoglyph,,no
krisha.kz,xn--krih-3na09p.kz,homoglyph,,no
krisha.kz,xn--krih-3na2446b.kz,homoglyph,,no
krisha.kz,xn--krih-3na26e.kz,homoglyph,,no
krisha.kz,xn--krih-3na4756w.kz,homoglyph,,no
krisha.kz,xn--krih-3na47e.kz,homoglyph,,no
krisha.kz,xn--krih-3na68e.kz,homoglyph,,no
krisha.kz,xn--krih-3sa01u.kz,homoglyph,,no
krisha.kz,xn--krih-3sa0226b.kz,homoglyph,,no
krisha.kz,xn--krih-3sa04c.kz,homoglyph,,no
krisha.kz,xn--krih-3sa08n.kz,homoglyph,,no
krisha.kz,xn--krih-3sa2326b.kz,homoglyph,,no
krisha.kz,xn--krih-3sa25c.kz,homoglyph,,no
krisha.kz,xn--krih-3sa4636w.kz,homoglyph,,no
krisha.kz,xn--krih-3sa46c.kz,homoglyph,,no
krisha.kz,xn--krih-3sa67c.kz,homoglyph,,no
krisha.kz,xn--krih-75a18d.kz,homoglyph,,no
krisha.kz,xn--krih-75a51j.kz,homoglyph,,no
krisha.kz,xn--krih-75a51m.kz,homoglyph,,no
krisha.kz,xn--krih-75a5506b.kz,homoglyph,,no
krisha.kz,xn--krih-75a76l.kz,homoglyph,,no
krisha.kz,xn--krih-8na08e.kz,homoglyph,,no
krisha.kz,xn--krih-8na41w.kz,homoglyph,,no
krisha.kz,xn--krih-8na4246b.kz,homoglyph,,no
krisha.kz,xn--krih-8na44e.kz,homoglyph,,no
krisha.kz,xn--krih-8na48p.kz,homoglyph,,no
krisha.kz,xn--krih-8na6346b.kz,homoglyph,,no
krisha.kz,xn--krih-8na65e.kz,homoglyph,,no
krisha.kz,xn--krih-8na8656w.kz,homoglyph,,no
krisha.kz,xn--krih-8na86e.kz,homoglyph,,no
krisha.kz,xn--krih-8q5a6746g.kz,homoglyph,,no
krisha.kz,xn--krih-di5avq.kz,homoglyph,,no
krisha.kz,xn--krih-eoa0346b.kz,homoglyph,,no
krisha.kz,xn--krih-eoa05e.kz,homoglyph,,no
krisha.kz,xn--krih-eoa2656w.kz,homoglyph,,no
krisha.kz,xn--krih-eoa26e.kz,homoglyph,,no
krisha.kz,xn--krih-eoa47e.kz,homoglyph,,no
krisha.kz,xn--krih-eoa80w.kz,homoglyph,,no
krisha.kz,xn--krih-eoa8146b.kz,homoglyph,,no
krisha.kz,xn--krih-eoa83e.kz,homoglyph,,no
krisha.kz,xn--krih-eoa87p.kz,homoglyph,,no
krisha.kz,xn--krih-eta0226b.kz,homoglyph,,no
krisha.kz,xn--krih-eta04c.kz,homoglyph,,no
krisha.kz,xn--krih-eta2536w.kz,homoglyph,,no
krisha.kz,xn--krih-eta25c.kz,homoglyph,,no
krisha.kz,xn--krih-eta46c.kz,homoglyph,,no
krisha.kz,xn--krih-eta8026b.kz,homoglyph,,no
krisha.kz,xn--krih-eta82c.kz,homoglyph,,no
krisha.kz,xn--krih-eta86n.kz,homoglyph,,no
krisha.kz,xn--krih-eta89t.kz,homoglyph,,no
krisha.kz,xn--krih-i6a30j.kz,homoglyph,,no
krisha.kz,xn--krih-i6a30m.kz,homoglyph,,no
krisha.kz,xn--krih-i6a3406b.kz,homoglyph,,no
krisha.kz,xn--krih-i6a55l.kz,homoglyph,,no
krisha.kz,xn--krih-i6a96d.kz,homoglyph,,no
krisha.kz,xn--krih-joa20w.kz,homoglyph,,no
krisha.kz,xn--krih-joa2146b.kz,homoglyph,,no
krisha.kz,xn--krih-joa23e.kz,homoglyph,,no
krisha.kz,xn--krih-joa27p.kz,homoglyph,,no
krisha.kz,xn--krih-joa4246b.kz,homoglyph,,no
krisha.kz,xn--krih-joa44e.kz,homoglyph,,no
krisha.kz,xn--krih-joa6556w.kz,homoglyph,,no
krisha.kz,xn--krih-joa65e.kz,homoglyph,,no
krisha.kz,xn--krih-joa86e.kz,homoglyph,,no
krisha.kz,xn--krih-n5a19l.kz,homoglyph,,no
krisha.kz,xn--krih-n5a50e.kz,homoglyph,,no
krisha.kz,xn--krih-n5a93j.kz,homoglyph,,no
krisha.kz,xn--krih-n5a93m.kz,homoglyph,,no
krisha.kz,xn--krih-n5a9706b.kz,homoglyph,,no
krisha.kz,xn--krih-ooa0556w.kz,homoglyph,,no
krisha.kz,xn--krih-ooa05e.kz,homoglyph,,no
krisha.kz,xn--krih-ooa26e.kz,homoglyph,,no
krisha.kz,xn--krih-ooa6046b.kz,homoglyph,,no
krisha.kz,xn--krih-ooa62e.kz,homoglyph,,no
krisha.kz,xn--krih-ooa66p.kz,homoglyph,,no
krisha.kz,xn--krih-ooa69v.kz,homoglyph,,no
krisha.kz,xn--krih-ooa8146b.kz,homoglyph,,no
krisha.kz,xn--krih-ooa83e.kz,homoglyph,,no
krisha.kz,xn--krih-sdc9034b.kz,homoglyph,,no
krisha.kz,xn--krih-sxb15a.kz,homoglyph,,no
krisha.kz,xn--krih-sxb9394b.kz,homoglyph,,no
krisha.kz,xn--krih-sxb99a.kz,homoglyph,,no
krisha.kz,xn--krih-sxb9f.kz,homoglyph,,no
krisha.kz,xn--krih-t5b0634w.kz,homoglyph,,no
krisha.kz,xn--krih-t5b60a.kz,homoglyph,,no
krisha.kz,xn--krih-t5b6124b.kz,homoglyph,,no
krisha.kz,xn--krih-t5b8224b.kz,homoglyph,,no
krisha.kz,xn--krih-toa0046b.kz,homoglyph,,no
krisha.kz,xn--krih-toa02e.kz,homoglyph,,no
krisha.kz,xn--krih-toa06p.kz,homoglyph,,no
krisha.kz,xn--krih-toa09v.kz,homoglyph,,no
krisha.kz,xn--krih-toa2146b.kz,homoglyph,,no
krisha.kz,xn--krih-toa23e.kz,homoglyph,,no
krisha.kz,xn--krih-toa4456w.kz,homoglyph,,no
krisha.kz,xn--krih-toa44e.kz,homoglyph,,no
krisha.kz,xn--krih-toa65e.kz,homoglyph,,no
krisha.kz,xn--krih-tsa22u.kz,homoglyph,,no
krisha.kz,xn--krih-tsa2326b.kz,homoglyph,,no
krisha.kz,xn--krih-tsa25c.kz,homoglyph,,no
krisha.kz,xn--krih-tsa29n.kz,homoglyph,,no
krisha.kz,xn--krih-tsa4426b.kz,homoglyph,,no
krisha.kz,xn--krih-tsa46c.kz,homoglyph,,no
krisha.kz,xn--krih-tsa6736w.kz,homoglyph,,no
krisha.kz,xn--krih-tsa67c.kz,homoglyph,,no
krisha.kz,xn--krih-tsa88c.kz,homoglyph,,no
krisha.kz,xn--krih-tzb0844b.kz,homoglyph,,no
krisha.kz,xn--krih-tzb2164w.kz,homoglyph,,no
krisha.kz,xn--krih-tzb85c.kz,homoglyph,,no
krisha.kz,xn--krih-tzb8644b.kz,homoglyph,,no
krisha.kz,xn--krih-x5a39d.kz,homoglyph,,no
krisha.kz,xn--krih-x5a72j.kz,homoglyph,,no
krisha.kz,xn--krih-x5a72m.kz,homoglyph,,no
krisha.kz,xn--krih-x5a7606b.kz,homoglyph,,no
krisha.kz,xn--krih-x5a97l.kz,homoglyph,,no
krisha.kz,xn--krih-y6b0814b.kz,homoglyph,,no
krisha.kz,xn--krih-y6b2134w.kz,homoglyph,,no
krisha.kz,xn--krih-y6b8614b.kz,homoglyph,,no
krisha.kz,xn--krih-y6b8v.kz,homoglyph,,no
krisha.kz,xn--kriha-8cb.kz,homoglyph,,no
krisha.kz,xn--kriha-h9b.kz,homoglyph,,no
krisha.kz,xn--kriha-hsc.kz,homoglyph,,no
krisha.kz,xn--kriha-ldb.kz,homoglyph,,no
krisha.kz,xn--kriha-mq1b.kz,homoglyph,,no
krisha.kz,xn--kriha-q92s.kz,homoglyph,,no
krisha.kz,xn--kriha-wcb.kz,homoglyph,,no
krisha.kz,xn--kriha-xdb.kz,homoglyph,,no
krisha.kz,xn--kriha-yq1b.kz,homoglyph,,no
krisha.kz,xn--krilha-56c.kz,homoglyph,,no
krisha.kz,xn--krilha-5ib.kz,homoglyph,,no
krisha.kz,xn--krilha-5lc.kz,homoglyph,,no
krisha.kz,xn--krilha-5y7b.kz,homoglyph,,no
krisha.kz,xn--krilha-dkb.kz,homoglyph,,no
krisha.kz,xn--krilha-kjb.kz,homoglyph,,no
krisha.kz,xn--krilha-kz7b.kz,homoglyph,,no
krisha.kz,xn--krilha-y37v.kz,homoglyph,,no
krisha.kz,xn--krilha-yjb.kz,homoglyph,,no
krisha.kz,xn--kris-384aq6a.kz,homoglyph,,no
krisha.kz,xn--kris-3mb1235b.kz,homoglyph,,no
krisha.kz,xn--kris-3mb1364b.kz,homoglyph,,no
krisha.kz,xn--kris-3mb3464b.kz,homoglyph,,no
krisha.kz,xn--kris-3mb52g.kz,homoglyph,,no
krisha.kz,xn--kris-3mb5564b.kz,homoglyph,,no
krisha.kz,xn--kris-3mb7664b.kz,homoglyph,,no
krisha.kz,xn--kris-3mb9456d.kz,homoglyph,,no
krisha.kz,xn--kris-3mb9764b.kz,homoglyph,,no
krisha.kz,xn--kris-3mb99b.kz,homoglyph,,no
krisha.kz,xn--kris-3na1706b.kz,homoglyph,,no
krisha.kz,xn--kris-3na35u.kz,homoglyph,,no
krisha.kz,xn--kris-3na3806b.kz,homoglyph,,no
krisha.kz,xn--kris-3na5906b.kz,homoglyph,,no
krisha.kz,xn--kris-3na7016b.kz,homoglyph,,no
krisha.kz,xn--kris-3na72b.kz,homoglyph,,no
krisha.kz,xn--kris-3na72q.kz,homoglyph,,no
krisha.kz,xn--kris-3na7797d.kz,homoglyph,,no
krisha.kz,xn--kris-3na93b.kz,homoglyph,,no
krisha.kz,xn--kris-3na9476b.kz,homoglyph,,no
krisha.kz,xn--kris-3na9506b.kz,homoglyph,,no
krisha.kz,xn--kris-3sa1685b.kz,homoglyph,,no
krisha.kz,xn--kris-3sa34s.kz,homoglyph,,no
krisha.kz,xn--kris-3sa3785b.kz,homoglyph,,no
krisha.kz,xn--kris-3sa5885b.kz,homoglyph,,no
krisha.kz,xn--kris-3sa71o.kz,homoglyph,,no
krisha.kz,xn--kris-3sa7677d.kz,homoglyph,,no
krisha.kz,xn--kris-3sa7985b.kz,homoglyph,,no
krisha.kz,xn--kris-3sa7r.kz,homoglyph,,no
krisha.kz,xn--kris-3sa9356b.kz,homoglyph,,no
krisha.kz,xn--kris-3sa9485b.kz,homoglyph,,no
krisha.kz,xn--kris-3sa9s.kz,homoglyph,,no
krisha.kz,xn--kris-874a47a.kz,homoglyph,,no
krisha.kz,xn--kris-8na1016b.kz,homoglyph,,no
krisha.kz,xn--kris-8na12b.kz,homoglyph,,no
krisha.kz,xn--kris-8na12q.kz,homoglyph,,no
krisha.kz,xn--kris-8na1797d.kz,homoglyph,,no
krisha.kz,xn--kris-8na33b.kz,homoglyph,,no
krisha.kz,xn--kris-8na3476b.kz,homoglyph,,no
krisha.kz,xn--kris-8na3506b.kz,homoglyph,,no
krisha.kz,xn--kris-8na5606b.kz,homoglyph,,no
krisha.kz,xn--kris-8na74u.kz,homoglyph,,no
krisha.kz,xn--kris-8na7706b.kz,homoglyph,,no
krisha.kz,xn--kris-8na9806b.kz,homoglyph,,no
krisha.kz,xn--kris-8q5at57g.kz,homoglyph,,no
krisha.kz,xn--kris-8xa05m.kz,homoglyph,,no
krisha.kz,xn--kris-8xa05p.kz,homoglyph,,no
krisha.kz,xn--kris-8xa0936b.kz,homoglyph,,no
krisha.kz,xn--kris-8xa20p.kz,homoglyph,,no
krisha.kz,xn--kris-8xa61h.kz,homoglyph,,no
krisha.kz,xn--kris-e94a05a.kz,homoglyph,,no
krisha.kz,xn--kris-eoa14u.kz,homoglyph,,no
krisha.kz,xn--kris-eoa1706b.kz,homoglyph,,no
krisha.kz,xn--kris-eoa3806b.kz,homoglyph,,no
krisha.kz,xn--kris-eoa51b.kz,homoglyph,,no
krisha.kz,xn--kris-eoa51q.kz,homoglyph,,no
krisha.kz,xn--kris-eoa5697d.kz,homoglyph,,no
krisha.kz,xn--kris-eoa5906b.kz,homoglyph,,no
krisha.kz,xn--kris-eoa72b.kz,homoglyph,,no
krisha.kz,xn--kris-eoa7376b.kz,homoglyph,,no
krisha.kz,xn--kris-eoa7406b.kz,homoglyph,,no
krisha.kz,xn--kris-eoa9506b.kz,homoglyph,,no
krisha.kz,xn--kris-eta13s.kz,homoglyph,,no
krisha.kz,xn--kris-eta1685b.kz,homoglyph,,no
krisha.kz,xn--kris-eta3785b.kz,homoglyph,,no
krisha.kz,xn--kris-eta50o.kz,homoglyph,,no
krisha.kz,xn--kris-eta5577d.kz,homoglyph,,no
krisha.kz,xn--kris-eta5885b.kz,homoglyph,,no
krisha.kz,xn--kris-eta5q.kz,homoglyph,,no
krisha.kz,xn--kris-eta7256b.kz,homoglyph,,no
krisha.kz,xn--kris-eta7385b.kz,homoglyph,,no
krisha.kz,xn--kris-eta7r.kz,homoglyph,,no
krisha.kz,xn--kris-eta9485b.kz,homoglyph,,no
krisha.kz,xn--kris-j84as7a.kz,homoglyph,,no
krisha.kz,xn--kris-joa12b.kz,homoglyph,,no
krisha.kz,xn--kris-joa1376b.kz,homoglyph,,no
krisha.kz,xn--kris-joa1406b.kz,homoglyph,,no
krisha.kz,xn--kris-joa3506b.kz,homoglyph,,no
krisha.kz,xn--kris-joa53u.kz,homoglyph,,no
krisha.kz,xn--kris-joa5606b.kz,homoglyph,,no
krisha.kz,xn--kris-joa7706b.kz,homoglyph,,no
krisha.kz,xn--kris-joa90b.kz,homoglyph,,no
krisha.kz,xn--kris-joa90q.kz,homoglyph,,no
krisha.kz,xn--kris-joa9597d.kz,homoglyph,,no
krisha.kz,xn--kris-joa9806b.kz,homoglyph,,no
krisha.kz,xn--kris-ooa1706b.kz,homoglyph,,no
krisha.kz,xn--kris-ooa30b.kz,homoglyph,,no
krisha.kz,xn--kris-ooa30q.kz,homoglyph,,no
krisha.kz,xn--kris-ooa3597d.kz,homoglyph,,no
krisha.kz,xn--kris-ooa3806b.kz,homoglyph,,no
krisha.kz,xn--kris-ooa51b.kz,homoglyph,,no
krisha.kz,xn--kris-ooa5276b.kz,homoglyph,,no
krisha.kz,xn--kris-ooa5306b.kz,homoglyph,,no
krisha.kz,xn--kris-ooa7406b.kz,homoglyph,,no
krisha.kz,xn--kris-ooa92u.kz,homoglyph,,no
krisha.kz,xn--kris-ooa9506b.kz,homoglyph,,no
krisha.kz,xn--kris-op5awc.kz,homoglyph,,no
krisha.kz,xn--kris-oyb2094b.kz,homoglyph,,no
krisha.kz,xn--kris-oyb26a.kz,homoglyph,,no
krisha.kz,xn--kris-oyb2c.kz,homoglyph,,no
krisha.kz,xn--kris-oyb41a.kz,homoglyph,,no
krisha.kz,xn--kris-t5b1883b.kz,homoglyph,,no
krisha.kz,xn--kris-t5b3675d.kz,homoglyph,,no
krisha.kz,xn--kris-t5b3983b.kz,homoglyph,,no
krisha.kz,xn--kris-t5b5354b.kz,homoglyph,,no
krisha.kz,xn--kris-t5b5483b.kz,homoglyph,,no
krisha.kz,xn--kris-t5b7583b.kz,homoglyph,,no
krisha.kz,xn--kris-t5b9683b.kz,homoglyph,,no
krisha.kz,xn--kris-t5b9j.kz,homoglyph,,no
krisha.kz,xn--kris-t84a26a.kz,homoglyph,,no
krisha.kz,xn--kris-t8b6744b.kz,homoglyph,,no
krisha.kz,xn--kris-toa1406b.kz,homoglyph,,no
krisha.kz,xn--kris-toa32u.kz,homoglyph,,no
krisha.kz,xn--kris-toa3506b.kz,homoglyph,,no
krisha.kz,xn--kris-toa5606b.kz,homoglyph,,no
krisha.kz,xn--kris-toa7497d.kz,homoglyph,,no
krisha.kz,xn--kris-toa7706b.kz,homoglyph,,no
krisha.kz,xn--kris-toa79a.kz,homoglyph,,no
krisha.kz,xn--kris-toa79p.kz,homoglyph,,no
krisha.kz,xn--kris-toa90b.kz,homoglyph,,no
krisha.kz,xn--kris-toa9176b.kz,homoglyph,,no
krisha.kz,xn--kris-toa9206b.kz,homoglyph,,no
krisha.kz,xn--kris-tsa1556b.kz,homoglyph,,no
krisha.kz,xn--kris-tsa1685b.kz,homoglyph,,no
krisha.kz,xn--kris-tsa1u.kz,homoglyph,,no
krisha.kz,xn--kris-tsa3785b.kz,homoglyph,,no
krisha.kz,xn--kris-tsa55s.kz,homoglyph,,no
krisha.kz,xn--kris-tsa5885b.kz,homoglyph,,no
krisha.kz,xn--kris-tsa7985b.kz,homoglyph,,no
krisha.kz,xn--kris-tsa9095b.kz,homoglyph,,no
krisha.kz,xn--kris-tsa92o.kz,homoglyph,,no
krisha.kz,xn--kris-tsa9777d.kz,homoglyph,,no
krisha.kz,xn--kris-tsa9s.kz,homoglyph,,no
krisha.kz,xn--kris-tzb1214b.kz,homoglyph,,no
krisha.kz,xn--kris-tzb19a.kz,homoglyph,,no
krisha.kz,xn--kris-tzb3314b.kz,homoglyph,,no
krisha.kz,xn--kris-tzb5106d.kz,homoglyph,,no
krisha.kz,xn--kris-tzb5414b.kz,homoglyph,,no
krisha.kz,xn--kris-tzb7874b.kz,homoglyph,,no
krisha.kz,xn--kris-tzb7904b.kz,homoglyph,,no
krisha.kz,xn--kris-tzb9014b.kz,homoglyph,,no
krisha.kz,xn--kris-y6b1283b.kz,homoglyph,,no
krisha.kz,xn--kris-y6b1f.kz,homoglyph,,no
krisha.kz,xn--kris-y6b3383b.kz,homoglyph,,no
krisha.kz,xn--kris-y6b5175d.kz,homoglyph,,no
krisha.kz,xn--kris-y6b5483b.kz,homoglyph,,no
krisha.kz,xn--kris-y6b7844b.kz,homoglyph,,no
krisha.kz,xn--kris-y6b7973b.kz,homoglyph,,no
krisha.kz,xn--kris-y6b9083b.kz,homoglyph,,no
krisha.kz,xn--kris-yxa2046b.kz,homoglyph,,no
krisha.kz,xn--kris-yxa26m.kz,homoglyph,,no
krisha.kz,xn--kris-yxa26p.kz,homoglyph,,no
krisha.kz,xn--kris-yxa41p.kz,homoglyph,,no
krisha.kz,xn--kris-yxa82h.kz,homoglyph,,no
krisha.kz,xn--krisa-02a.kz,homoglyph,,no
krisha.kz,xn--krisa-0f1b.kz,homoglyph,,no
krisha.kz,xn--krisa-1g1b.kz,homoglyph,,no
krisha.kz,xn--krisa-8b9c.kz,homoglyph,,no
krisha.kz,xn--krisa-dg1b.kz,homoglyph,,no
krisha.kz,xn--krisa-eh1b.kz,homoglyph,,no
krisha.kz,xn--krisa-jbc.kz,homoglyph,,no
krisha.kz,xn--krisa-o2a.kz,homoglyph,,no
krisha.kz,xn--krisa-pg1b.kz,homoglyph,,no
krisha.kz,xn--krisa-pnc.kz,homoglyph,,no
krisha.kz,xn--krisa-qz1b.kz,homoglyph,,no
krisha.kz,xn--krish-1qa.kz,homoglyph,,no
krisha.kz,xn--krish-4jc.kz,homoglyph,,no
krisha.kz,xn--krish-7qa.kz,homoglyph,,no
krisha.kz,xn--krish-7wa.kz,homoglyph,,no
krisha.kz,xn--krish-era.kz,homoglyph,,no
krisha.kz,xn--krish-ilc.kz,homoglyph,,no
krisha.kz,xn--krish-jwa.kz,homoglyph,,no
krisha.kz,xn--krish-kra.kz,homoglyph,,no
krisha.kz,xn--krish-n11b.kz,homoglyph,,no
krisha.kz,xn--krish-owb.kz,homoglyph,,no
krisha.kz,xn--krish-qra.kz,homoglyph,,no
krisha.kz,xn--krish-vqa.kz,homoglyph,,no
krisha.kz,xn--krish-vwa.kz,homoglyph,,no
krisha.kz,xn--krish-xcc.kz,homoglyph,,no
krisha.kz,xn--krisha-6db.kz,homoglyph,,no
krisha.kz,xn--krisha-edb.kz,homoglyph,,no
krisha.kz,xn--krisha-l2c.kz,homoglyph,,no
krisha.kz,xn--krisha-lcb.kz,homoglyph,,no
krisha.kz,xn--krisha-zcb.kz,homoglyph,,no
krisha.kz,xn--krisla-0n7b.kz,homoglyph,,no
krisha.kz,xn--krisla-7m7b.kz,homoglyph,,no
krisha.kz,xn--krisla-f7a.kz,homoglyph,,no
krisha.kz,xn--krisla-fi8d.kz,homoglyph,,no
krisha.kz,xn--krisla-fnc.kz,homoglyph,,no
krisha.kz,xn--krisla-fo7b.kz,homoglyph,,no
krisha.kz,xn--krisla-m1c.kz,homoglyph,,no
krisha.kz,xn--krisla-mn7b.kz,homoglyph,,no
krisha.kz,xn--krisla-t7a.kz,homoglyph,,no
krisha.kz,xn--krisla-t97b.kz,homoglyph,,no
krisha.kz,xn--krisla-tm7b.kz,homoglyph,,no
krisha.kz,xn--krislh-10a.kz,homoglyph,,no
krisha.kz,xn--krislh-1c8b.kz,homoglyph,,no
krisha.kz,xn--krislh-1oc.kz,homoglyph,,no
krisha.kz,xn--krislh-1ta.kz,homoglyph,,no
krisha.kz,xn--krislh-1yc.kz,homoglyph,,no
krisha.kz,xn--krislh-85b.kz,homoglyph,,no
krisha.kz,xn--krislh-8ta.kz,homoglyph,,no
krisha.kz,xn--krislh-8za.kz,homoglyph,,no
krisha.kz,xn--krislh-gua.kz,homoglyph,,no
krisha.kz,xn--krislh-gxc.kz,homoglyph,,no
krisha.kz,xn--krislh-n0a.kz,homoglyph,,no
krisha.kz,xn--krislh-nta.kz,homoglyph,,no
krisha.kz,xn--krislh-nua.kz,homoglyph,,no
krisha.kz,xn--krislh-uta.kz,homoglyph,,no
krisha.kz,xn--krlha-8cb.kz,homoglyph,,no
krisha.kz,xn--krlha-h9b.kz,homoglyph,,no
krisha.kz,xn--krlha-hsc.kz,homoglyph,,no
krisha.kz,xn--krlha-ldb.kz,homoglyph,,no
krisha.kz,xn--krlha-mq1b.kz,homoglyph,,no
krisha.kz,xn--krlha-q92s.kz,homoglyph,,no
krisha.kz,xn--krlha-wcb.kz,homoglyph,,no
krisha.kz,xn--krlha-xdb.kz,homoglyph,,no
krisha.kz,xn--krlha-yq1b.kz,homoglyph,,no
krisha.kz,xn--krlsa-02a.kz,homoglyph,,no
krisha.kz,xn--krlsa-0f1b.kz,homoglyph,,no
krisha.kz,xn--krlsa-1g1b.kz,homoglyph,,no
krisha.kz,xn--krlsa-8b9c.kz,homoglyph,,no
krisha.kz,xn--krlsa-dg1b.kz,homoglyph,,no
krisha.kz,xn--krlsa-eh1b.kz,homoglyph,,no
krisha.kz,xn--krlsa-jbc.kz,homoglyph,,no
krisha.kz,xn--krlsa-o2a.kz,homoglyph,,no
krisha.kz,xn--krlsa-pg1b.kz,homoglyph,,no
krisha.kz,xn--krlsa-pnc.kz,homoglyph,,no
krisha.kz,xn--krlsa-qz1b.kz,homoglyph,,no
krisha.kz,xn--krlsh-1qa.kz,homoglyph,,no
krisha.kz,xn--krlsh-4jc.kz,homoglyph,,no
krisha.kz,xn--krlsh-7qa.kz,homoglyph,,no
krisha.kz,xn--krlsh-7wa.kz,homoglyph,,no
krisha.kz,xn--krlsh-era.kz,homoglyph,,no
krisha.kz,xn--krlsh-ilc.kz,homoglyph,,no
krisha.kz,xn--krlsh-jwa.kz,homoglyph,,no
krisha.kz,xn--krlsh-kra.kz,homoglyph,,no
krisha.kz,xn--krlsh-n11b.kz,homoglyph,,no
krisha.kz,xn--krlsh-owb.kz,homoglyph,,no
krisha.kz,xn--krlsh-qra.kz,homoglyph,,no
krisha.kz,xn--krlsh-vqa.kz,homoglyph,,no
krisha.kz,xn--krlsh-vwa.kz,homoglyph,,no
krisha.kz,xn--krlsh-xcc.kz,homoglyph,,no
krisha.kz,xn--krsa-18b1273b.kz,homoglyph,,no
krisha.kz,xn--krsa-18b3373b.kz,homoglyph,,no
krisha.kz,xn--krsa-18b5473b.kz,homoglyph,,no
krisha.kz,xn--krsa-18b7265d.kz,homoglyph,,no
krisha.kz,xn--krsa-18b7573b.kz,homoglyph,,no
krisha.kz,xn--krsa-18b9073b.kz,homoglyph,,no
krisha.kz,xn--krsa-18b9934b.kz,homoglyph,,no
krisha.kz,xn--krsa-1pa1006b.kz,homoglyph,,no
krisha.kz,xn--krsa-1pa17t.kz,homoglyph,,no
krisha.kz,xn--krsa-1pa3106b.kz,homoglyph,,no
krisha.kz,xn--krsa-1pa5206b.kz,homoglyph,,no
krisha.kz,xn--krsa-1pa54a.kz,homoglyph,,no
krisha.kz,xn--krsa-1pa54p.kz,homoglyph,,no
krisha.kz,xn--krsa-1pa5987d.kz,homoglyph,,no
krisha.kz,xn--krsa-1pa75a.kz,homoglyph,,no
krisha.kz,xn--krsa-1pa7666b.kz,homoglyph,,no
krisha.kz,xn--krsa-1pa7795b.kz,homoglyph,,no
krisha.kz,xn--krsa-1pa9895b.kz,homoglyph,,no
krisha.kz,xn--krsa-1ya1165b.kz,homoglyph,,no
krisha.kz,xn--krsa-1ya3265b.kz,homoglyph,,no
krisha.kz,xn--krsa-1ya39p.kz,homoglyph,,no
krisha.kz,xn--krsa-1ya5365b.kz,homoglyph,,no
krisha.kz,xn--krsa-1ya7157d.kz,homoglyph,,no
krisha.kz,xn--krsa-1ya7465b.kz,homoglyph,,no
krisha.kz,xn--krsa-1ya76l.kz,homoglyph,,no
krisha.kz,xn--krsa-1ya9826b.kz,homoglyph,,no
krisha.kz,xn--krsa-1ya9955b.kz,homoglyph,,no
krisha.kz,xn--krsa-284a86b.kz,homoglyph,,no
krisha.kz,xn--krsa-284ay7b.kz,homoglyph,,no
krisha.kz,xn--krsa-68b1265d.kz,homoglyph,,no
krisha.kz,xn--krsa-68b1573b.kz,homoglyph,,no
krisha.kz,xn--krsa-68b3073b.kz,homoglyph,,no
krisha.kz,xn--krsa-68b3934b.kz,homoglyph,,no
krisha.kz,xn--krsa-68b5173b.kz,homoglyph,,no
krisha.kz,xn--krsa-68b7273b.kz,homoglyph,,no
krisha.kz,xn--krsa-68b9373b.kz,homoglyph,,no
krisha.kz,xn--krsa-6pa15a.kz,homoglyph,,no
krisha.kz,xn--krsa-6pa1666b.kz,homoglyph,,no
krisha.kz,xn--krsa-6pa1795b.kz,homoglyph,,no
krisha.kz,xn--krsa-6pa3895b.kz,homoglyph,,no
krisha.kz,xn--krsa-6pa56t.kz,homoglyph,,no
krisha.kz,xn--krsa-6pa5995b.kz,homoglyph,,no
krisha.kz,xn--krsa-6pa7006b.kz,homoglyph,,no
krisha.kz,xn--krsa-6pa9106b.kz,homoglyph,,no
krisha.kz,xn--krsa-6pa93a.kz,homoglyph,,no
krisha.kz,xn--krsa-6pa93p.kz,homoglyph,,no
krisha.kz,xn--krsa-6pa9887d.kz,homoglyph,,no
krisha.kz,xn--krsa-6w5a736g.kz,homoglyph,,no
krisha.kz,xn--krsa-774a08b.kz,homoglyph,,no
krisha.kz,xn--krsa-774aq9b.kz,homoglyph,,no
krisha.kz,xn--krsa-7xa0466b.kz,homoglyph,,no
krisha.kz,xn--krsa-7xa05q.kz,homoglyph,,no
krisha.kz,xn--krsa-7xa08k.kz,homoglyph,,no
krisha.kz,xn--krsa-7xa0c.kz,homoglyph,,no
krisha.kz,xn--krsa-7xa2d.kz,homoglyph,,no
krisha.kz,xn--krsa-7xa44q.kz,homoglyph,,no
krisha.kz,xn--krsa-7xa62h.kz,homoglyph,,no
krisha.kz,xn--krsa-7xa8266b.kz,homoglyph,,no
krisha.kz,xn--krsa-7xa83q.kz,homoglyph,,no
krisha.kz,xn--krsa-7xa8a.kz,homoglyph,,no
krisha.kz,xn--krsa-7xak.kz,homoglyph,,no
krisha.kz,xn--krsa-7xaw.kz,homoglyph,,no
krisha.kz,xn--krsa-c9b1273b.kz,homoglyph,,no
krisha.kz,xn--krsa-c9b3373b.kz,homoglyph,,no
krisha.kz,xn--krsa-c9b5165d.kz,homoglyph,,no
krisha.kz,xn--krsa-c9b5473b.kz,homoglyph,,no
krisha.kz,xn--krsa-c9b7834b.kz,homoglyph,,no
krisha.kz,xn--krsa-c9b7963b.kz,homoglyph,,no
krisha.kz,xn--krsa-c9b9073b.kz,homoglyph,,no
krisha.kz,xn--krsa-cnb1135b.kz,homoglyph,,no
krisha.kz,xn--krsa-cnb1264b.kz,homoglyph,,no
krisha.kz,xn--krsa-cnb3364b.kz,homoglyph,,no
krisha.kz,xn--krsa-cnb51g.kz,homoglyph,,no
krisha.kz,xn--krsa-cnb5464b.kz,homoglyph,,no
krisha.kz,xn--krsa-cnb7564b.kz,homoglyph,,no
krisha.kz,xn--krsa-cnb9356d.kz,homoglyph,,no
krisha.kz,xn--krsa-cnb9664b.kz,homoglyph,,no
krisha.kz,xn--krsa-cnb98b.kz,homoglyph,,no
krisha.kz,xn--krsa-cza1165b.kz,homoglyph,,no
krisha.kz,xn--krsa-cza18p.kz,homoglyph,,no
krisha.kz,xn--krsa-cza3265b.kz,homoglyph,,no
krisha.kz,xn--krsa-cza5057d.kz,homoglyph,,no
krisha.kz,xn--krsa-cza5365b.kz,homoglyph,,no
krisha.kz,xn--krsa-cza55l.kz,homoglyph,,no
krisha.kz,xn--krsa-cza7726b.kz,homoglyph,,no
krisha.kz,xn--krsa-cza7855b.kz,homoglyph,,no
krisha.kz,xn--krsa-cza9955b.kz,homoglyph,,no
krisha.kz,xn--krsa-d94a86b.kz,homoglyph,,no
krisha.kz,xn--krsa-d94aw6b.kz,homoglyph,,no
krisha.kz,xn--krsa-hya1457d.kz,homoglyph,,no
krisha.kz,xn--krsa-hya1765b.kz,homoglyph,,no
krisha.kz,xn--krsa-hya19l.kz,homoglyph,,no
krisha.kz,xn--krsa-hya3136b.kz,homoglyph,,no
krisha.kz,xn--krsa-hya3265b.kz,homoglyph,,no
krisha.kz,xn--krsa-hya5365b.kz,homoglyph,,no
krisha.kz,xn--krsa-hya71q.kz,homoglyph,,no
krisha.kz,xn--krsa-hya7465b.kz,homoglyph,,no
krisha.kz,xn--krsa-hya9565b.kz,homoglyph,,no
krisha.kz,xn--krsa-i84a08b.kz,homoglyph,,no
krisha.kz,xn--krsa-i84ao8b.kz,homoglyph,,no
krisha.kz,xn--krsa-mza1165b.kz,homoglyph,,no
krisha.kz,xn--krsa-mza3265b.kz,homoglyph,,no
krisha.kz,xn--krsa-mza34l.kz,homoglyph,,no
krisha.kz,xn--krsa-mza3947d.kz,homoglyph,,no
krisha.kz,xn--krsa-mza5626b.kz,homoglyph,,no
krisha.kz,xn--krsa-mza5755b.kz,homoglyph,,no
krisha.kz,xn--krsa-mza7855b.kz,homoglyph,,no
krisha.kz,xn--krsa-mza96p.kz,homoglyph,,no
krisha.kz,xn--krsa-mza9955b.kz,homoglyph,,no
krisha.kz,xn--krsa-np5a4n.kz,homoglyph,,no
krisha.kz,xn--krsa-np5asn.kz,homoglyph,,no
krisha.kz,xn--krsa-nyb0415b.kz,homoglyph,,no
krisha.kz,xn--krsa-nyb05b.kz,homoglyph,,no
krisha.kz,xn--krsa-nyb2515b.kz,homoglyph,,no
krisha.kz,xn--krsa-nyb26b.kz,homoglyph,,no
krisha.kz,xn--krsa-nyb65b.kz,homoglyph,,no
krisha.kz,xn--krsa-rpa1006b.kz,homoglyph,,no
krisha.kz,xn--krsa-rpa3106b.kz,homoglyph,,no
krisha.kz,xn--krsa-rpa38t.kz,homoglyph,,no
krisha.kz,xn--krsa-rpa5206b.kz,homoglyph,,no
krisha.kz,xn--krsa-rpa7097d.kz,homoglyph,,no
krisha.kz,xn--krsa-rpa7306b.kz,homoglyph,,no
krisha.kz,xn--krsa-rpa75a.kz,homoglyph,,no
krisha.kz,xn--krsa-rpa75p.kz,homoglyph,,no
krisha.kz,xn--krsa-rpa96a.kz,homoglyph,,no
krisha.kz,xn--krsa-rpa9766b.kz,homoglyph,,no
krisha.kz,xn--krsa-rpa9895b.kz,homoglyph,,no
krisha.kz,xn--krsa-rvb16c.kz,homoglyph,,no
krisha.kz,xn--krsa-rvb1924b.kz,homoglyph,,no
krisha.kz,xn--krsa-rvb3034b.kz,homoglyph,,no
krisha.kz,xn--krsa-rvb5134b.kz,homoglyph,,no
krisha.kz,xn--krsa-rvb5816d.kz,homoglyph,,no
krisha.kz,xn--krsa-rvb5j.kz,homoglyph,,no
krisha.kz,xn--krsa-rvb7594b.kz,homoglyph,,no
krisha.kz,xn--krsa-rvb7624b.kz,homoglyph,,no
krisha.kz,xn--krsa-rvb9724b.kz,homoglyph,,no
krisha.kz,xn--krsa-rya1036b.kz,homoglyph,,no
krisha.kz,xn--krsa-rya1165b.kz,homoglyph,,no
krisha.kz,xn--krsa-rya3265b.kz,homoglyph,,no
krisha.kz,xn--krsa-rya50q.kz,homoglyph,,no
krisha.kz,xn--krsa-rya5365b.kz,homoglyph,,no
krisha.kz,xn--krsa-rya7465b.kz,homoglyph,,no
krisha.kz,xn--krsa-rya9257d.kz,homoglyph,,no
krisha.kz,xn--krsa-rya9565b.kz,homoglyph,,no
krisha.kz,xn--krsa-rya97l.kz,homoglyph,,no
krisha.kz,xn--krsa-s84ao8b.kz,homoglyph,,no
krisha.kz,xn--krsa-s84ay7b.kz,homoglyph,,no
krisha.kz,xn--krsa-s8b4174b.kz,homoglyph,,no
krisha.kz,xn--krsa-s8b6274b.kz,homoglyph,,no
krisha.kz,xn--krsa-s8bk.kz,homoglyph,,no
krisha.kz,xn--krsa-s8bq.kz,homoglyph,,no
krisha.kz,xn--krsa-s8bw.kz,homoglyph,,no
krisha.kz,xn--krsa-wpa1097d.kz,homoglyph,,no
krisha.kz,xn--krsa-wpa1306b.kz,homoglyph,,no
krisha.kz,xn--krsa-wpa15a.kz,homoglyph,,no
krisha.kz,xn--krsa-wpa15p.kz,homoglyph,,no
krisha.kz,xn--krsa-wpa36a.kz,homoglyph,,no
krisha.kz,xn--krsa-wpa3766b.kz,homoglyph,,no
krisha.kz,xn--krsa-wpa3895b.kz,homoglyph,,no
krisha.kz,xn--krsa-wpa5995b.kz,homoglyph,,no
krisha.kz,xn--krsa-wpa7006b.kz,homoglyph,,no
krisha.kz,xn--krsa-wpa77t.kz,homoglyph,,no
krisha.kz,xn--krsa-wpa9106b.kz,homoglyph,,no
krisha.kz,xn--krsa-ww5ax46g.kz,homoglyph,,no
krisha.kz,xn--krsa-xxa0466b.kz,homoglyph,,no
krisha.kz,xn--krsa-xxa05q.kz,homoglyph,,no
krisha.kz,xn--krsa-xxa0c.kz,homoglyph,,no
krisha.kz,xn--krsa-xxa2566b.kz,homoglyph,,no
krisha.kz,xn--krsa-xxa26q.kz,homoglyph,,no
krisha.kz,xn--krsa-xxa29k.kz,homoglyph,,no
krisha.kz,xn--krsa-xxa2d.kz,homoglyph,,no
krisha.kz,xn--krsa-xxa4e.kz,homoglyph,,no
krisha.kz,xn--krsa-xxa65q.kz,homoglyph,,no
krisha.kz,xn--krsa-xxa83h.kz,homoglyph,,no
krisha.kz,xn--krsa-xxa8a.kz,homoglyph,,no
krisha.kz,xn--krsa-xxaw.kz,homoglyph,,no
krisha.kz,xn--krsh-18b6644b.kz,homoglyph,,no
krisha.kz,xn--krsh-1pa06k.kz,homoglyph,,no
krisha.kz,xn--krsh-1pa0j.kz,homoglyph,,no
krisha.kz,xn--krsh-1pa2k.kz,homoglyph,,no
krisha.kz,xn--krsh-1pa4376b.kz,homoglyph,,no
krisha.kz,xn--krsh-1pa49p.kz,homoglyph,,no
krisha.kz,xn--krsh-1pa49s.kz,homoglyph,,no
krisha.kz,xn--krsh-1pa4l.kz,homoglyph,,no
krisha.kz,xn--krsh-1pa64s.kz,homoglyph,,no
krisha.kz,xn--krsh-1ya28g.kz,homoglyph,,no
krisha.kz,xn--krsh-1ya61m.kz,homoglyph,,no
krisha.kz,xn--krsh-1ya61p.kz,homoglyph,,no
krisha.kz,xn--krsh-1ya6536b.kz,homoglyph,,no
krisha.kz,xn--krsh-1ya86o.kz,homoglyph,,no
krisha.kz,xn--krsh-3mb14g.kz,homoglyph,,no
krisha.kz,xn--krsh-3mb5265b.kz,homoglyph,,no
krisha.kz,xn--krsh-3mb53g.kz,homoglyph,,no
krisha.kz,xn--krsh-3mb7365b.kz,homoglyph,,no
krisha.kz,xn--krsh-3mb74g.kz,homoglyph,,no
krisha.kz,xn--krsh-3mb77a.kz,homoglyph,,no
krisha.kz,xn--krsh-3mbj.kz,homoglyph,,no
krisha.kz,xn--krsh-3na15l.kz,homoglyph,,no
krisha.kz,xn--krsh-3na16b.kz,homoglyph,,no
krisha.kz,xn--krsh-3na1g.kz,homoglyph,,no
krisha.kz,xn--krsh-3na3507b.kz,homoglyph,,no
krisha.kz,xn--krsh-3na36u.kz,homoglyph,,no
krisha.kz,xn--krsh-3na37b.kz,homoglyph,,no
krisha.kz,xn--krsh-3na3e.kz,homoglyph,,no
krisha.kz,xn--krsh-3na50p.kz,homoglyph,,no
krisha.kz,xn--krsh-3na5607b.kz,homoglyph,,no
krisha.kz,xn--krsh-3na57u.kz,homoglyph,,no
krisha.kz,xn--krsh-3na58b.kz,homoglyph,,no
krisha.kz,xn--krsh-3na5f.kz,homoglyph,,no
krisha.kz,xn--krsh-3na79b.kz,homoglyph,,no
krisha.kz,xn--krsh-3na94b.kz,homoglyph,,no
krisha.kz,xn--krsh-3na96u.kz,homoglyph,,no
krisha.kz,xn--krsh-3na9e.kz,homoglyph,,no
krisha.kz,xn--krsh-3sa14j.kz,homoglyph,,no
krisha.kz,xn--krsh-3sa1v.kz,homoglyph,,no
krisha.kz,xn--krsh-3sa3486b.kz,homoglyph,,no
krisha.kz,xn--krsh-3sa35s.kz,homoglyph,,no
krisha.kz,xn--krsh-3sa3w.kz,homoglyph,,no
krisha.kz,xn--krsh-3sa5586b.kz,homoglyph,,no
krisha.kz,xn--krsh-3sa56s.kz,homoglyph,,no
krisha.kz,xn--krsh-3sa59m.kz,homoglyph,,no
krisha.kz,xn--krsh-3sa5x.kz,homoglyph,,no
krisha.kz,xn--krsh-3sa7y.kz,homoglyph,,no
krisha.kz,xn--krsh-3sa95s.kz,homoglyph,,no
krisha.kz,xn--krsh-3sa9t.kz,homoglyph,,no
krisha.kz,xn--krsh-68b0644b.kz,homoglyph,,no
krisha.kz,xn--krsh-6pa04s.kz,homoglyph,,no
krisha.kz,xn--krsh-6pa45k.kz,homoglyph,,no
krisha.kz,xn--krsh-6pa4i.kz,homoglyph,,no
krisha.kz,xn--krsh-6pa6j.kz,homoglyph,,no
krisha.kz,xn--krsh-6pa8276b.kz,homoglyph,,no
krisha.kz,xn--krsh-6pa88p.kz,homoglyph,,no
krisha.kz,xn--krsh-6pa88s.kz,homoglyph,,no
krisha.kz,xn--krsh-6pa8k.kz,homoglyph,,no
krisha.kz,xn--krsh-8na19b.kz,homoglyph,,no
krisha.kz,xn--krsh-8na34b.kz,homoglyph,,no
krisha.kz,xn--krsh-8na36u.kz,homoglyph,,no
krisha.kz,xn--krsh-8na3e.kz,homoglyph,,no
krisha.kz,xn--krsh-8na54l.kz,homoglyph,,no
krisha.kz,xn--krsh-8na55b.kz,homoglyph,,no
krisha.kz,xn--krsh-8na5f.kz,homoglyph,,no
krisha.kz,xn--krsh-8na7407b.kz,homoglyph,,no
krisha.kz,xn--krsh-8na75u.kz,homoglyph,,no
krisha.kz,xn--krsh-8na76b.kz,homoglyph,,no
krisha.kz,xn--krsh-8na7d.kz,homoglyph,,no
krisha.kz,xn--krsh-8na9507b.kz,homoglyph,,no
krisha.kz,xn--krsh-8na96u.kz,homoglyph,,no
krisha.kz,xn--krsh-8na97b.kz,homoglyph,,no
krisha.kz,xn--krsh-8na99o.kz,homoglyph,,no
krisha.kz,xn--krsh-8na9e.kz,homoglyph,,no
krisha.kz,xn--krsh-8q5a3k.kz,homoglyph,,no
krisha.kz,xn--krsh-8q5ark.kz,homoglyph,,no
krisha.kz,xn--krsh-c9b4544b.kz,homoglyph,,no
krisha.kz,xn--krsh-cnb09e.kz,homoglyph,,no
krisha.kz,xn--krsh-cnb83c.kz,homoglyph,,no
krisha.kz,xn--krsh-cnb83f.kz,homoglyph,,no
krisha.kz,xn--krsh-cnb8735b.kz,homoglyph,,no
krisha.kz,xn--krsh-cza07g.kz,homoglyph,,no
krisha.kz,xn--krsh-cza40m.kz,homoglyph,,no
krisha.kz,xn--krsh-cza40p.kz,homoglyph,,no
krisha.kz,xn--krsh-cza4436b.kz,homoglyph,,no
krisha.kz,xn--krsh-cza65o.kz,homoglyph,,no
krisha.kz,xn--krsh-eoa1407b.kz,homoglyph,,no
krisha.kz,xn--krsh-eoa15u.kz,homoglyph,,no
krisha.kz,xn--krsh-eoa16b.kz,homoglyph,,no
krisha.kz,xn--krsh-eoa1d.kz,homoglyph,,no
krisha.kz,xn--krsh-eoa3507b.kz,homoglyph,,no
krisha.kz,xn--krsh-eoa36u.kz,homoglyph,,no
krisha.kz,xn--krsh-eoa37b.kz,homoglyph,,no
krisha.kz,xn--krsh-eoa39o.kz,homoglyph,,no
krisha.kz,xn--krsh-eoa3e.kz,homoglyph,,no
krisha.kz,xn--krsh-eoa58b.kz,homoglyph,,no
krisha.kz,xn--krsh-eoa73b.kz,homoglyph,,no
krisha.kz,xn--krsh-eoa75u.kz,homoglyph,,no
krisha.kz,xn--krsh-eoa7d.kz,homoglyph,,no
krisha.kz,xn--krsh-eoa93l.kz,homoglyph,,no
krisha.kz,xn--krsh-eoa94b.kz,homoglyph,,no
krisha.kz,xn--krsh-eoa9e.kz,homoglyph,,no
krisha.kz,xn--krsh-eta1386b.kz,homoglyph,,no
krisha.kz,xn--krsh-eta14s.kz,homoglyph,,no
krisha.kz,xn--krsh-eta1v.kz,homoglyph,,no
krisha.kz,xn--krsh-eta3486b.kz,homoglyph,,no
krisha.kz,xn--krsh-eta35s.kz,homoglyph,,no
krisha.kz,xn--krsh-eta38m.kz,homoglyph,,no
krisha.kz,xn--krsh-eta3w.kz,homoglyph,,no
krisha.kz,xn--krsh-eta5x.kz,homoglyph,,no
krisha.kz,xn--krsh-eta74s.kz,homoglyph,,no
krisha.kz,xn--krsh-eta7s.kz,homoglyph,,no
krisha.kz,xn--krsh-eta92j.kz,homoglyph,,no
krisha.kz,xn--krsh-eta9t.kz,homoglyph,,no
krisha.kz,xn--krsh-hya04m.kz,homoglyph,,no
krisha.kz,xn--krsh-hya04p.kz,homoglyph,,no
krisha.kz,xn--krsh-hya0836b.kz,homoglyph,,no
krisha.kz,xn--krsh-hya29o.kz,homoglyph,,no
krisha.kz,xn--krsh-hya60h.kz,homoglyph,,no
krisha.kz,xn--krsh-joa13b.kz,homoglyph,,no
krisha.kz,xn--krsh-joa15u.kz,homoglyph,,no
krisha.kz,xn--krsh-joa1d.kz,homoglyph,,no
krisha.kz,xn--krsh-joa33l.kz,homoglyph,,no
krisha.kz,xn--krsh-joa34b.kz,homoglyph,,no
krisha.kz,xn--krsh-joa3e.kz,homoglyph,,no
krisha.kz,xn--krsh-joa5307b.kz,homoglyph,,no
krisha.kz,xn--krsh-joa54u.kz,homoglyph,,no
krisha.kz,xn--krsh-joa55b.kz,homoglyph,,no
krisha.kz,xn--krsh-joa5c.kz,homoglyph,,no
krisha.kz,xn--krsh-joa7407b.kz,homoglyph,,no
krisha.kz,xn--krsh-joa75u.kz,homoglyph,,no
krisha.kz,xn--krsh-joa76b.kz,homoglyph,,no
krisha.kz,xn--krsh-joa78o.kz,homoglyph,,no
krisha.kz,xn--krsh-joa7d.kz,homoglyph,,no
krisha.kz,xn--krsh-joa97b.kz,homoglyph,,no
krisha.kz,xn--krsh-mza2336b.kz,homoglyph,,no
krisha.kz,xn--krsh-mza29l.kz,homoglyph,,no
krisha.kz,xn--krsh-mza29o.kz,homoglyph,,no
krisha.kz,xn--krsh-mza44o.kz,homoglyph,,no
krisha.kz,xn--krsh-mza85g.kz,homoglyph,,no
krisha.kz,xn--krsh-ooa1407b.kz,homoglyph,,no
krisha.kz,xn--krsh-ooa15u.kz,homoglyph,,no
krisha.kz,xn--krsh-ooa16b.kz,homoglyph,,no
krisha.kz,xn--krsh-ooa18o.kz,homoglyph,,no
krisha.kz,xn--krsh-ooa1d.kz,homoglyph,,no
krisha.kz,xn--krsh-ooa37b.kz,homoglyph,,no
krisha.kz,xn--krsh-ooa52b.kz,homoglyph,,no
krisha.kz,xn--krsh-ooa54u.kz,homoglyph,,no
krisha.kz,xn--krsh-ooa5c.kz,homoglyph,,no
krisha.kz,xn--krsh-ooa72l.kz,homoglyph,,no
krisha.kz,xn--krsh-ooa73b.kz,homoglyph,,no
krisha.kz,xn--krsh-ooa7d.kz,homoglyph,,no
krisha.kz,xn--krsh-ooa9207b.kz,homoglyph,,no
krisha.kz,xn--krsh-ooa93u.kz,homoglyph,,no
krisha.kz,xn--krsh-ooa94b.kz,homoglyph,,no
krisha.kz,xn--krsh-ooa9b.kz,homoglyph,,no
krisha.kz,xn--krsh-rpa27k.kz,homoglyph,,no
krisha.kz,xn--krsh-rpa2k.kz,homoglyph,,no
krisha.kz,xn--krsh-rpa4l.kz,homoglyph,,no
krisha.kz,xn--krsh-rpa60q.kz,homoglyph,,no
krisha.kz,xn--krsh-rpa60t.kz,homoglyph,,no
krisha.kz,xn--krsh-rpa6476b.kz,homoglyph,,no
krisha.kz,xn--krsh-rpa6m.kz,homoglyph,,no
krisha.kz,xn--krsh-rpa85s.kz,homoglyph,,no
krisha.kz,xn--krsh-rvb4205b.kz,homoglyph,,no
krisha.kz,xn--krsh-rvb48b.kz,homoglyph,,no
krisha.kz,xn--krsh-rvb4o.kz,homoglyph,,no
krisha.kz,xn--krsh-rvb63b.kz,homoglyph,,no
krisha.kz,xn--krsh-rya08o.kz,homoglyph,,no
krisha.kz,xn--krsh-rya49g.kz,homoglyph,,no
krisha.kz,xn--krsh-rya82m.kz,homoglyph,,no
krisha.kz,xn--krsh-rya82p.kz,homoglyph,,no
krisha.kz,xn--krsh-rya8636b.kz,homoglyph,,no
krisha.kz,xn--krsh-t5b1584b.kz,homoglyph,,no
krisha.kz,xn--krsh-t5b1m.kz,homoglyph,,no
krisha.kz,xn--krsh-t5b5l.kz,homoglyph,,no
krisha.kz,xn--krsh-t5b9384b.kz,homoglyph,,no
krisha.kz,xn--krsh-t5b9k.kz,homoglyph,,no
krisha.kz,xn--krsh-toa12l.kz,homoglyph,,no
krisha.kz,xn--krsh-toa13b.kz,homoglyph,,no
krisha.kz,xn--krsh-toa1d.kz,homoglyph,,no
krisha.kz,xn--krsh-toa3207b.kz,homoglyph,,no
krisha.kz,xn--krsh-toa33u.kz,homoglyph,,no
krisha.kz,xn--krsh-toa34b.kz,homoglyph,,no
krisha.kz,xn--krsh-toa3b.kz,homoglyph,,no
krisha.kz,xn--krsh-toa5307b.kz,homoglyph,,no
krisha.kz,xn--krsh-toa54u.kz,homoglyph,,no
krisha.kz,xn--krsh-toa55b.kz,homoglyph,,no
krisha.kz,xn--krsh-toa57o.kz,homoglyph,,no
krisha.kz,xn--krsh-toa5c.kz,homoglyph,,no
krisha.kz,xn--krsh-toa76b.kz,homoglyph,,no
krisha.kz,xn--krsh-toa91b.kz,homoglyph,,no
krisha.kz,xn--krsh-toa93u.kz,homoglyph,,no
krisha.kz,xn--krsh-toa9b.kz,homoglyph,,no
krisha.kz,xn--krsh-tsa17s.kz,homoglyph,,no
krisha.kz,xn--krsh-tsa1v.kz,homoglyph,,no
krisha.kz,xn--krsh-tsa35j.kz,homoglyph,,no
krisha.kz,xn--krsh-tsa3w.kz,homoglyph,,no
krisha.kz,xn--krsh-tsa5586b.kz,homoglyph,,no
krisha.kz,xn--krsh-tsa56s.kz,homoglyph,,no
krisha.kz,xn--krsh-tsa5x.kz,homoglyph,,no
krisha.kz,xn--krsh-tsa70n.kz,homoglyph,,no
krisha.kz,xn--krsh-tsa7686b.kz,homoglyph,,no
krisha.kz,xn--krsh-tsa77s.kz,homoglyph,,no
krisha.kz,xn--krsh-tsa7y.kz,homoglyph,,no
krisha.kz,xn--krsh-tsa9z.kz,homoglyph,,no
krisha.kz,xn--krsh-tzb10b.kz,homoglyph,,no
krisha.kz,xn--krsh-tzb1905b.kz,homoglyph,,no
krisha.kz,xn--krsh-tzb3015b.kz,homoglyph,,no
krisha.kz,xn--krsh-tzb31b.kz,homoglyph,,no
krisha.kz,xn--krsh-tzb70b.kz,homoglyph,,no
krisha.kz,xn--krsh-wpa00q.kz,homoglyph,,no
krisha.kz,xn--krsh-wpa00t.kz,homoglyph,,no
krisha.kz,xn--krsh-wpa0476b.kz,homoglyph,,no
krisha.kz,xn--krsh-wpa0m.kz,homoglyph,,no
krisha.kz,xn--krsh-wpa25s.kz,homoglyph,,no
krisha.kz,xn--krsh-wpa66k.kz,homoglyph,,no
krisha.kz,xn--krsh-wpa6j.kz,homoglyph,,no
krisha.kz,xn--krsh-wpa8k.kz,homoglyph,,no
krisha.kz,xn--krsh-y6b1974b.kz,homoglyph,,no
krisha.kz,xn--krsh-y6b1g.kz,homoglyph,,no
krisha.kz,xn--krsh-y6b3084b.kz,homoglyph,,no
krisha.kz,xn--krsh-y6b3h.kz,homoglyph,,no
krisha.kz,xn--krsh-y6b7g.kz,homoglyph,,no
krisha.kz,xn--krsha-0sa.kz,homoglyph,,no
krisha.kz,xn--krsha-16b.kz,homoglyph,,no
krisha.kz,xn--krsha-5nc.kz,homoglyph,,no
krisha.kz,xn--krsha-6sa.kz,homoglyph,,no
krisha.kz,xn--krsha-75a.kz,homoglyph,,no
krisha.kz,xn--krsha-b3a.kz,homoglyph,,no
krisha.kz,xn--krsha-c4a.kz,homoglyph,,no
krisha.kz,xn--krsha-coc.kz,homoglyph,,no
krisha.kz,xn--krsha-dta.kz,homoglyph,,no
krisha.kz,xn--krsha-f81b.kz,homoglyph,,no
krisha.kz,xn--krsha-ioc.kz,homoglyph,,no
krisha.kz,xn--krsha-k6a.kz,homoglyph,,no
krisha.kz,xn--krsha-l7a.kz,homoglyph,,no
krisha.kz,xn--krsha-n3a.kz,homoglyph,,no
krisha.kz,xn--krsha-o4a.kz,homoglyph,,no
krisha.kz,xn--krsha-r81b.kz,homoglyph,,no
krisha.kz,xn--krsha-usa.kz,homoglyph,,no
krisha.kz,xn--krsha-w6a.kz,homoglyph,,no
krisha.kz,xn--krsha-xwb.kz,homoglyph,,no
krisha.kz,xn--krsha-z3a.kz,homoglyph,,no
krisha.kz,xn--krsha-znc.kz,homoglyph,,no
krisha.kz,xn--krslha-41c.kz,homoglyph,,no
krisha.kz,xn--krslha-47a.kz,homoglyph,,no
krisha.kz,xn--krslha-4va.kz,homoglyph,,no
krisha.kz,xn--krslha-c2c.kz,homoglyph,,no
krisha.kz,xn--krslha-c9a.kz,homoglyph,,no
krisha.kz,xn--krslha-cjc.kz,homoglyph,,no
krisha.kz,xn--krslha-cl8b.kz,homoglyph,,no
krisha.kz,xn--krslha-cwa.kz,homoglyph,,no
krisha.kz,xn--krslha-j6b.kz,homoglyph,,no
krisha.kz,xn--krslha-j8a.kz,homoglyph,,no
krisha.kz,xn--krslha-jwa.kz,homoglyph,,no
krisha.kz,xn--krslha-q9a.kz,homoglyph,,no
krisha.kz,xn--krslha-x1c.kz,homoglyph,,no
krisha.kz,xn--krslha-x8a.kz,homoglyph,,no
krisha.kz,xn--krslha-xk8b.kz,homoglyph,,no
krisha.kz,xn--krslha-xva.kz,homoglyph,,no
krisha.kz,xn--ksha-04a04e.kz,homoglyph,,no
krisha.kz,xn--ksha-04a2436b.kz,homoglyph,,no
krisha.kz,xn--ksha-04a25n.kz,homoglyph,,no
krisha.kz,xn--ksha-04a4536b.kz,homoglyph,,no
krisha.kz,xn--ksha-04a46n.kz,homoglyph,,no
krisha.kz,xn--ksha-04a49h.kz,homoglyph,,no
krisha.kz,xn--ksha-04a85n.kz,homoglyph,,no
krisha.kz,xn--ksha-08b1304b.kz,homoglyph,,no
krisha.kz,xn--ksha-08b3404b.kz,homoglyph,,no
krisha.kz,xn--ksha-08b3j.kz,homoglyph,,no
krisha.kz,xn--ksha-08b5k.kz,homoglyph,,no
krisha.kz,xn--ksha-08b7604b.kz,homoglyph,,no
krisha.kz,xn--ksha-08b7l.kz,homoglyph,,no
krisha.kz,xn--ksha-08b9j.kz,homoglyph,,no
krisha.kz,xn--ksha-0cc0954b.kz,homoglyph,,no
krisha.kz,xn--ksha-0cc8754b.kz,homoglyph,,no
krisha.kz,xn--ksha-0pa10v.kz,homoglyph,,no
krisha.kz,xn--ksha-0pa1136b.kz,homoglyph,,no
krisha.kz,xn--ksha-0pa13d.kz,homoglyph,,no
krisha.kz,xn--ksha-0pa17o.kz,homoglyph,,no
krisha.kz,xn--ksha-0pa31v.kz,homoglyph,,no
krisha.kz,xn--ksha-0pa34d.kz,homoglyph,,no
krisha.kz,xn--ksha-0pa52v.kz,homoglyph,,no
krisha.kz,xn--ksha-0pa5336b.kz,homoglyph,,no
krisha.kz,xn--ksha-0pa55d.kz,homoglyph,,no
krisha.kz,xn--ksha-0pa70v.kz,homoglyph,,no
krisha.kz,xn--ksha-0pa91s.kz,homoglyph,,no
krisha.kz,xn--ksha-0pa95o.kz,homoglyph,,no
krisha.kz,xn--ksha-0pa9926b.kz,homoglyph,,no
krisha.kz,xn--ksha-0ya1295b.kz,homoglyph,,no
krisha.kz,xn--ksha-0ya14o.kz,homoglyph,,no
krisha.kz,xn--ksha-0ya18k.kz,homoglyph,,no
krisha.kz,xn--ksha-0ya32r.kz,homoglyph,,no
krisha.kz,xn--ksha-0ya3395b.kz,homoglyph,,no
krisha.kz,xn--ksha-0ya39k.kz,homoglyph,,no
krisha.kz,xn--ksha-0ya3v.kz,homoglyph,,no
krisha.kz,xn--ksha-0ya53r.kz,homoglyph,,no
krisha.kz,xn--ksha-0ya5w.kz,homoglyph,,no
krisha.kz,xn--ksha-0ya74r.kz,homoglyph,,no
krisha.kz,xn--ksha-0ya7595b.kz,homoglyph,,no
krisha.kz,xn--ksha-0ya7x.kz,homoglyph,,no
krisha.kz,xn--ksha-0ya92r.kz,homoglyph,,no
krisha.kz,xn--ksha-54b2o.kz,homoglyph,,no
krisha.kz,xn--ksha-54b6684b.kz,homoglyph,,no
krisha.kz,xn--ksha-54b6n.kz,homoglyph,,no
krisha.kz,xn--ksha-54b8784b.kz,homoglyph,,no
krisha.kz,xn--ksha-54b8o.kz,homoglyph,,no
krisha.kz,xn--ksha-58b1604b.kz,homoglyph,,no
krisha.kz,xn--ksha-58b1l.kz,homoglyph,,no
krisha.kz,xn--ksha-58b3j.kz,homoglyph,,no
krisha.kz,xn--ksha-58b5204b.kz,homoglyph,,no
krisha.kz,xn--ksha-58b7304b.kz,homoglyph,,no
krisha.kz,xn--ksha-58b7i.kz,homoglyph,,no
krisha.kz,xn--ksha-58b9j.kz,homoglyph,,no
krisha.kz,xn--ksha-5cc2754b.kz,homoglyph,,no
krisha.kz,xn--ksha-5cc4854b.kz,homoglyph,,no
krisha.kz,xn--ksha-5g5a83a.kz,homoglyph,,no
krisha.kz,xn--ksha-5g5aw3a.kz,homoglyph,,no
krisha.kz,xn--ksha-5pa10v.kz,homoglyph,,no
krisha.kz,xn--ksha-5pa31s.kz,homoglyph,,no
krisha.kz,xn--ksha-5pa35o.kz,homoglyph,,no
krisha.kz,xn--ksha-5pa3926b.kz,homoglyph,,no
krisha.kz,xn--ksha-5pa5036b.kz,homoglyph,,no
krisha.kz,xn--ksha-5pa52d.kz,homoglyph,,no
krisha.kz,xn--ksha-5pa56o.kz,homoglyph,,no
krisha.kz,xn--ksha-5pa59u.kz,homoglyph,,no
krisha.kz,xn--ksha-5pa70v.kz,homoglyph,,no
krisha.kz,xn--ksha-5pa73d.kz,homoglyph,,no
krisha.kz,xn--ksha-5pa91v.kz,homoglyph,,no
krisha.kz,xn--ksha-5pa9236b.kz,homoglyph,,no
krisha.kz,xn--ksha-5pa94d.kz,homoglyph,,no
krisha.kz,xn--ksha-b5a0336b.kz,homoglyph,,no
krisha.kz,xn--ksha-b5a04n.kz,homoglyph,,no
krisha.kz,xn--ksha-b5a2436b.kz,homoglyph,,no
krisha.kz,xn--ksha-b5a25n.kz,homoglyph,,no
krisha.kz,xn--ksha-b5a28h.kz,homoglyph,,no
krisha.kz,xn--ksha-b5a64n.kz,homoglyph,,no
krisha.kz,xn--ksha-b5a82e.kz,homoglyph,,no
krisha.kz,xn--ksha-b9b1304b.kz,homoglyph,,no
krisha.kz,xn--ksha-b9b1i.kz,homoglyph,,no
krisha.kz,xn--ksha-b9b3j.kz,homoglyph,,no
krisha.kz,xn--ksha-b9b5504b.kz,homoglyph,,no
krisha.kz,xn--ksha-b9b5k.kz,homoglyph,,no
krisha.kz,xn--ksha-b9b7i.kz,homoglyph,,no
krisha.kz,xn--ksha-b9b9104b.kz,homoglyph,,no
krisha.kz,xn--ksha-bnb15h.kz,homoglyph,,no
krisha.kz,xn--ksha-bnb30b.kz,homoglyph,,no
krisha.kz,xn--ksha-bnb3494b.kz,homoglyph,,no
krisha.kz,xn--ksha-bnb36e.kz,homoglyph,,no
krisha.kz,xn--ksha-bnb51b.kz,homoglyph,,no
krisha.kz,xn--ksha-bnb54h.kz,homoglyph,,no
krisha.kz,xn--ksha-bnb5594b.kz,homoglyph,,no
krisha.kz,xn--ksha-bnb75h.kz,homoglyph,,no
krisha.kz,xn--ksha-bnb96h.kz,homoglyph,,no
krisha.kz,xn--ksha-bnb9794b.kz,homoglyph,,no
krisha.kz,xn--ksha-bza11r.kz,homoglyph,,no
krisha.kz,xn--ksha-bza1295b.kz,homoglyph,,no
krisha.kz,xn--ksha-bza18k.kz,homoglyph,,no
krisha.kz,xn--ksha-bza1u.kz,homoglyph,,no
krisha.kz,xn--ksha-bza32r.kz,homoglyph,,no
krisha.kz,xn--ksha-bza3v.kz,homoglyph,,no
krisha.kz,xn--ksha-bza53r.kz,homoglyph,,no
krisha.kz,xn--ksha-bza5495b.kz,homoglyph,,no
krisha.kz,xn--ksha-bza5w.kz,homoglyph,,no
krisha.kz,xn--ksha-bza71r.kz,homoglyph,,no
krisha.kz,xn--ksha-bza9095b.kz,homoglyph,,no
krisha.kz,xn--ksha-bza92o.kz,homoglyph,,no
krisha.kz,xn--ksha-bza96k.kz,homoglyph,,no
krisha.kz,xn--ksha-gdc0654b.kz,homoglyph,,no
krisha.kz,xn--ksha-gdc2754b.kz,homoglyph,,no
krisha.kz,xn--ksha-gya10a.kz,homoglyph,,no
krisha.kz,xn--ksha-gya17r.kz,homoglyph,,no
krisha.kz,xn--ksha-gya1895b.kz,homoglyph,,no
krisha.kz,xn--ksha-gya35r.kz,homoglyph,,no
krisha.kz,xn--ksha-gya50l.kz,homoglyph,,no
krisha.kz,xn--ksha-gya5495b.kz,homoglyph,,no
krisha.kz,xn--ksha-gya56o.kz,homoglyph,,no
krisha.kz,xn--ksha-gya71l.kz,homoglyph,,no
krisha.kz,xn--ksha-gya74r.kz,homoglyph,,no
krisha.kz,xn--ksha-gya7595b.kz,homoglyph,,no
krisha.kz,xn--ksha-gya7x.kz,homoglyph,,no
krisha.kz,xn--ksha-gya95r.kz,homoglyph,,no
krisha.kz,xn--ksha-gya9y.kz,homoglyph,,no
krisha.kz,xn--ksha-lwb24c.kz,homoglyph,,no
krisha.kz,xn--ksha-lwb6225b.kz,homoglyph,,no
krisha.kz,xn--ksha-lwb63c.kz,homoglyph,,no
krisha.kz,xn--ksha-lwb8325b.kz,homoglyph,,no
krisha.kz,xn--ksha-lwb84c.kz,homoglyph,,no
krisha.kz,xn--ksha-lza11r.kz,homoglyph,,no
krisha.kz,xn--ksha-lza1u.kz,homoglyph,,no
krisha.kz,xn--ksha-lza32r.kz,homoglyph,,no
krisha.kz,xn--ksha-lza3395b.kz,homoglyph,,no
krisha.kz,xn--ksha-lza3v.kz,homoglyph,,no
krisha.kz,xn--ksha-lza50r.kz,homoglyph,,no
krisha.kz,xn--ksha-lza71o.kz,homoglyph,,no
krisha.kz,xn--ksha-lza75k.kz,homoglyph,,no
krisha.kz,xn--ksha-lza7985b.kz,homoglyph,,no
krisha.kz,xn--ksha-lza9095b.kz,homoglyph,,no
krisha.kz,xn--ksha-lza96k.kz,homoglyph,,no
krisha.kz,xn--ksha-lza99q.kz,homoglyph,,no
krisha.kz,xn--ksha-lza9s.kz,homoglyph,,no
krisha.kz,xn--ksha-q4a07n.kz,homoglyph,,no
krisha.kz,xn--ksha-q4a25e.kz,homoglyph,,no
krisha.kz,xn--ksha-q4a4536b.kz,homoglyph,,no
krisha.kz,xn--ksha-q4a46n.kz,homoglyph,,no
krisha.kz,xn--ksha-q4a60i.kz,homoglyph,,no
krisha.kz,xn--ksha-q4a6636b.kz,homoglyph,,no
krisha.kz,xn--ksha-q4a67n.kz,homoglyph,,no
krisha.kz,xn--ksha-qh5a62a.kz,homoglyph,,no
krisha.kz,xn--ksha-qh5au2a.kz,homoglyph,,no
krisha.kz,xn--ksha-qpa1136b.kz,homoglyph,,no
krisha.kz,xn--ksha-qpa13s.kz,homoglyph,,no
krisha.kz,xn--ksha-qpa17o.kz,homoglyph,,no
krisha.kz,xn--ksha-qpa31v.kz,homoglyph,,no
krisha.kz,xn--ksha-qpa3236b.kz,homoglyph,,no
krisha.kz,xn--ksha-qpa34d.kz,homoglyph,,no
krisha.kz,xn--ksha-qpa38o.kz,homoglyph,,no
krisha.kz,xn--ksha-qpa52v.kz,homoglyph,,no
krisha.kz,xn--ksha-qpa55d.kz,homoglyph,,no
krisha.kz,xn--ksha-qpa73v.kz,homoglyph,,no
krisha.kz,xn--ksha-qpa7436b.kz,homoglyph,,no
krisha.kz,xn--ksha-qpa76d.kz,homoglyph,,no
krisha.kz,xn--ksha-qpa91v.kz,homoglyph,,no
krisha.kz,xn--ksha-qvb1064b.kz,homoglyph,,no
krisha.kz,xn--ksha-qvb19d.kz,homoglyph,,no
krisha.kz,xn--ksha-qvb1c.kz,homoglyph,,no
krisha.kz,xn--ksha-qvb30e.kz,homoglyph,,no
krisha.kz,xn--ksha-qvb51e.kz,homoglyph,,no
krisha.kz,xn--ksha-qvb5264b.kz,homoglyph,,no
krisha.kz,xn--ksha-qvb79d.kz,homoglyph,,no
krisha.kz,xn--ksha-qvb90b.kz,homoglyph,,no
krisha.kz,xn--ksha-qvb9854b.kz,homoglyph,,no
krisha.kz,xn--ksha-qvb9a.kz,homoglyph,,no
krisha.kz,xn--ksha-qya14r.kz,homoglyph,,no
krisha.kz,xn--ksha-qya3395b.kz,homoglyph,,no
krisha.kz,xn--ksha-qya35o.kz,homoglyph,,no
krisha.kz,xn--ksha-qya39k.kz,homoglyph,,no
krisha.kz,xn--ksha-qya50l.kz,homoglyph,,no
krisha.kz,xn--ksha-qya53r.kz,homoglyph,,no
krisha.kz,xn--ksha-qya5495b.kz,homoglyph,,no
krisha.kz,xn--ksha-qya5w.kz,homoglyph,,no
krisha.kz,xn--ksha-qya74r.kz,homoglyph,,no
krisha.kz,xn--ksha-qya7x.kz,homoglyph,,no
krisha.kz,xn--ksha-qya95r.kz,homoglyph,,no
krisha.kz,xn--ksha-qya9695b.kz,homoglyph,,no
krisha.kz,xn--ksha-qya9y.kz,homoglyph,,no
krisha.kz,xn--ksha-vcc4854b.kz,homoglyph,,no
krisha.kz,xn--ksha-vcc6954b.kz,homoglyph,,no
krisha.kz,xn--ksha-vg5a83a.kz,homoglyph,,no
krisha.kz,xn--ksha-vg5ay4a.kz,homoglyph,,no
krisha.kz,xn--ksha-vpa13v.kz,homoglyph,,no
krisha.kz,xn--ksha-vpa1436b.kz,homoglyph,,no
krisha.kz,xn--ksha-vpa16d.kz,homoglyph,,no
krisha.kz,xn--ksha-vpa31v.kz,homoglyph,,no
krisha.kz,xn--ksha-vpa5036b.kz,homoglyph,,no
krisha.kz,xn--ksha-vpa52s.kz,homoglyph,,no
krisha.kz,xn--ksha-vpa56o.kz,homoglyph,,no
krisha.kz,xn--ksha-vpa70v.kz,homoglyph,,no
krisha.kz,xn--ksha-vpa7136b.kz,homoglyph,,no
krisha.kz,xn--ksha-vpa73d.kz,homoglyph,,no
krisha.kz,xn--ksha-vpa77o.kz,homoglyph,,no
krisha.kz,xn--ksha-vpa91v.kz,homoglyph,,no
krisha.kz,xn--ksha-vpa94d.kz,homoglyph,,no
krisha.kz,xn--ksha-vwb03c.kz,homoglyph,,no
krisha.kz,xn--ksha-vwb4125b.kz,homoglyph,,no
krisha.kz,xn--ksha-vwb42c.kz,homoglyph,,no
krisha.kz,xn--ksha-vwb6225b.kz,homoglyph,,no
krisha.kz,xn--ksha-vwb63c.kz,homoglyph,,no
krisha.kz,xn--lcisha-45c.kz,homoglyph,,no
krisha.kz,xn--lcisha-c6c.kz,homoglyph,,no
krisha.kz,xn--lcisha-cib.kz,homoglyph,,no
krisha.kz,xn--lcisha-jkc.kz,homoglyph,,no
krisha.kz,xn--lcisha-jwc.kz,homoglyph,,no
krisha.kz,xn--lcisha-jx7b.kz,homoglyph,,no
krisha.kz,xn--lcisha-q6c.kz,homoglyph,,no
krisha.kz,xn--lcisha-qib.kz,homoglyph,,no
krisha.kz,xn--lcisha-qy7b.kz,homoglyph,,no
krisha.kz,xn--lcisha-x5c.kz,homoglyph,,no
krisha.kz,xn--lcisha-xhb.kz,homoglyph,,no
krisha.kz,xn--lcisha-xkc.kz,homoglyph,,no
krisha.kz,xn--lcisha-xx7b.kz,homoglyph,,no
krisha.kz,xn--lcriha-66c.kz,homoglyph,,no
krisha.kz,xn--lcriha-6ib.kz,homoglyph,,no
krisha.kz,xn--lcriha-6lc.kz,homoglyph,,no
krisha.kz,xn--lcriha-6y7b.kz,homoglyph,,no
krisha.kz,xn--lcriha-ekb.kz,homoglyph,,no
krisha.kz,xn--lcriha-ljb.kz,homoglyph,,no
krisha.kz,xn--lcriha-lz7b.kz,homoglyph,,no
krisha.kz,xn--lcriha-z37v.kz,homoglyph,,no
krisha.kz,xn--lcriha-zjb.kz,homoglyph,,no
krisha.kz,xn--lcrisa-0n7b.kz,homoglyph,,no
krisha.kz,xn--lcrisa-7m7b.kz,homoglyph,,no
krisha.kz,xn--lcrisa-f7a.kz,homoglyph,,no
krisha.kz,xn--lcrisa-fi8d.kz,homoglyph,,no
krisha.kz,xn--lcrisa-fnc.kz,homoglyph,,no
krisha.kz,xn--lcrisa-fo7b.kz,homoglyph,,no
krisha.kz,xn--lcrisa-m1c.kz,homoglyph,,no
krisha.kz,xn--lcrisa-mn7b.kz,homoglyph,,no
krisha.kz,xn--lcrisa-t7a.kz,homoglyph,,no
krisha.kz,xn--lcrisa-t97b.kz,homoglyph,,no
krisha.kz,xn--lcrisa-tm7b.kz,homoglyph,,no
krisha.kz,xn--lcrish-10a.kz,homoglyph,,no
krisha.kz,xn--lcrish-1c8b.kz,homoglyph,,no
krisha.kz,xn--lcrish-1oc.kz,homoglyph,,no
krisha.kz,xn--lcrish-1ta.kz,homoglyph,,no
krisha.kz,xn--lcrish-1yc.kz,homoglyph,,no
krisha.kz,xn--lcrish-85b.kz,homoglyph,,no
krisha.kz,xn--lcrish-8ta.kz,homoglyph,,no
krisha.kz,xn--lcrish-8za.kz,homoglyph,,no
krisha.kz,xn--lcrish-gua.kz,homoglyph,,no
krisha.kz,xn--lcrish-gxc.kz,homoglyph,,no
krisha.kz,xn--lcrish-n0a.kz,homoglyph,,no
krisha.kz,xn--lcrish-nta.kz,homoglyph,,no
krisha.kz,xn--lcrish-nua.kz,homoglyph,,no
krisha.kz,xn--lcrish-uta.kz,homoglyph,,no
krisha.kz,xn--lcrsha-51c.kz,homoglyph,,no
krisha.kz,xn--lcrsha-57a.kz,homoglyph,,no
krisha.kz,xn--lcrsha-5va.kz,homoglyph,,no
krisha.kz,xn--lcrsha-d2c.kz,homoglyph,,no
krisha.kz,xn--lcrsha-d9a.kz,homoglyph,,no
krisha.kz,xn--lcrsha-djc.kz,homoglyph,,no
krisha.kz,xn--lcrsha-dl8b.kz,homoglyph,,no
krisha.kz,xn--lcrsha-dwa.kz,homoglyph,,no
krisha.kz,xn--lcrsha-k6b.kz,homoglyph,,no
krisha.kz,xn--lcrsha-k8a.kz,homoglyph,,no
krisha.kz,xn--lcrsha-kwa.kz,homoglyph,,no
krisha.kz,xn--lcrsha-r9a.kz,homoglyph,,no
krisha.kz,xn--lcrsha-y1c.kz,homoglyph,,no
krisha.kz,xn--lcrsha-y8a.kz,homoglyph,,no
krisha.kz,xn--lcrsha-yk8b.kz,homoglyph,,no
krisha.kz,xn--lcrsha-yva.kz,homoglyph,,no
krisha.kz,xn--lrisha-31a.kz,homoglyph,,no
krisha.kz,xn--lrisha-3rb.kz,homoglyph,,no
krisha.kz,xn--lrisha-b1a.kz,homoglyph,,no
krisha.kz,xn--lrisha-bz5b.kz,homoglyph,,no
krisha.kz,xn--lrisha-i2a.kz,homoglyph,,no
krisha.kz,xn--lrisha-p1a.kz,homoglyph,,no
krisha.kz,xn--lrisha-wua.kz,homoglyph,,no
krisha.kz,xn--r1sha-50b.kz,homoglyph,,no
krisha.kz,xn--r1sha-hc9c.kz,homoglyph,,no
krisha.kz,xn--r1sha-n5a.kz,homoglyph,,no
krisha.kz,xn--r1sha-ni1b.kz,homoglyph,,no
krisha.kz,xn--r1sha-t5a.kz,homoglyph,,no
krisha.kz,xn--r1sha-w19a.kz,homoglyph,,no
krisha.kz,xn--r1sha-zi1b.kz,homoglyph,,no
krisha.kz,xn--riha-1h5ar39g.kz,homoglyph,,no
krisha.kz,xn--riha-423a46g.kz,homoglyph,,no
krisha.kz,xn--riha-423a4857g.kz,homoglyph,,no
krisha.kz,xn--riha-423au7g.kz,homoglyph,,no
krisha.kz,xn--riha-65a1935b.kz,homoglyph,,no
krisha.kz,xn--riha-65a3045b.kz,homoglyph,,no
krisha.kz,xn--riha-65a5163b.kz,homoglyph,,no
krisha.kz,xn--riha-65a5227d.kz,homoglyph,,no
krisha.kz,xn--riha-65a93f.kz,homoglyph,,no
krisha.kz,xn--riha-949bn756e.kz,homoglyph,,no
krisha.kz,xn--riha-ci5a129g.kz,homoglyph,,no
krisha.kz,xn--riha-f0a20r.kz,homoglyph,,no
krisha.kz,xn--riha-f0a2195b.kz,homoglyph,,no
krisha.kz,xn--riha-f0a27k.kz,homoglyph,,no
krisha.kz,xn--riha-f0a2t.kz,homoglyph,,no
krisha.kz,xn--riha-f0a4295b.kz,homoglyph,,no
krisha.kz,xn--riha-f0a4u.kz,homoglyph,,no
krisha.kz,xn--riha-f0a6506w.kz,homoglyph,,no
krisha.kz,xn--riha-f0a6v.kz,homoglyph,,no
krisha.kz,xn--riha-f0a8w.kz,homoglyph,,no
krisha.kz,xn--riha-fb5a0m.kz,homoglyph,,no
krisha.kz,xn--riha-fb5ao876g.kz,homoglyph,,no
krisha.kz,xn--riha-fb5aom.kz,homoglyph,,no
krisha.kz,xn--riha-h6a1935b.kz,homoglyph,,no
krisha.kz,xn--riha-h6a3063b.kz,homoglyph,,no
krisha.kz,xn--riha-h6a3127d.kz,homoglyph,,no
krisha.kz,xn--riha-h6a72f.kz,homoglyph,,no
krisha.kz,xn--riha-h6a9735b.kz,homoglyph,,no
krisha.kz,xn--riha-k0a0506w.kz,homoglyph,,no
krisha.kz,xn--riha-k0a0v.kz,homoglyph,,no
krisha.kz,xn--riha-k0a2w.kz,homoglyph,,no
krisha.kz,xn--riha-k0a6095b.kz,homoglyph,,no
krisha.kz,xn--riha-k0a66k.kz,homoglyph,,no
krisha.kz,xn--riha-k0a69q.kz,homoglyph,,no
krisha.kz,xn--riha-k0a6s.kz,homoglyph,,no
krisha.kz,xn--riha-k0a8195b.kz,homoglyph,,no
krisha.kz,xn--riha-k0a8t.kz,homoglyph,,no
krisha.kz,xn--riha-m5a36f.kz,homoglyph,,no
krisha.kz,xn--riha-m5a5145b.kz,homoglyph,,no
krisha.kz,xn--riha-m5a7245b.kz,homoglyph,,no
krisha.kz,xn--riha-m5a9363b.kz,homoglyph,,no
krisha.kz,xn--riha-m5a9427d.kz,homoglyph,,no
krisha.kz,xn--riha-pb5aom.kz,homoglyph,,no
krisha.kz,xn--riha-pb5ay776g.kz,homoglyph,,no
krisha.kz,xn--riha-pb5ayl.kz,homoglyph,,no
krisha.kz,xn--riha-rdc5463b.kz,homoglyph,,no
krisha.kz,xn--riha-rdc7563b.kz,homoglyph,,no
krisha.kz,xn--riha-rdc9681b.kz,homoglyph,,no
krisha.kz,xn--riha-rdc9745d.kz,homoglyph,,no
krisha.kz,xn--riha-rxb5724b.kz,homoglyph,,no
krisha.kz,xn--riha-rxb7824b.kz,homoglyph,,no
krisha.kz,xn--riha-rxb9016d.kz,homoglyph,,no
krisha.kz,xn--riha-rxb9942b.kz,homoglyph,,no
krisha.kz,xn--riha-uqb40a.kz,homoglyph,,no
krisha.kz,xn--riha-uqb43g.kz,homoglyph,,no
krisha.kz,xn--riha-uqb4484b.kz,homoglyph,,no
krisha.kz,xn--riha-uqb6584b.kz,homoglyph,,no
krisha.kz,xn--riha-uqb8894w.kz,homoglyph,,no
krisha.kz,xn--riha-w5a15f.kz,homoglyph,,no
krisha.kz,xn--riha-w5a3045b.kz,homoglyph,,no
krisha.kz,xn--riha-w5a5145b.kz,homoglyph,,no
krisha.kz,xn--riha-w5a7263b.kz,homoglyph,,no
krisha.kz,xn--riha-w5a7327d.kz,homoglyph,,no
krisha.kz,xn--risa-249bi.kz,homoglyph,,no
krisha.kz,xn--risa-284a8b.kz,homoglyph,,no
krisha.kz,xn--risa-284aw80h.kz,homoglyph,,no
krisha.kz,xn--risa-284ayc.kz,homoglyph,,no
krisha.kz,xn--risa-423a79e.kz,homoglyph,,no
krisha.kz,xn--risa-423a90f.kz,homoglyph,,no
krisha.kz,xn--risa-423ap2f.kz,homoglyph,,no
krisha.kz,xn--risa-423ar68h.kz,homoglyph,,no
krisha.kz,xn--risa-423at1i.kz,homoglyph,,no
krisha.kz,xn--risa-423ax0f.kz,homoglyph,,no
krisha.kz,xn--risa-423az1f.kz,homoglyph,,no
krisha.kz,xn--risa-774a0d.kz,homoglyph,,no
krisha.kz,xn--risa-774ao01h.kz,homoglyph,,no
krisha.kz,xn--risa-774aqe.kz,homoglyph,,no
krisha.kz,xn--risa-7xa0593b.kz,homoglyph,,no
krisha.kz,xn--risa-7xa0657d.kz,homoglyph,,no
krisha.kz,xn--risa-7xa2h.kz,homoglyph,,no
krisha.kz,xn--risa-7xa47i.kz,homoglyph,,no
krisha.kz,xn--risa-7xa6275b.kz,homoglyph,,no
krisha.kz,xn--risa-7xa6g.kz,homoglyph,,no
krisha.kz,xn--risa-7xa8375b.kz,homoglyph,,no
krisha.kz,xn--risa-d94a670h.kz,homoglyph,,no
krisha.kz,xn--risa-d94a8b.kz,homoglyph,,no
krisha.kz,xn--risa-d94awb.kz,homoglyph,,no
krisha.kz,xn--risa-f0a1326b.kz,homoglyph,,no
krisha.kz,xn--risa-f0a1455b.kz,homoglyph,,no
krisha.kz,xn--risa-f0a3555b.kz,homoglyph,,no
krisha.kz,xn--risa-f0a53p.kz,homoglyph,,no
krisha.kz,xn--risa-f0a5655b.kz,homoglyph,,no
krisha.kz,xn--risa-f0a7755b.kz,homoglyph,,no
krisha.kz,xn--risa-f0a90l.kz,homoglyph,,no
krisha.kz,xn--risa-f0a9547d.kz,homoglyph,,no
krisha.kz,xn--risa-f0a9855b.kz,homoglyph,,no
krisha.kz,xn--risa-fb5ax50h.kz,homoglyph,,no
krisha.kz,xn--risa-fb5az0a.kz,homoglyph,,no
krisha.kz,xn--risa-i84a0d.kz,homoglyph,,no
krisha.kz,xn--risa-i84aod.kz,homoglyph,,no
krisha.kz,xn--risa-i84ay90h.kz,homoglyph,,no
krisha.kz,xn--risa-k0a1755b.kz,homoglyph,,no
krisha.kz,xn--risa-k0a30l.kz,homoglyph,,no
krisha.kz,xn--risa-k0a3547d.kz,homoglyph,,no
krisha.kz,xn--risa-k0a3855b.kz,homoglyph,,no
krisha.kz,xn--risa-k0a5226b.kz,homoglyph,,no
krisha.kz,xn--risa-k0a5355b.kz,homoglyph,,no
krisha.kz,xn--risa-k0a7455b.kz,homoglyph,,no
krisha.kz,xn--risa-k0a92p.kz,homoglyph,,no
krisha.kz,xn--risa-k0a9555b.kz,homoglyph,,no
krisha.kz,xn--risa-np5a287g.kz,homoglyph,,no
krisha.kz,xn--risa-nyb0524b.kz,homoglyph,,no
krisha.kz,xn--risa-nyb2642b.kz,homoglyph,,no
krisha.kz,xn--risa-nyb2706d.kz,homoglyph,,no
krisha.kz,xn--risa-nyb8324b.kz,homoglyph,,no
krisha.kz,xn--risa-pb5a740h.kz,homoglyph,,no
krisha.kz,xn--risa-pb5a9z.kz,homoglyph,,no
krisha.kz,xn--risa-s84a880h.kz,homoglyph,,no
krisha.kz,xn--risa-s84aod.kz,homoglyph,,no
krisha.kz,xn--risa-s84ayc.kz,homoglyph,,no
krisha.kz,xn--risa-s8b2183b.kz,homoglyph,,no
krisha.kz,xn--risa-s8b4283b.kz,homoglyph,,no
krisha.kz,xn--risa-s8b6302b.kz,homoglyph,,no
krisha.kz,xn--risa-s8b6465d.kz,homoglyph,,no
krisha.kz,xn--risa-uqb1254b.kz,homoglyph,,no
krisha.kz,xn--risa-uqb14a.kz,homoglyph,,no
krisha.kz,xn--risa-uqb1936d.kz,homoglyph,,no
krisha.kz,xn--risa-uqb3615b.kz,homoglyph,,no
krisha.kz,xn--risa-uqb3744b.kz,homoglyph,,no
krisha.kz,xn--risa-uqb5844b.kz,homoglyph,,no
krisha.kz,xn--risa-uqb76e.kz,homoglyph,,no
krisha.kz,xn--risa-uqb7944b.kz,homoglyph,,no
krisha.kz,xn--risa-uqb9054b.kz,homoglyph,,no
krisha.kz,xn--risa-xxa0575b.kz,homoglyph,,no
krisha.kz,xn--risa-xxa2693b.kz,homoglyph,,no
krisha.kz,xn--risa-xxa2757d.kz,homoglyph,,no
krisha.kz,xn--risa-xxa4i.kz,homoglyph,,no
krisha.kz,xn--risa-xxa68i.kz,homoglyph,,no
krisha.kz,xn--risa-xxa8375b.kz,homoglyph,,no
krisha.kz,xn--risa-xxa8h.kz,homoglyph,,no
krisha.kz,xn--rish-3mb1n.kz,homoglyph,,no
krisha.kz,xn--rish-3mb3274b.kz,homoglyph,,no
krisha.kz,xn--rish-3mb5374b.kz,homoglyph,,no
krisha.kz,xn--rish-3mb7492b.kz,homoglyph,,no
krisha.kz,xn--rish-3mb7556d.kz,homoglyph,,no
krisha.kz,xn--rish-3na13c.kz,homoglyph,,no
krisha.kz,xn--rish-3na1516b.kz,homoglyph,,no
krisha.kz,xn--rish-3na3616b.kz,homoglyph,,no
krisha.kz,xn--rish-3na5734b.kz,homoglyph,,no
krisha.kz,xn--rish-3na5897d.kz,homoglyph,,no
krisha.kz,xn--rish-3na73c.kz,homoglyph,,no
krisha.kz,xn--rish-3na99m.kz,homoglyph,,no
krisha.kz,xn--rish-3sa12a.kz,homoglyph,,no
krisha.kz,xn--rish-3sa1495b.kz,homoglyph,,no
krisha.kz,xn--rish-3sa3595b.kz,homoglyph,,no
krisha.kz,xn--rish-3sa5614b.kz,homoglyph,,no
krisha.kz,xn--rish-3sa5777d.kz,homoglyph,,no
krisha.kz,xn--rish-3sa72a.kz,homoglyph,,no
krisha.kz,xn--rish-3sa98k.kz,homoglyph,,no
krisha.kz,xn--rish-423au4i.kz,homoglyph,,no
krisha.kz,xn--rish-8na13c.kz,homoglyph,,no
krisha.kz,xn--rish-8na39m.kz,homoglyph,,no
krisha.kz,xn--rish-8na52c.kz,homoglyph,,no
krisha.kz,xn--rish-8na5416b.kz,homoglyph,,no
krisha.kz,xn--rish-8na7516b.kz,homoglyph,,no
krisha.kz,xn--rish-8na9634b.kz,homoglyph,,no
krisha.kz,xn--rish-8na9797d.kz,homoglyph,,no
krisha.kz,xn--rish-8q5a157g.kz,homoglyph,,no
krisha.kz,xn--rish-eoa1516b.kz,homoglyph,,no
krisha.kz,xn--rish-eoa3634b.kz,homoglyph,,no
krisha.kz,xn--rish-eoa3797d.kz,homoglyph,,no
krisha.kz,xn--rish-eoa52c.kz,homoglyph,,no
krisha.kz,xn--rish-eoa78m.kz,homoglyph,,no
krisha.kz,xn--rish-eoa91c.kz,homoglyph,,no
krisha.kz,xn--rish-eoa9316b.kz,homoglyph,,no
krisha.kz,xn--rish-eta1495b.kz,homoglyph,,no
krisha.kz,xn--rish-eta3514b.kz,homoglyph,,no
krisha.kz,xn--rish-eta3677d.kz,homoglyph,,no
krisha.kz,xn--rish-eta51a.kz,homoglyph,,no
krisha.kz,xn--rish-eta77k.kz,homoglyph,,no
krisha.kz,xn--rish-eta90a.kz,homoglyph,,no
krisha.kz,xn--rish-eta9295b.kz,homoglyph,,no
krisha.kz,xn--rish-f0a01o.kz,homoglyph,,no
krisha.kz,xn--rish-f0a42g.kz,homoglyph,,no
krisha.kz,xn--rish-f0a85l.kz,homoglyph,,no
krisha.kz,xn--rish-f0a85o.kz,homoglyph,,no
krisha.kz,xn--rish-f0a8926b.kz,homoglyph,,no
krisha.kz,xn--rish-fb5a03a.kz,homoglyph,,no
krisha.kz,xn--rish-joa18m.kz,homoglyph,,no
krisha.kz,xn--rish-joa31c.kz,homoglyph,,no
krisha.kz,xn--rish-joa3316b.kz,homoglyph,,no
krisha.kz,xn--rish-joa5416b.kz,homoglyph,,no
krisha.kz,xn--rish-joa7534b.kz,homoglyph,,no
krisha.kz,xn--rish-joa7697d.kz,homoglyph,,no
krisha.kz,xn--rish-joa91c.kz,homoglyph,,no
krisha.kz,xn--rish-k0a25l.kz,homoglyph,,no
krisha.kz,xn--rish-k0a25o.kz,homoglyph,,no
krisha.kz,xn--rish-k0a2926b.kz,homoglyph,,no
krisha.kz,xn--rish-k0a40o.kz,homoglyph,,no
krisha.kz,xn--rish-k0a81g.kz,homoglyph,,no
krisha.kz,xn--rish-ooa1534b.kz,homoglyph,,no
krisha.kz,xn--rish-ooa1697d.kz,homoglyph,,no
krisha.kz,xn--rish-ooa31c.kz,homoglyph,,no
krisha.kz,xn--rish-ooa57m.kz,homoglyph,,no
krisha.kz,xn--rish-ooa70c.kz,homoglyph,,no
krisha.kz,xn--rish-ooa7216b.kz,homoglyph,,no
krisha.kz,xn--rish-ooa9316b.kz,homoglyph,,no
krisha.kz,xn--rish-pb5ao3a.kz,homoglyph,,no
krisha.kz,xn--rish-t5b1612b.kz,homoglyph,,no
krisha.kz,xn--rish-t5b1775d.kz,homoglyph,,no
krisha.kz,xn--rish-t5b7393b.kz,homoglyph,,no
krisha.kz,xn--rish-t5b9493b.kz,homoglyph,,no
krisha.kz,xn--rish-toa10c.kz,homoglyph,,no
krisha.kz,xn--rish-toa1216b.kz,homoglyph,,no
krisha.kz,xn--rish-toa3316b.kz,homoglyph,,no
krisha.kz,xn--rish-toa5434b.kz,homoglyph,,no
krisha.kz,xn--rish-toa5597d.kz,homoglyph,,no
krisha.kz,xn--rish-toa70c.kz,homoglyph,,no
krisha.kz,xn--rish-toa96m.kz,homoglyph,,no
krisha.kz,xn--rish-tsa10l.kz,homoglyph,,no
krisha.kz,xn--rish-tsa33a.kz,homoglyph,,no
krisha.kz,xn--rish-tsa3595b.kz,homoglyph,,no
krisha.kz,xn--rish-tsa5695b.kz,homoglyph,,no
krisha.kz,xn--rish-tsa7714b.kz,homoglyph,,no
krisha.kz,xn--rish-tsa7877d.kz,homoglyph,,no
krisha.kz,xn--rish-tsa93a.kz,homoglyph,,no
krisha.kz,xn--rish-tzb1024b.kz,homoglyph,,no
krisha.kz,xn--rish-tzb3142b.kz,homoglyph,,no
krisha.kz,xn--rish-tzb3206d.kz,homoglyph,,no
krisha.kz,xn--rish-tzb9814b.kz,homoglyph,,no
krisha.kz,xn--rish-uqb0325b.kz,homoglyph,,no
krisha.kz,xn--rish-uqb09a.kz,homoglyph,,no
krisha.kz,xn--rish-uqb09d.kz,homoglyph,,no
krisha.kz,xn--rish-uqb24d.kz,homoglyph,,no
krisha.kz,xn--rish-y6b1093b.kz,homoglyph,,no
krisha.kz,xn--rish-y6b3112b.kz,homoglyph,,no
krisha.kz,xn--rish-y6b3275d.kz,homoglyph,,no
krisha.kz,xn--rish-y6b9883b.kz,homoglyph,,no
krisha.kz,xn--risha-50b.kz,homoglyph,,no
krisha.kz,xn--risha-hc9c.kz,homoglyph,,no
krisha.kz,xn--risha-n5a.kz,homoglyph,,no
krisha.kz,xn--risha-ni1b.kz,homoglyph,,no
krisha.kz,xn--risha-t5a.kz,homoglyph,,no
krisha.kz,xn--risha-w19a.kz,homoglyph,,no
krisha.kz,xn--risha-zi1b.kz,homoglyph,,no
krisha.kz,xn--rislha-2bb.kz,homoglyph,,no
krisha.kz,xn--rislha-9p7b.kz,homoglyph,,no
krisha.kz,xn--rislha-hcc.kz,homoglyph,,no
krisha.kz,xn--rislha-o05b.kz,homoglyph,,no
krisha.kz,xn--rislha-oi8d.kz,homoglyph,,no
krisha.kz,xn--rislha-vbb.kz,homoglyph,,no
krisha.kz,xn--rislha-vp7b.kz,homoglyph,,no
krisha.kz,xn--rlsha-50b.kz,homoglyph,,no
krisha.kz,xn--rlsha-hc9c.kz,homoglyph,,no
krisha.kz,xn--rlsha-n5a.kz,homoglyph,,no
krisha.kz,xn--rlsha-ni1b.kz,homoglyph,,no
krisha.kz,xn--rlsha-t5a.kz,homoglyph,,no
krisha.kz,xn--rlsha-w19a.kz,homoglyph,,no
krisha.kz,xn--rlsha-zi1b.kz,homoglyph,,no
krisha.kz,xn--rsha-08b2083b.kz,homoglyph,,no
krisha.kz,xn--rsha-08b4183b.kz,homoglyph,,no
krisha.kz,xn--rsha-08b6202b.kz,homoglyph,,no
krisha.kz,xn--rsha-08b6365d.kz,homoglyph,,no
krisha.kz,xn--rsha-0pa05b.kz,homoglyph,,no
krisha.kz,xn--rsha-0pa0706b.kz,homoglyph,,no
krisha.kz,xn--rsha-0pa2806b.kz,homoglyph,,no
krisha.kz,xn--rsha-0pa4097d.kz,homoglyph,,no
krisha.kz,xn--rsha-0pa4924b.kz,homoglyph,,no
krisha.kz,xn--rsha-0pa65b.kz,homoglyph,,no
krisha.kz,xn--rsha-0pa81m.kz,homoglyph,,no
krisha.kz,xn--rsha-0ya04i.kz,homoglyph,,no
krisha.kz,xn--rsha-0ya2965b.kz,homoglyph,,no
krisha.kz,xn--rsha-0ya2d.kz,homoglyph,,no
krisha.kz,xn--rsha-0ya4075b.kz,homoglyph,,no
krisha.kz,xn--rsha-0ya6193b.kz,homoglyph,,no
krisha.kz,xn--rsha-0ya6257d.kz,homoglyph,,no
krisha.kz,xn--rsha-0ya8d.kz,homoglyph,,no
krisha.kz,xn--rsha-423a15j.kz,homoglyph,,no
krisha.kz,xn--rsha-423ap5j.kz,homoglyph,,no
krisha.kz,xn--rsha-58b0202b.kz,homoglyph,,no
krisha.kz,xn--rsha-58b0365d.kz,homoglyph,,no
krisha.kz,xn--rsha-58b6973b.kz,homoglyph,,no
krisha.kz,xn--rsha-58b8083b.kz,homoglyph,,no
krisha.kz,xn--rsha-5pa05b.kz,homoglyph,,no
krisha.kz,xn--rsha-5pa21m.kz,homoglyph,,no
krisha.kz,xn--rsha-5pa44b.kz,homoglyph,,no
krisha.kz,xn--rsha-5pa4606b.kz,homoglyph,,no
krisha.kz,xn--rsha-5pa6706b.kz,homoglyph,,no
krisha.kz,xn--rsha-5pa8824b.kz,homoglyph,,no
krisha.kz,xn--rsha-5pa8987d.kz,homoglyph,,no
krisha.kz,xn--rsha-5w5au46g.kz,homoglyph,,no
krisha.kz,xn--rsha-b9b0973b.kz,homoglyph,,no
krisha.kz,xn--rsha-b9b2083b.kz,homoglyph,,no
krisha.kz,xn--rsha-b9b4102b.kz,homoglyph,,no
krisha.kz,xn--rsha-b9b4265d.kz,homoglyph,,no
krisha.kz,xn--rsha-bnb2m.kz,homoglyph,,no
krisha.kz,xn--rsha-bnb4174b.kz,homoglyph,,no
krisha.kz,xn--rsha-bnb6274b.kz,homoglyph,,no
krisha.kz,xn--rsha-bnb8392b.kz,homoglyph,,no
krisha.kz,xn--rsha-bnb8456d.kz,homoglyph,,no
krisha.kz,xn--rsha-bza0865b.kz,homoglyph,,no
krisha.kz,xn--rsha-bza0c.kz,homoglyph,,no
krisha.kz,xn--rsha-bza2965b.kz,homoglyph,,no
krisha.kz,xn--rsha-bza4093b.kz,homoglyph,,no
krisha.kz,xn--rsha-bza4157d.kz,homoglyph,,no
krisha.kz,xn--rsha-bza6c.kz,homoglyph,,no
krisha.kz,xn--rsha-bza82i.kz,homoglyph,,no
krisha.kz,xn--rsha-f0a15p.kz,homoglyph,,no
krisha.kz,xn--rsha-f0a33g.kz,homoglyph,,no
krisha.kz,xn--rsha-f0a5356b.kz,homoglyph,,no
krisha.kz,xn--rsha-f0a54p.kz,homoglyph,,no
krisha.kz,xn--rsha-f0a7456b.kz,homoglyph,,no
krisha.kz,xn--rsha-f0a75p.kz,homoglyph,,no
krisha.kz,xn--rsha-f0a78j.kz,homoglyph,,no
krisha.kz,xn--rsha-fb5a74b.kz,homoglyph,,no
krisha.kz,xn--rsha-fb5av4b.kz,homoglyph,,no
krisha.kz,xn--rsha-gya0493b.kz,homoglyph,,no
krisha.kz,xn--rsha-gya0557d.kz,homoglyph,,no
krisha.kz,xn--rsha-gya2g.kz,homoglyph,,no
krisha.kz,xn--rsha-gya46i.kz,homoglyph,,no
krisha.kz,xn--rsha-gya6175b.kz,homoglyph,,no
krisha.kz,xn--rsha-gya6f.kz,homoglyph,,no
krisha.kz,xn--rsha-gya8275b.kz,homoglyph,,no
krisha.kz,xn--rsha-k0a1456b.kz,homoglyph,,no
krisha.kz,xn--rsha-k0a15p.kz,homoglyph,,no
krisha.kz,xn--rsha-k0a18j.kz,homoglyph,,no
krisha.kz,xn--rsha-k0a54p.kz,homoglyph,,no
krisha.kz,xn--rsha-k0a72g.kz,homoglyph,,no
krisha.kz,xn--rsha-k0a9256b.kz,homoglyph,,no
krisha.kz,xn--rsha-k0a93p.kz,homoglyph,,no
krisha.kz,xn--rsha-lza0865b.kz,homoglyph,,no
krisha.kz,xn--rsha-lza2057d.kz,homoglyph,,no
krisha.kz,xn--rsha-lza2983b.kz,homoglyph,,no
krisha.kz,xn--rsha-lza4b.kz,homoglyph,,no
krisha.kz,xn--rsha-lza61i.kz,homoglyph,,no
krisha.kz,xn--rsha-lza8665b.kz,homoglyph,,no
krisha.kz,xn--rsha-lza8a.kz,homoglyph,,no
krisha.kz,xn--rsha-pb5a53b.kz,homoglyph,,no
krisha.kz,xn--rsha-pb5av4b.kz,homoglyph,,no
krisha.kz,xn--rsha-qpa03m.kz,homoglyph,,no
krisha.kz,xn--rsha-qpa26b.kz,homoglyph,,no
krisha.kz,xn--rsha-qpa2806b.kz,homoglyph,,no
krisha.kz,xn--rsha-qpa4906b.kz,homoglyph,,no
krisha.kz,xn--rsha-qpa6034b.kz,homoglyph,,no
krisha.kz,xn--rsha-qpa6197d.kz,homoglyph,,no
krisha.kz,xn--rsha-qpa86b.kz,homoglyph,,no
krisha.kz,xn--rsha-qvb0634b.kz,homoglyph,,no
krisha.kz,xn--rsha-qvb2734b.kz,homoglyph,,no
krisha.kz,xn--rsha-qvb4852b.kz,homoglyph,,no
krisha.kz,xn--rsha-qvb4916d.kz,homoglyph,,no
krisha.kz,xn--rsha-qya0f.kz,homoglyph,,no
krisha.kz,xn--rsha-qya25i.kz,homoglyph,,no
krisha.kz,xn--rsha-qya4075b.kz,homoglyph,,no
krisha.kz,xn--rsha-qya4e.kz,homoglyph,,no
krisha.kz,xn--rsha-qya6175b.kz,homoglyph,,no
krisha.kz,xn--rsha-qya8293b.kz,homoglyph,,no
krisha.kz,xn--rsha-qya8357d.kz,homoglyph,,no
krisha.kz,xn--rsha-uqb38e.kz,homoglyph,,no
krisha.kz,xn--rsha-uqb7645b.kz,homoglyph,,no
krisha.kz,xn--rsha-uqb77e.kz,homoglyph,,no
krisha.kz,xn--rsha-uqb9745b.kz,homoglyph,,no
krisha.kz,xn--rsha-uqb98e.kz,homoglyph,,no
krisha.kz,xn--rsha-uqb9r.kz,homoglyph,,no
krisha.kz,xn--rsha-vpa0034b.kz,homoglyph,,no
krisha.kz,xn--rsha-vpa0197d.kz,homoglyph,,no
krisha.kz,xn--rsha-vpa26b.kz,homoglyph,,no
krisha.kz,xn--rsha-vpa42m.kz,homoglyph,,no
krisha.kz,xn--rsha-vpa65b.kz,homoglyph,,no
krisha.kz,xn--rsha-vpa6706b.kz,homoglyph,,no
krisha.kz,xn--rsha-vpa8806b.kz,homoglyph,,no
krisha.kz,xn--rsha-vw5a646g.kz,homoglyph,,no
krisha.kz,k-risha.kz,hyphenation,,no
krisha.kz,kr-isha.kz,hyphenation,,no
krisha.kz,kri-sha.kz,hyphenation,,no
krisha.kz,kris-ha.kz,hyphenation,,no
krisha.kz,krish-a.kz,hyphenation,,no
krisha.kz,ikrisha.kz,insertion,,no
krisha.kz,jkrisha.kz,insertion,,no
krisha.kz,k4risha.kz,insertion,,no
krisha.kz,k5risha.kz,insertion,,no
krisha.kz,kdrisha.kz,insertion,,no
krisha.kz,kerisha.kz,insertion,,no
krisha.kz,kfrisha.kz,insertion,,no
krisha.kz,kirisha.kz,insertion,,no
krisha.kz,kjrisha.kz,insertion,,no
krisha.kz,klrisha.kz,insertion,,no
krisha.kz,kmrisha.kz,insertion,,no
krisha.kz,korisha.kz,insertion,,no
krisha.kz,kr4isha.kz,insertion,,no
krisha.kz,kr5isha.kz,insertion,,no
krisha.kz,kr8isha.kz,insertion,,no
krisha.kz,kr9isha.kz,insertion,,no
krisha.kz,krdisha.kz,insertion,,no
krisha.kz,kreisha.kz,insertion,,no
krisha.kz,krfisha.kz,insertion,,no
krisha.kz,kri8sha.kz,insertion,,no
krisha.kz,kri9sha.kz,insertion,,no
krisha.kz,kriasha.kz,insertion,,no
krisha.kz,kridsha.kz,insertion,,no
krisha.kz,kriesha.kz,insertion,,no
krisha.kz,krijsha.kz,insertion,,no
krisha.kz,kriksha.kz,insertion,,no
krisha.kz,kriosha.kz,insertion,,no
krisha.kz,kriqsha.kz,insertion,,no
krisha.kz,krisaha.kz,insertion,,no
krisha.kz,krisbha.kz,insertion,,no
krisha.kz,krisdha.kz,insertion,,no
krisha.kz,kriseha.kz,insertion,,no
krisha.kz,krisgha.kz,insertion,,no
krisha.kz,krishba.kz,insertion,,no
krisha.kz,krishga.kz,insertion,,no
krisha.kz,krishja.kz,insertion,,no
krisha.kz,krishna.kz,insertion,,no
krisha.kz,krishua.kz,insertion,,no
krisha.kz,krishya.kz,insertion,,no
krisha.kz,krishza.kz,insertion,,no
krisha.kz,krisjha.kz,insertion,,no
krisha.kz,krisnha.kz,insertion,,no
krisha.kz,krisqha.kz,insertion,,no
krisha.kz,krisuha.kz,insertion,,no
krisha.kz,kriswha.kz,insertion,,no
krisha.kz,krisxha.kz,insertion,,no
krisha.kz,krisyha.kz,insertion,,no
krisha.kz,kriszha.kz,insertion,,no
krisha.kz,kriusha.kz,insertion,,no
krisha.kz,kriwsha.kz,insertion,,no
krisha.kz,krixsha.kz,insertion,,no
krisha.kz,kriysha.kz,insertion,,no
krisha.kz,krizsha.kz,insertion,,no
krisha.kz,krjisha.kz,insertion,,no
krisha.kz,krkisha.kz,insertion,,no
krisha.kz,kroisha.kz,insertion,,no
krisha.kz,krtisha.kz,insertion,,no
krisha.kz,kruisha.kz,insertion,,no
krisha.kz,ktrisha.kz,insertion,,no
krisha.kz,lkrisha.kz,insertion,,no
krisha.kz,mkrisha.kz,insertion,,no
krisha.kz,okrisha.kz,insertion,,no
krisha.kz,kisha.kz,omission,,no
krisha.kz,kriha.kz,omission,,no
krisha.kz,krisa.kz,omission,,no
krisha.kz,krish.kz,omission,,no
krisha.kz,krsha.kz,omission,,no
krisha.kz,risha.kz,omission,,no
krisha.kz,krisesha.kz,plural,,no
krisha.kz,krissha.kz,plural,,no
krisha.kz,kkrisha.kz,repetition,,no
krisha.kz,kriisha.kz,repetition,,no
krisha.kz,krishha.kz,repetition,,no
krisha.kz,krrisha.kz,repetition,,no
krisha.kz,k4isha.kz,replacement,,no
krisha.kz,k5isha.kz,replacement,,no
krisha.kz,kdisha.kz,replacement,,no
krisha.kz,keisha.kz,replacement,,no
krisha.kz,kfisha.kz,replacement,,no
krisha.kz,kr8sha.kz,replacement,,no
krisha.kz,kr9sha.kz,replacement,,no
krisha.kz,kriaha.kz,replacement,,no
krisha.kz,kridha.kz,replacement,,no
krisha.kz,krieha.kz,replacement,,no
krisha.kz,krisba.kz,replacement,,no
krisha.kz,krisga.kz,replacement,,no
krisha.kz,krish1.kz,replacement,,no
krisha.kz,krish2.kz,replacement,,no
krisha.kz,krishs.kz,replacement,,no
krisha.kz,krishw.kz,replacement,,no
krisha.kz,krishy.kz,replacement,,no
krisha.kz,krishz.kz,replacement,,no
krisha.kz,krisna.kz,replacement,,no
krisha.kz,krisua.kz,replacement,,no
krisha.kz,krisya.kz,replacement,,no
krisha.kz,krisza.kz,replacement,,no
krisha.kz,krixha.kz,replacement,,no
krisha.kz,kriyha.kz,replacement,,no
krisha.kz,krizha.kz,replacement,,no
krisha.kz,krjsha.kz,replacement,,no
krisha.kz,krosha.kz,replacement,,no
krisha.kz,krusha.kz,replacement,,no
krisha.kz,ktisha.kz,replacement,,no
krisha.kz,lrisha.kz,replacement,,no
krisha.kz,mrisha.kz,replacement,,no
krisha.kz,k.risha.kz,subdomain,,no
krisha.kz,kr.isha.kz,subdomain,,no
krisha.kz,kri.sha.kz,subdomain,,no
krisha.kz,kris.ha.kz,subdomain,,no
krisha.kz,kirsha.kz,transposition,,no
krisha.kz,krihsa.kz,transposition,,no
krisha.kz,krisah.kz,transposition,,no
krisha.kz,krsiha.kz,transposition,,no
krisha.kz,rkisha.kz,transposition,,no
krisha.kz,krisha-kz.com,various,,no
krisha.kz,krishakz.com,various,,no
krisha.kz,krishakz.kz,various,,no
krisha.kz,kresha.kz,vowel-swap,,no
krisha.kz,krisho.kz,vowel-swap,,no
krisha.kz,krishu.kz,vowel-swap,,no
kcell.kz,kcell0.kz,addition,,no
kcell.kz,kcell1.kz,addition,,no
kcell.kz,kcell2.kz,addition,,no
kcell.kz,kcell3.kz,addition,,no
kcell.kz,kcell4.kz,addition,,no
kcell.kz,kcell5.kz,addition,,no
kcell.kz,kcell6.kz,addition,,no
kcell.kz,kcell7.kz,addition,,no
kcell.kz,kcell8.kz,addition,,no
kcell.kz,kcell9.kz,addition,,no
kcell.kz,kcella.kz,addition,,no
kcell.kz,kcellb.kz,addition,,no
kcell.kz,kcellc.kz,addition,,no
kcell.kz,kcelld.kz,addition,,no
kcell.kz,kcelle.kz,addition,,no
kcell.kz,kcellf.kz,addition,,no
kcell.kz,kcellg.kz,addition,,no
kcell.kz,kcellh.kz,addition,,no
kcell.kz,kcelli.kz,addition,,no
kcell.kz,kcellj.kz,addition,,no
kcell.kz,kcellk.kz,addition,,no
kcell.kz,kcelll.kz,addition,,no
kcell.kz,kcellm.kz,addition,,no
kcell.kz,kcelln.kz,addition,,no
kcell.kz,kcello.kz,addition,,no
kcell.kz,kcellp.kz,addition,,no
kcell.kz,kcellq.kz,addition,,no
kcell.kz,kcellr.kz,addition,,no
kcell.kz,kcells.kz,addition,,no
kcell.kz,kcellt.kz,addition,,no
kcell.kz,kcellu.kz,addition,,no
kcell.kz,kcellv.kz,addition,,no
kcell.kz,kcellw.kz,addition,,no
kcell.kz,kcellx.kz,addition,,no
kcell.kz,kcelly.kz,addition,,no
kcell.kz,kcellz.kz,addition,,no
kcell.kz,ccell.kz,bitsquatting,,no
kcell.kz,icell.kz,bitsquatting,,no
kcell.kz,jcell.kz,bitsquatting,,no
kcell.kz,kaell.kz,bitsquatting,,no
kcell.kz,kbell.kz,bitsquatting,,no
kcell.kz,kcall.kz,bitsquatting,,no
kcell.kz,kcdll.kz,bitsquatting,,no
kcell.kz,kcedl.kz,bitsquatting,,no
kcell.kz,kcehl.kz,bitsquatting,,no
kcell.kz,kceld.kz,bitsquatting,,no
kcell.kz,kcelh.kz,bitsquatting,,no
kcell.kz,kcelm.kz,bitsquatting,,no
kcell.kz,kceln.kz,bitsquatting,,no
kcell.kz,kceml.kz,bitsquatting,,no
kcell.kz,kcenl.kz,bitsquatting,,no
kcell.kz,kcgll.kz,bitsquatting,,no
kcell.kz,kcmll.kz,bitsquatting,,no
kcell.kz,kcull.kz,bitsquatting,,no
kcell.kz,kgell.kz,bitsquatting,,no
kcell.kz,kkell.kz,bitsquatting,,no
kcell.kz,ksell.kz,bitsquatting,,no
kcell.kz,ocell.kz,bitsquatting,,no
kcell.kz,xn--e1ajv38ca.kz,cyrillic,,no
kcell.kz,1ccell.kz,homoglyph,,no
kcell.kz,iccell.kz,homoglyph,,no
kcell.kz,kcc11.kz,homoglyph,,no
kcell.kz,kcc1l.kz,homoglyph,,no
kcell.kz,kccii.kz,homoglyph,,no
kcell.kz,kccil.kz,homoglyph,,no
kcell.kz,kccl1.kz,homoglyph,,no
kcell.kz,kccli.kz,homoglyph,,no
kcell.kz,kccll.kz,homoglyph,,no
kcell.kz,kcdl.kz,homoglyph,,no
kcell.kz,kce11.kz,homoglyph,,no
kcell.kz,kce1i.kz,homoglyph,,no
kcell.kz,kce1l.kz,homoglyph,,no
kcell.kz,kcei1.kz,homoglyph,,no
kcell.kz,kceii.kz,homoglyph,,no
kcell.kz,kceil.kz,homoglyph,,no
kcell.kz,kcel1.kz,homoglyph,,no
kcell.kz,kceli.kz,homoglyph,,no
kcell.kz,kecll.kz,homoglyph,,no
kcell.kz,kee11.kz,homoglyph,,no
kcell.kz,kee1l.kz,homoglyph,,no
kcell.kz,keeii.kz,homoglyph,,no
kcell.kz,keeil.kz,homoglyph,,no
kcell.kz,keel1.kz,homoglyph,,no
kcell.kz,keeli.kz,homoglyph,,no
kcell.kz,keell.kz,homoglyph,,no
kcell.kz,lcccll.kz,homoglyph,,no
kcell.kz,lcce11.kz,homoglyph,,no
kcell.kz,lcce1l.kz,homoglyph,,no
kcell.kz,lcceii.kz,homoglyph,,no
kcell.kz,lcceil.kz,homoglyph,,no
kcell.kz,lccel1.kz,homoglyph,,no
kcell.kz,lcceli.kz,homoglyph,,no
kcell.kz,lccell.kz,homoglyph,,no
kcell.kz,lceell.kz,homoglyph,,no
kcell.kz,lecell.kz,homoglyph,,no
kcell.kz,leeell.kz,homoglyph,,no
kcell.kz,xn--ccell-55a.kz,homoglyph,,no
kcell.kz,xn--ccell-goc.kz,homoglyph,,no
kcell.kz,xn--ccell-i6a.kz,homoglyph,,no
kcell.kz,xn--ccell-j7a.kz,homoglyph,,no
kcell.kz,xn--ccell-u6a.kz,homoglyph,,no
kcell.kz,xn--ccll-423a.kz,homoglyph,,no
kcell.kz,xn--ccll-949b.kz,homoglyph,,no
kcell.kz,xn--ccll-f0a.kz,homoglyph,,no
kcell.kz,xn--ccll-fb5a.kz,homoglyph,,no
kcell.kz,xn--ccll-k0a.kz,homoglyph,,no
kcell.kz,xn--ccll-pb5a.kz,homoglyph,,no
kcell.kz,xn--ccll-uqb.kz,homoglyph,,no
kcell.kz,xn--ce-1pa0aa.kz,homoglyph,,no
kcell.kz,xn--ce-1pa44ja.kz,homoglyph,,no
kcell.kz,xn--ce-1pa6ba.kz,homoglyph,,no
kcell.kz,xn--ce-1paka.kz,homoglyph,,no
kcell.kz,xn--ce-1pasa.kz,homoglyph,,no
kcell.kz,xn--ce-74a63ca.kz,homoglyph,,no
kcell.kz,xn--ce-9paa0936c.kz,homoglyph,,no
kcell.kz,xn--ce-9paa5028a.kz,homoglyph,,no
kcell.kz,xn--ce-9paa5176a.kz,homoglyph,,no
kcell.kz,xn--ce-9paa58f.kz,homoglyph,,no
kcell.kz,xn--ce-9paa5918a.kz,homoglyph,,no
kcell.kz,xn--ce-fhba0766a.kz,homoglyph,,no
kcell.kz,xn--ce-fhba0866a.kz,homoglyph,,no
kcell.kz,xn--ce-fhba0915a.kz,homoglyph,,no
kcell.kz,xn--ce-fhba5684c.kz,homoglyph,,no
kcell.kz,xn--ce-gqaa0836c.kz,homoglyph,,no
kcell.kz,xn--ce-gqaa5076a.kz,homoglyph,,no
kcell.kz,xn--ce-gqaa57f.kz,homoglyph,,no
kcell.kz,xn--ce-gqaa5818a.kz,homoglyph,,no
kcell.kz,xn--ce-gqaa5918a.kz,homoglyph,,no
kcell.kz,xn--ce-mqaa0736c.kz,homoglyph,,no
kcell.kz,xn--ce-mqaa56f.kz,homoglyph,,no
kcell.kz,xn--ce-mqaa5718a.kz,homoglyph,,no
kcell.kz,xn--ce-mqaa5818a.kz,homoglyph,,no
kcell.kz,xn--ce-mqaa5966a.kz,homoglyph,,no
kcell.kz,xn--ce-ypa0ca.kz,homoglyph,,no
kcell.kz,xn--ce-ypa4aa.kz,homoglyph,,no
kcell.kz,xn--ce-ypa84ja.kz,homoglyph,,no
kcell.kz,xn--ce-ypaoa.kz,homoglyph,,no
kcell.kz,xn--ce-ypawa.kz,homoglyph,,no
kcell.kz,xn--ce-yqaa0536c.kz,homoglyph,,no
kcell.kz,xn--ce-yqaa54f.kz,homoglyph,,no
kcell.kz,xn--ce-yqaa5518a.kz,homoglyph,,no
kcell.kz,xn--ce-yqaa5618a.kz,homoglyph,,no
kcell.kz,xn--ce-yqaa5766a.kz,homoglyph,,no
kcell.kz,xn--ce11-423a.kz,homoglyph,,no
kcell.kz,xn--ce11-949b.kz,homoglyph,,no
kcell.kz,xn--ce11-f0a.kz,homoglyph,,no
kcell.kz,xn--ce11-fb5a.kz,homoglyph,,no
kcell.kz,xn--ce11-k0a.kz,homoglyph,,no
kcell.kz,xn--ce11-pb5a.kz,homoglyph,,no
kcell.kz,xn--ce11-uqb.kz,homoglyph,,no
kcell.kz,xn--ce1l-423a.kz,homoglyph,,no
kcell.kz,xn--ce1l-949b.kz,homoglyph,,no
kcell.kz,xn--ce1l-f0a.kz,homoglyph,,no
kcell.kz,xn--ce1l-fb5a.kz,homoglyph,,no
kcell.kz,xn--ce1l-k0a.kz,homoglyph,,no
kcell.kz,xn--ce1l-pb5a.kz,homoglyph,,no
kcell.kz,xn--ce1l-uqb.kz,homoglyph,,no
kcell.kz,xn--ceii-423a.kz,homoglyph,,no
kcell.kz,xn--ceii-949b.kz,homoglyph,,no
kcell.kz,xn--ceii-f0a.kz,homoglyph,,no
kcell.kz,xn--ceii-fb5a.kz,homoglyph,,no
kcell.kz,xn--ceii-k0a.kz,homoglyph,,no
kcell.kz,xn--ceii-pb5a.kz,homoglyph,,no
kcell.kz,xn--ceii-uqb.kz,homoglyph,,no
kcell.kz,xn--ceil-423a.kz,homoglyph,,no
kcell.kz,xn--ceil-949b.kz,homoglyph,,no
kcell.kz,xn--ceil-f0a.kz,homoglyph,,no
kcell.kz,xn--ceil-fb5a.kz,homoglyph,,no
kcell.kz,xn--ceil-k0a.kz,homoglyph,,no
kcell.kz,xn--ceil-pb5a.kz,homoglyph,,no
kcell.kz,xn--ceil-uqb.kz,homoglyph,,no
kcell.kz,xn--cel-1va1736c.kz,homoglyph,,no
kcell.kz,xn--cel-1va66f.kz,homoglyph,,no
kcell.kz,xn--cel-1va6718a.kz,homoglyph,,no
kcell.kz,xn--cel-1va6818a.kz,homoglyph,,no
kcell.kz,xn--cel-1va6966a.kz,homoglyph,,no
kcell.kz,xn--cel-2va0736c.kz,homoglyph,,no
kcell.kz,xn--cel-2va56f.kz,homoglyph,,no
kcell.kz,xn--cel-2va5718a.kz,homoglyph,,no
kcell.kz,xn--cel-2va5818a.kz,homoglyph,,no
kcell.kz,xn--cel-2va5966a.kz,homoglyph,,no
kcell.kz,xn--cel-6ua1a.kz,homoglyph,,no
kcell.kz,xn--cel-6ua1b.kz,homoglyph,,no
kcell.kz,xn--cel-6ua1d.kz,homoglyph,,no
kcell.kz,xn--cel-6ua2a.kz,homoglyph,,no
kcell.kz,xn--cel-6ua2b.kz,homoglyph,,no
kcell.kz,xn--cel-6ua2d.kz,homoglyph,,no
kcell.kz,xn--cel-6ua65m.kz,homoglyph,,no
kcell.kz,xn--cel-6ua75m.kz,homoglyph,,no
kcell.kz,xn--cel-6uar.kz,homoglyph,,no
kcell.kz,xn--cel-6uas.kz,homoglyph,,no
kcell.kz,xn--cel-bva15m.kz,homoglyph,,no
kcell.kz,xn--cel-bva25m.kz,homoglyph,,no
kcell.kz,xn--cel-bva6a.kz,homoglyph,,no
kcell.kz,xn--cel-bva6c.kz,homoglyph,,no
kcell.kz,xn--cel-bva7a.kz,homoglyph,,no
kcell.kz,xn--cel-bva7c.kz,homoglyph,,no
kcell.kz,xn--cel-bvam.kz,homoglyph,,no
kcell.kz,xn--cel-bvan.kz,homoglyph,,no
kcell.kz,xn--cel-bvaw.kz,homoglyph,,no
kcell.kz,xn--cel-bvax.kz,homoglyph,,no
kcell.kz,xn--cel-gvb1766a.kz,homoglyph,,no
kcell.kz,xn--cel-gvb1866a.kz,homoglyph,,no
kcell.kz,xn--cel-gvb1915a.kz,homoglyph,,no
kcell.kz,xn--cel-gvb6684c.kz,homoglyph,,no
kcell.kz,xn--cel-hvb0766a.kz,homoglyph,,no
kcell.kz,xn--cel-hvb0866a.kz,homoglyph,,no
kcell.kz,xn--cel-hvb0915a.kz,homoglyph,,no
kcell.kz,xn--cel-hvb5684c.kz,homoglyph,,no
kcell.kz,xn--cel-iwa1536c.kz,homoglyph,,no
kcell.kz,xn--cel-iwa64f.kz,homoglyph,,no
kcell.kz,xn--cel-iwa6518a.kz,homoglyph,,no
kcell.kz,xn--cel-iwa6618a.kz,homoglyph,,no
kcell.kz,xn--cel-iwa6766a.kz,homoglyph,,no
kcell.kz,xn--cel-jgb66d.kz,homoglyph,,no
kcell.kz,xn--cel-jgb76d.kz,homoglyph,,no
kcell.kz,xn--cel-jwa0536c.kz,homoglyph,,no
kcell.kz,xn--cel-jwa54f.kz,homoglyph,,no
kcell.kz,xn--cel-jwa5518a.kz,homoglyph,,no
kcell.kz,xn--cel-jwa5618a.kz,homoglyph,,no
kcell.kz,xn--cel-jwa5766a.kz,homoglyph,,no
kcell.kz,xn--cel-lva1936c.kz,homoglyph,,no
kcell.kz,xn--cel-lva6028a.kz,homoglyph,,no
kcell.kz,xn--cel-lva6176a.kz,homoglyph,,no
kcell.kz,xn--cel-lva68f.kz,homoglyph,,no
kcell.kz,xn--cel-lva6918a.kz,homoglyph,,no
kcell.kz,xn--cel-mva0936c.kz,homoglyph,,no
kcell.kz,xn--cel-mva5028a.kz,homoglyph,,no
kcell.kz,xn--cel-mva5176a.kz,homoglyph,,no
kcell.kz,xn--cel-mva58f.kz,homoglyph,,no
kcell.kz,xn--cel-mva5918a.kz,homoglyph,,no
kcell.kz,xn--cel-tva1836c.kz,homoglyph,,no
kcell.kz,xn--cel-tva6076a.kz,homoglyph,,no
kcell.kz,xn--cel-tva67f.kz,homoglyph,,no
kcell.kz,xn--cel-tva6818a.kz,homoglyph,,no
kcell.kz,xn--cel-tva6918a.kz,homoglyph,,no
kcell.kz,xn--cel-uva0836c.kz,homoglyph,,no
kcell.kz,xn--cel-uva5076a.kz,homoglyph,,no
kcell.kz,xn--cel-uva57f.kz,homoglyph,,no
kcell.kz,xn--cel-uva5818a.kz,homoglyph,,no
kcell.kz,xn--cel-uva5918a.kz,homoglyph,,no
kcell.kz,xn--cel1-423a.kz,homoglyph,,no
kcell.kz,xn--cel1-949b.kz,homoglyph,,no
kcell.kz,xn--cel1-f0a.kz,homoglyph,,no
kcell.kz,xn--cel1-fb5a.kz,homoglyph,,no
kcell.kz,xn--cel1-k0a.kz,homoglyph,,no
kcell.kz,xn--cel1-pb5a.kz,homoglyph,,no
kcell.kz,xn--cel1-uqb.kz,homoglyph,,no
kcell.kz,xn--celi-423a.kz,homoglyph,,no
kcell.kz,xn--celi-949b.kz,homoglyph,,no
kcell.kz,xn--celi-f0a.kz,homoglyph,,no
kcell.kz,xn--celi-fb5a.kz,homoglyph,,no
kcell.kz,xn--celi-k0a.kz,homoglyph,,no
kcell.kz,xn--celi-pb5a.kz,homoglyph,,no
kcell.kz,xn--celi-uqb.kz,homoglyph,,no
kcell.kz,xn--cell-423a.kz,homoglyph,,no
kcell.kz,xn--cell-949b.kz,homoglyph,,no
kcell.kz,xn--cell-f0a.kz,homoglyph,,no
kcell.kz,xn--cell-fb5a.kz,homoglyph,,no
kcell.kz,xn--cell-k0a.kz,homoglyph,,no
kcell.kz,xn--cell-pb5a.kz,homoglyph,,no
kcell.kz,xn--cell-uqb.kz,homoglyph,,no
kcell.kz,xn--cll-0ra24h.kz,homoglyph,,no
kcell.kz,xn--cll-0ra2538a.kz,homoglyph,,no
kcell.kz,xn--cll-0ra2638a.kz,homoglyph,,no
kcell.kz,xn--cll-0ra2786a.kz,homoglyph,,no
kcell.kz,xn--cll-0ra2l.kz,homoglyph,,no
kcell.kz,xn--cll-0ra7456c.kz,homoglyph,,no
kcell.kz,xn--cll-0ra7l.kz,homoglyph,,no
kcell.kz,xn--cll-3qa2048a.kz,homoglyph,,no
kcell.kz,xn--cll-3qa2196a.kz,homoglyph,,no
kcell.kz,xn--cll-3qa28h.kz,homoglyph,,no
kcell.kz,xn--cll-3qa2938a.kz,homoglyph,,no
kcell.kz,xn--cll-3qa2p.kz,homoglyph,,no
kcell.kz,xn--cll-3qa7856c.kz,homoglyph,,no
kcell.kz,xn--cll-3qa7p.kz,homoglyph,,no
kcell.kz,xn--cll-62y56a.kz,homoglyph,,no
kcell.kz,xn--cll-6la2086c.kz,homoglyph,,no
kcell.kz,xn--cll-6la21b.kz,homoglyph,,no
kcell.kz,xn--cll-6la7068a.kz,homoglyph,,no
kcell.kz,xn--cll-6la70b.kz,homoglyph,,no
kcell.kz,xn--cll-6la7168a.kz,homoglyph,,no
kcell.kz,xn--cll-6la7217a.kz,homoglyph,,no
kcell.kz,xn--cll-6la79j.kz,homoglyph,,no
kcell.kz,xn--cll-6ua52j.kz,homoglyph,,no
kcell.kz,xn--cll-6ua57k.kz,homoglyph,,no
kcell.kz,xn--cll-6ua5888a.kz,homoglyph,,no
kcell.kz,xn--cll-6ua5908a.kz,homoglyph,,no
kcell.kz,xn--cll-bma2068a.kz,homoglyph,,no
kcell.kz,xn--cll-bma20b.kz,homoglyph,,no
kcell.kz,xn--cll-bma2168a.kz,homoglyph,,no
kcell.kz,xn--cll-bma2217a.kz,homoglyph,,no
kcell.kz,xn--cll-bma29j.kz,homoglyph,,no
kcell.kz,xn--cll-bma70b.kz,homoglyph,,no
kcell.kz,xn--cll-bma7976c.kz,homoglyph,,no
kcell.kz,xn--cll-brb2586a.kz,homoglyph,,no
kcell.kz,xn--cll-brb2686a.kz,homoglyph,,no
kcell.kz,xn--cll-brb2735a.kz,homoglyph,,no
kcell.kz,xn--cll-brb7405c.kz,homoglyph,,no
kcell.kz,xn--cll-bva02j.kz,homoglyph,,no
kcell.kz,xn--cll-bva07k.kz,homoglyph,,no
kcell.kz,xn--cll-bva0888a.kz,homoglyph,,no
kcell.kz,xn--cll-bva0908a.kz,homoglyph,,no
kcell.kz,xn--cll-cra2096a.kz,homoglyph,,no
kcell.kz,xn--cll-cra27h.kz,homoglyph,,no
kcell.kz,xn--cll-cra2838a.kz,homoglyph,,no
kcell.kz,xn--cll-cra2938a.kz,homoglyph,,no
kcell.kz,xn--cll-cra2o.kz,homoglyph,,no
kcell.kz,xn--cll-cra7756c.kz,homoglyph,,no
kcell.kz,xn--cll-cra7o.kz,homoglyph,,no
kcell.kz,xn--cll-d4x50i.kz,homoglyph,,no
kcell.kz,xn--cll-d4xv1e.kz,homoglyph,,no
kcell.kz,xn--cll-f3yv6a.kz,homoglyph,,no
kcell.kz,xn--cll-fma20b.kz,homoglyph,,no
kcell.kz,xn--cll-fma2976c.kz,homoglyph,,no
kcell.kz,xn--cll-fma7068a.kz,homoglyph,,no
kcell.kz,xn--cll-fma7117a.kz,homoglyph,,no
kcell.kz,xn--cll-fma78j.kz,homoglyph,,no
kcell.kz,xn--cll-fma7958a.kz,homoglyph,,no
kcell.kz,xn--cll-fma79a.kz,homoglyph,,no
kcell.kz,xn--cll-h0y2f.kz,homoglyph,,no
kcell.kz,xn--cll-h0y782g.kz,homoglyph,,no
kcell.kz,xn--cll-h0ysf.kz,homoglyph,,no
kcell.kz,xn--cll-jgb5027a.kz,homoglyph,,no
kcell.kz,xn--cll-jgb53a.kz,homoglyph,,no
kcell.kz,xn--cll-jgb58b.kz,homoglyph,,no
kcell.kz,xn--cll-jgb5997a.kz,homoglyph,,no
kcell.kz,xn--cll-jjz474f.kz,homoglyph,,no
kcell.kz,xn--cll-jma2068a.kz,homoglyph,,no
kcell.kz,xn--cll-jma2117a.kz,homoglyph,,no
kcell.kz,xn--cll-jma28j.kz,homoglyph,,no
kcell.kz,xn--cll-jma2958a.kz,homoglyph,,no
kcell.kz,xn--cll-jma29a.kz,homoglyph,,no
kcell.kz,xn--cll-jma7876c.kz,homoglyph,,no
kcell.kz,xn--cll-jma79a.kz,homoglyph,,no
kcell.kz,xn--cll-kra26h.kz,homoglyph,,no
kcell.kz,xn--cll-kra2738a.kz,homoglyph,,no
kcell.kz,xn--cll-kra2838a.kz,homoglyph,,no
kcell.kz,xn--cll-kra2986a.kz,homoglyph,,no
kcell.kz,xn--cll-kra2n.kz,homoglyph,,no
kcell.kz,xn--cll-kra7656c.kz,homoglyph,,no
kcell.kz,xn--cll-kra7n.kz,homoglyph,,no
kcell.kz,xn--cll-sra25h.kz,homoglyph,,no
kcell.kz,xn--cll-sra2638a.kz,homoglyph,,no
kcell.kz,xn--cll-sra2738a.kz,homoglyph,,no
kcell.kz,xn--cll-sra2886a.kz,homoglyph,,no
kcell.kz,xn--cll-sra2m.kz,homoglyph,,no
kcell.kz,xn--cll-sra7556c.kz,homoglyph,,no
kcell.kz,xn--cll-sra7m.kz,homoglyph,,no
kcell.kz,xn--cll-vnb2007a.kz,homoglyph,,no
kcell.kz,xn--cll-vnb2107a.kz,homoglyph,,no
kcell.kz,xn--cll-vnb2255a.kz,homoglyph,,no
kcell.kz,xn--cll-vnb7915c.kz,homoglyph,,no
kcell.kz,xn--eell-423a.kz,homoglyph,,no
kcell.kz,xn--eell-949b.kz,homoglyph,,no
kcell.kz,xn--eell-f0a.kz,homoglyph,,no
kcell.kz,xn--eell-fb5a.kz,homoglyph,,no
kcell.kz,xn--eell-k0a.kz,homoglyph,,no
kcell.kz,xn--eell-pb5a.kz,homoglyph,,no
kcell.kz,xn--eell-uqb.kz,homoglyph,,no
kcell.kz,xn--ell-1la30k.kz,homoglyph,,no
kcell.kz,xn--ell-1la3168a.kz,homoglyph,,no
kcell.kz,xn--ell-1la31b.kz,homoglyph,,no
kcell.kz,xn--ell-1la3268a.kz,homoglyph,,no
kcell.kz,xn--ell-1la3317a.kz,homoglyph,,no
kcell.kz,xn--ell-1la8086c.kz,homoglyph,,no
kcell.kz,xn--ell-1la81b.kz,homoglyph,,no
kcell.kz,xn--ell-5pa32i.kz,homoglyph,,no
kcell.kz,xn--ell-5pa3348a.kz,homoglyph,,no
kcell.kz,xn--ell-5pa3448a.kz,homoglyph,,no
kcell.kz,xn--ell-5pa3596a.kz,homoglyph,,no
kcell.kz,xn--ell-5pa3t.kz,homoglyph,,no
kcell.kz,xn--ell-5pa8266c.kz,homoglyph,,no
kcell.kz,xn--ell-5pa8t.kz,homoglyph,,no
kcell.kz,xn--ell-6ua91b.kz,homoglyph,,no
kcell.kz,xn--ell-6ua9966a.kz,homoglyph,,no
kcell.kz,xn--ell-bva41b.kz,homoglyph,,no
kcell.kz,xn--ell-bva4966a.kz,homoglyph,,no
kcell.kz,xn--ell-eqa31i.kz,homoglyph,,no
kcell.kz,xn--ell-eqa3248a.kz,homoglyph,,no
kcell.kz,xn--ell-eqa3348a.kz,homoglyph,,no
kcell.kz,xn--ell-eqa3496a.kz,homoglyph,,no
kcell.kz,xn--ell-eqa3s.kz,homoglyph,,no
kcell.kz,xn--ell-eqa8166c.kz,homoglyph,,no
kcell.kz,xn--ell-eqa8s.kz,homoglyph,,no
kcell.kz,xn--ell-g4a3006c.kz,homoglyph,,no
kcell.kz,xn--ell-g4a8087a.kz,homoglyph,,no
kcell.kz,xn--ell-g4a8187a.kz,homoglyph,,no
kcell.kz,xn--ell-g4a8236a.kz,homoglyph,,no
kcell.kz,xn--ell-g4a89b.kz,homoglyph,,no
kcell.kz,xn--ell-jgb9085a.kz,homoglyph,,no
kcell.kz,xn--ell-k3x389g.kz,homoglyph,,no
kcell.kz,xn--ell-k3x88e.kz,homoglyph,,no
kcell.kz,xn--ell-k3x8a.kz,homoglyph,,no
kcell.kz,xn--ell-k3xy9e.kz,homoglyph,,no
kcell.kz,xn--ell-ppa34i.kz,homoglyph,,no
kcell.kz,xn--ell-ppa3548a.kz,homoglyph,,no
kcell.kz,xn--ell-ppa3648a.kz,homoglyph,,no
kcell.kz,xn--ell-ppa3796a.kz,homoglyph,,no
kcell.kz,xn--ell-ppa3v.kz,homoglyph,,no
kcell.kz,xn--ell-ppa8466c.kz,homoglyph,,no
kcell.kz,xn--ell-ppa8v.kz,homoglyph,,no
kcell.kz,xn--ell-xpa33i.kz,homoglyph,,no
kcell.kz,xn--ell-xpa3448a.kz,homoglyph,,no
kcell.kz,xn--ell-xpa3548a.kz,homoglyph,,no
kcell.kz,xn--ell-xpa3696a.kz,homoglyph,,no
kcell.kz,xn--ell-xpa3u.kz,homoglyph,,no
kcell.kz,xn--ell-xpa8366c.kz,homoglyph,,no
kcell.kz,xn--ell-xpa8u.kz,homoglyph,,no
kcell.kz,xn--kc-3ma0na.kz,homoglyph,,no
kcell.kz,xn--kc-3ma28ka.kz,homoglyph,,no
kcell.kz,xn--kc-3ma2ma.kz,homoglyph,,no
kcell.kz,xn--kc-3ma4pa.kz,homoglyph,,no
kcell.kz,xn--kc-3ma8na.kz,homoglyph,,no
kcell.kz,xn--kc-8ia05aa.kz,homoglyph,,no
kcell.kz,xn--kc-8ia24aa.kz,homoglyph,,no
kcell.kz,xn--kc-8ia26ma.kz,homoglyph,,no
kcell.kz,xn--kc-8ia47aa.kz,homoglyph,,no
kcell.kz,xn--kc-8ia85aa.kz,homoglyph,,no
kcell.kz,xn--kc-9ma0na.kz,homoglyph,,no
kcell.kz,xn--kc-9ma2ma.kz,homoglyph,,no
kcell.kz,xn--kc-9ma47ka.kz,homoglyph,,no
kcell.kz,xn--kc-9ma4la.kz,homoglyph,,no
kcell.kz,xn--kc-9ma6oa.kz,homoglyph,,no
kcell.kz,xn--kc-9paa70j.kz,homoglyph,,no
kcell.kz,xn--kc-9paa75k.kz,homoglyph,,no
kcell.kz,xn--kc-9paa7688a.kz,homoglyph,,no
kcell.kz,xn--kc-9paa7708a.kz,homoglyph,,no
kcell.kz,xn--kc-ceb8la.kz,homoglyph,,no
kcell.kz,xn--kc-cja07aa.kz,homoglyph,,no
kcell.kz,xn--kc-cja45aa.kz,homoglyph,,no
kcell.kz,xn--kc-cja64aa.kz,homoglyph,,no
kcell.kz,xn--kc-cja83aa.kz,homoglyph,,no
kcell.kz,xn--kc-cja85ma.kz,homoglyph,,no
kcell.kz,xn--kc-fhba2437a.kz,homoglyph,,no
kcell.kz,xn--kc-fhba2556a.kz,homoglyph,,no
kcell.kz,xn--kc-fja05aa.kz,homoglyph,,no
kcell.kz,xn--kc-fja24aa.kz,homoglyph,,no
kcell.kz,xn--kc-fja43aa.kz,homoglyph,,no
kcell.kz,xn--kc-fja45ma.kz,homoglyph,,no
kcell.kz,xn--kc-fja66aa.kz,homoglyph,,no
kcell.kz,xn--kc-gna2ma.kz,homoglyph,,no
kcell.kz,xn--kc-gna4la.kz,homoglyph,,no
kcell.kz,xn--kc-gna66ka.kz,homoglyph,,no
kcell.kz,xn--kc-gna6ka.kz,homoglyph,,no
kcell.kz,xn--kc-gna8na.kz,homoglyph,,no
kcell.kz,xn--kc-gqaa74k.kz,homoglyph,,no
kcell.kz,xn--kc-gqaa7588a.kz,homoglyph,,no
kcell.kz,xn--kc-gqaa7608a.kz,homoglyph,,no
kcell.kz,xn--kc-gqaa79i.kz,homoglyph,,no
kcell.kz,xn--kc-ija03aa.kz,homoglyph,,no
kcell.kz,xn--kc-ija05ma.kz,homoglyph,,no
kcell.kz,xn--kc-ija26aa.kz,homoglyph,,no
kcell.kz,xn--kc-ija64aa.kz,homoglyph,,no
kcell.kz,xn--kc-ija83aa.kz,homoglyph,,no
kcell.kz,xn--kc-mna0na.kz,homoglyph,,no
kcell.kz,xn--kc-mna4la.kz,homoglyph,,no
kcell.kz,xn--kc-mna6ka.kz,homoglyph,,no
kcell.kz,xn--kc-mna85ka.kz,homoglyph,,no
kcell.kz,xn--kc-mna8ja.kz,homoglyph,,no
kcell.kz,xn--kc-mqaa73k.kz,homoglyph,,no
kcell.kz,xn--kc-mqaa7488a.kz,homoglyph,,no
kcell.kz,xn--kc-mqaa7508a.kz,homoglyph,,no
kcell.kz,xn--kc-mqaa78i.kz,homoglyph,,no
kcell.kz,xn--kc-rbb8xa.kz,homoglyph,,no
kcell.kz,xn--kc-xma09ka.kz,homoglyph,,no
kcell.kz,xn--kc-xma0na.kz,homoglyph,,no
kcell.kz,xn--kc-xma2qa.kz,homoglyph,,no
kcell.kz,xn--kc-xma6oa.kz,homoglyph,,no
kcell.kz,xn--kc-xma8na.kz,homoglyph,,no
kcell.kz,xn--kc-yqaa71k.kz,homoglyph,,no
kcell.kz,xn--kc-yqaa7288a.kz,homoglyph,,no
kcell.kz,xn--kc-yqaa7308a.kz,homoglyph,,no
kcell.kz,xn--kc-yqaa76i.kz,homoglyph,,no
kcell.kz,xn--kc11-164a.kz,homoglyph,,no
kcell.kz,xn--kc11-1zb.kz,homoglyph,,no
kcell.kz,xn--kc11-6oa.kz,homoglyph,,no
kcell.kz,xn--kc11-6va.kz,homoglyph,,no
kcell.kz,xn--kc11-c4b.kz,homoglyph,,no
kcell.kz,xn--kc11-cpa.kz,homoglyph,,no
kcell.kz,xn--kc11-cva.kz,homoglyph,,no
kcell.kz,xn--kc11-hpa.kz,homoglyph,,no
kcell.kz,xn--kc11-hwa.kz,homoglyph,,no
kcell.kz,xn--kc11-mpa.kz,homoglyph,,no
kcell.kz,xn--kc11-mu5a.kz,homoglyph,,no
kcell.kz,xn--kc11-mva.kz,homoglyph,,no
kcell.kz,xn--kc11-wva.kz,homoglyph,,no
kcell.kz,xn--kc1l-164a.kz,homoglyph,,no
kcell.kz,xn--kc1l-1zb.kz,homoglyph,,no
kcell.kz,xn--kc1l-6oa.kz,homoglyph,,no
kcell.kz,xn--kc1l-6va.kz,homoglyph,,no
kcell.kz,xn--kc1l-c4b.kz,homoglyph,,no
kcell.kz,xn--kc1l-cpa.kz,homoglyph,,no
kcell.kz,xn--kc1l-cva.kz,homoglyph,,no
kcell.kz,xn--kc1l-hpa.kz,homoglyph,,no
kcell.kz,xn--kc1l-hwa.kz,homoglyph,,no
kcell.kz,xn--kc1l-mpa.kz,homoglyph,,no
kcell.kz,xn--kc1l-mu5a.kz,homoglyph,,no
kcell.kz,xn--kc1l-mva.kz,homoglyph,,no
kcell.kz,xn--kc1l-wva.kz,homoglyph,,no
kcell.kz,xn--kcc-2vaa.kz,homoglyph,,no
kcell.kz,xn--kcc-hvba.kz,homoglyph,,no
kcell.kz,xn--kcc-jwaa.kz,homoglyph,,no
kcell.kz,xn--kcc-mvaa.kz,homoglyph,,no
kcell.kz,xn--kcc-uvaa.kz,homoglyph,,no
kcell.kz,xn--kccl-21a.kz,homoglyph,,no
kcell.kz,xn--kccl-31a.kz,homoglyph,,no
kcell.kz,xn--kccl-70a.kz,homoglyph,,no
kcell.kz,xn--kccl-80a.kz,homoglyph,,no
kcell.kz,xn--kccl-i1a.kz,homoglyph,,no
kcell.kz,xn--kccl-i9b.kz,homoglyph,,no
kcell.kz,xn--kccl-j1a.kz,homoglyph,,no
kcell.kz,xn--kccl-j9b.kz,homoglyph,,no
kcell.kz,xn--kccl-x0a.kz,homoglyph,,no
kcell.kz,xn--kccl-y0a.kz,homoglyph,,no
kcell.kz,xn--kce-1maa.kz,homoglyph,,no
kcell.kz,xn--kce-2va81m.kz,homoglyph,,no
kcell.kz,xn--kce-2va91m.kz,homoglyph,,no
kcell.kz,xn--kce-2vaa.kz,homoglyph,,no
kcell.kz,xn--kce-2vat.kz,homoglyph,,no
kcell.kz,xn--kce-2vau.kz,homoglyph,,no
kcell.kz,xn--kce-4taa.kz,homoglyph,,no
kcell.kz,xn--kce-4uba.kz,homoglyph,,no
kcell.kz,xn--kce-8uba.kz,homoglyph,,no
kcell.kz,xn--kce-duaa.kz,homoglyph,,no
kcell.kz,xn--kce-dvba.kz,homoglyph,,no
kcell.kz,xn--kce-flza.kz,homoglyph,,no
kcell.kz,xn--kce-hvba.kz,homoglyph,,no
kcell.kz,xn--kce-ikba.kz,homoglyph,,no
kcell.kz,xn--kce-jwa89l.kz,homoglyph,,no
kcell.kz,xn--kce-jwa99l.kz,homoglyph,,no
kcell.kz,xn--kce-jwaa.kz,homoglyph,,no
kcell.kz,xn--kce-luaa.kz,homoglyph,,no
kcell.kz,xn--kce-mva3b.kz,homoglyph,,no
kcell.kz,xn--kce-mva4b.kz,homoglyph,,no
kcell.kz,xn--kce-mva83m.kz,homoglyph,,no
kcell.kz,xn--kce-mva93m.kz,homoglyph,,no
kcell.kz,xn--kce-mvaa.kz,homoglyph,,no
kcell.kz,xn--kce-mvaj.kz,homoglyph,,no
kcell.kz,xn--kce-mvak.kz,homoglyph,,no
kcell.kz,xn--kce-mvat.kz,homoglyph,,no
kcell.kz,xn--kce-mvau.kz,homoglyph,,no
kcell.kz,xn--kce-nlza.kz,homoglyph,,no
kcell.kz,xn--kce-otaa.kz,homoglyph,,no
kcell.kz,xn--kce-pmaa.kz,homoglyph,,no
kcell.kz,xn--kce-rdba.kz,homoglyph,,no
kcell.kz,xn--kce-tmaa.kz,homoglyph,,no
kcell.kz,xn--kce-uva3a.kz,homoglyph,,no
kcell.kz,xn--kce-uva4a.kz,homoglyph,,no
kcell.kz,xn--kce-uva82m.kz,homoglyph,,no
kcell.kz,xn--kce-uva92m.kz,homoglyph,,no
kcell.kz,xn--kce-uvaa.kz,homoglyph,,no
kcell.kz,xn--kce-uvaj.kz,homoglyph,,no
kcell.kz,xn--kce-uvak.kz,homoglyph,,no
kcell.kz,xn--kce-wtaa.kz,homoglyph,,no
kcell.kz,xn--kce-xmaa.kz,homoglyph,,no
kcell.kz,xn--kce1-21a.kz,homoglyph,,no
kcell.kz,xn--kce1-31a.kz,homoglyph,,no
kcell.kz,xn--kce1-70a.kz,homoglyph,,no
kcell.kz,xn--kce1-80a.kz,homoglyph,,no
kcell.kz,xn--kce1-i1a.kz,homoglyph,,no
kcell.kz,xn--kce1-i9b.kz,homoglyph,,no
kcell.kz,xn--kce1-j1a.kz,homoglyph,,no
kcell.kz,xn--kce1-j9b.kz,homoglyph,,no
kcell.kz,xn--kce1-x0a.kz,homoglyph,,no
kcell.kz,xn--kce1-y0a.kz,homoglyph,,no
kcell.kz,xn--kcei-21a.kz,homoglyph,,no
kcell.kz,xn--kcei-28b.kz,homoglyph,,no
kcell.kz,xn--kcei-2pa.kz,homoglyph,,no
kcell.kz,xn--kcei-2ya.kz,homoglyph,,no
kcell.kz,xn--kcei-31a.kz,homoglyph,,no
kcell.kz,xn--kcei-38b.kz,homoglyph,,no
kcell.kz,xn--kcei-3pa.kz,homoglyph,,no
kcell.kz,xn--kcei-3ya.kz,homoglyph,,no
kcell.kz,xn--kcei-70a.kz,homoglyph,,no
kcell.kz,xn--kcei-78b.kz,homoglyph,,no
kcell.kz,xn--kcei-7pa.kz,homoglyph,,no
kcell.kz,xn--kcei-7w5a.kz,homoglyph,,no
kcell.kz,xn--kcei-80a.kz,homoglyph,,no
kcell.kz,xn--kcei-88b.kz,homoglyph,,no
kcell.kz,xn--kcei-8pa.kz,homoglyph,,no
kcell.kz,xn--kcei-8w5a.kz,homoglyph,,no
kcell.kz,xn--kcei-d9b.kz,homoglyph,,no
kcell.kz,xn--kcei-dnb.kz,homoglyph,,no
kcell.kz,xn--kcei-dza.kz,homoglyph,,no
kcell.kz,xn--kcei-e9b.kz,homoglyph,,no
kcell.kz,xn--kcei-enb.kz,homoglyph,,no
kcell.kz,xn--kcei-eza.kz,homoglyph,,no
kcell.kz,xn--kcei-i1a.kz,homoglyph,,no
kcell.kz,xn--kcei-i9b.kz,homoglyph,,no
kcell.kz,xn--kcei-iya.kz,homoglyph,,no
kcell.kz,xn--kcei-j1a.kz,homoglyph,,no
kcell.kz,xn--kcei-j9b.kz,homoglyph,,no
kcell.kz,xn--kcei-jya.kz,homoglyph,,no
kcell.kz,xn--kcei-nza.kz,homoglyph,,no
kcell.kz,xn--kcei-oza.kz,homoglyph,,no
kcell.kz,xn--kcei-spa.kz,homoglyph,,no
kcell.kz,xn--kcei-svb.kz,homoglyph,,no
kcell.kz,xn--kcei-sya.kz,homoglyph,,no
kcell.kz,xn--kcei-tpa.kz,homoglyph,,no
kcell.kz,xn--kcei-tvb.kz,homoglyph,,no
kcell.kz,xn--kcei-tya.kz,homoglyph,,no
kcell.kz,xn--kcei-x0a.kz,homoglyph,,no
kcell.kz,xn--kcei-xpa.kz,homoglyph,,no
kcell.kz,xn--kcei-xw5a.kz,homoglyph,,no
kcell.kz,xn--kcei-y0a.kz,homoglyph,,no
kcell.kz,xn--kcei-ypa.kz,homoglyph,,no
kcell.kz,xn--kcei-yw5a.kz,homoglyph,,no
kcell.kz,xn--kcel-21a.kz,homoglyph,,no
kcell.kz,xn--kcel-28b.kz,homoglyph,,no
kcell.kz,xn--kcel-2pa.kz,homoglyph,,no
kcell.kz,xn--kcel-2ya.kz,homoglyph,,no
kcell.kz,xn--kcel-31a.kz,homoglyph,,no
kcell.kz,xn--kcel-38b.kz,homoglyph,,no
kcell.kz,xn--kcel-3pa.kz,homoglyph,,no
kcell.kz,xn--kcel-3ya.kz,homoglyph,,no
kcell.kz,xn--kcel-70a.kz,homoglyph,,no
kcell.kz,xn--kcel-78b.kz,homoglyph,,no
kcell.kz,xn--kcel-7pa.kz,homoglyph,,no
kcell.kz,xn--kcel-7w5a.kz,homoglyph,,no
kcell.kz,xn--kcel-80a.kz,homoglyph,,no
kcell.kz,xn--kcel-88b.kz,homoglyph,,no
kcell.kz,xn--kcel-8pa.kz,homoglyph,,no
kcell.kz,xn--kcel-8w5a.kz,homoglyph,,no
kcell.kz,xn--kcel-d9b.kz,homoglyph,,no
kcell.kz,xn--kcel-dnb.kz,homoglyph,,no
kcell.kz,xn--kcel-dza.kz,homoglyph,,no
kcell.kz,xn--kcel-e9b.kz,homoglyph,,no
kcell.kz,xn--kcel-enb.kz,homoglyph,,no
kcell.kz,xn--kcel-eza.kz,homoglyph,,no
kcell.kz,xn--kcel-i1a.kz,homoglyph,,no
kcell.kz,xn--kcel-i9b.kz,homoglyph,,no
kcell.kz,xn--kcel-iya.kz,homoglyph,,no
kcell.kz,xn--kcel-j1a.kz,homoglyph,,no
kcell.kz,xn--kcel-j9b.kz,homoglyph,,no
kcell.kz,xn--kcel-jya.kz,homoglyph,,no
kcell.kz,xn--kcel-nza.kz,homoglyph,,no
kcell.kz,xn--kcel-oza.kz,homoglyph,,no
kcell.kz,xn--kcel-spa.kz,homoglyph,,no
kcell.kz,xn--kcel-svb.kz,homoglyph,,no
kcell.kz,xn--kcel-sya.kz,homoglyph,,no
kcell.kz,xn--kcel-tpa.kz,homoglyph,,no
kcell.kz,xn--kcel-tvb.kz,homoglyph,,no
kcell.kz,xn--kcel-tya.kz,homoglyph,,no
kcell.kz,xn--kcel-x0a.kz,homoglyph,,no
kcell.kz,xn--kcel-xpa.kz,homoglyph,,no
kcell.kz,xn--kcel-xw5a.kz,homoglyph,,no
kcell.kz,xn--kcel-y0a.kz,homoglyph,,no
kcell.kz,xn--kcel-ypa.kz,homoglyph,,no
kcell.kz,xn--kcel-yw5a.kz,homoglyph,,no
kcell.kz,xn--kcii-164a.kz,homoglyph,,no
kcell.kz,xn--kcii-1zb.kz,homoglyph,,no
kcell.kz,xn--kcii-6oa.kz,homoglyph,,no
kcell.kz,xn--kcii-6va.kz,homoglyph,,no
kcell.kz,xn--kcii-c4b.kz,homoglyph,,no
kcell.kz,xn--kcii-cpa.kz,homoglyph,,no
kcell.kz,xn--kcii-cva.kz,homoglyph,,no
kcell.kz,xn--kcii-hpa.kz,homoglyph,,no
kcell.kz,xn--kcii-hwa.kz,homoglyph,,no
kcell.kz,xn--kcii-mpa.kz,homoglyph,,no
kcell.kz,xn--kcii-mu5a.kz,homoglyph,,no
kcell.kz,xn--kcii-mva.kz,homoglyph,,no
kcell.kz,xn--kcii-wva.kz,homoglyph,,no
kcell.kz,xn--kcil-164a.kz,homoglyph,,no
kcell.kz,xn--kcil-1zb.kz,homoglyph,,no
kcell.kz,xn--kcil-6oa.kz,homoglyph,,no
kcell.kz,xn--kcil-6va.kz,homoglyph,,no
kcell.kz,xn--kcil-c4b.kz,homoglyph,,no
kcell.kz,xn--kcil-cpa.kz,homoglyph,,no
kcell.kz,xn--kcil-cva.kz,homoglyph,,no
kcell.kz,xn--kcil-hpa.kz,homoglyph,,no
kcell.kz,xn--kcil-hwa.kz,homoglyph,,no
kcell.kz,xn--kcil-mpa.kz,homoglyph,,no
kcell.kz,xn--kcil-mu5a.kz,homoglyph,,no
kcell.kz,xn--kcil-mva.kz,homoglyph,,no
kcell.kz,xn--kcil-wva.kz,homoglyph,,no
kcell.kz,xn--kcl-1ra0n.kz,homoglyph,,no
kcell.kz,xn--kcl-1ra0o.kz,homoglyph,,no
kcell.kz,xn--kcl-1ra0p.kz,homoglyph,,no
kcell.kz,xn--kcl-1ra0r.kz,homoglyph,,no
kcell.kz,xn--kcl-1ra49n.kz,homoglyph,,no
kcell.kz,xn--kcl-1ra59n.kz,homoglyph,,no
kcell.kz,xn--kcl-1ra9m.kz,homoglyph,,no
kcell.kz,xn--kcl-1ra9n.kz,homoglyph,,no
kcell.kz,xn--kcl-1ra9o.kz,homoglyph,,no
kcell.kz,xn--kcl-1ra9q.kz,homoglyph,,no
kcell.kz,xn--kcl-1va83k.kz,homoglyph,,no
kcell.kz,xn--kcl-1va8488a.kz,homoglyph,,no
kcell.kz,xn--kcl-1va8508a.kz,homoglyph,,no
kcell.kz,xn--kcl-1va88i.kz,homoglyph,,no
kcell.kz,xn--kcl-2va73k.kz,homoglyph,,no
kcell.kz,xn--kcl-2va7488a.kz,homoglyph,,no
kcell.kz,xn--kcl-2va7508a.kz,homoglyph,,no
kcell.kz,xn--kcl-2va78i.kz,homoglyph,,no
kcell.kz,xn--kcl-4qa0r.kz,homoglyph,,no
kcell.kz,xn--kcl-4qa0s.kz,homoglyph,,no
kcell.kz,xn--kcl-4qa0t.kz,homoglyph,,no
kcell.kz,xn--kcl-4qa0v.kz,homoglyph,,no
kcell.kz,xn--kcl-4qa43o.kz,homoglyph,,no
kcell.kz,xn--kcl-4qa53o.kz,homoglyph,,no
kcell.kz,xn--kcl-4qa9q.kz,homoglyph,,no
kcell.kz,xn--kcl-4qa9r.kz,homoglyph,,no
kcell.kz,xn--kcl-4qa9s.kz,homoglyph,,no
kcell.kz,xn--kcl-4qa9u.kz,homoglyph,,no
kcell.kz,xn--kcl-7la05q.kz,homoglyph,,no
kcell.kz,xn--kcl-7la42b.kz,homoglyph,,no
kcell.kz,xn--kcl-7la43b.kz,homoglyph,,no
kcell.kz,xn--kcl-7la44b.kz,homoglyph,,no
kcell.kz,xn--kcl-7la46b.kz,homoglyph,,no
kcell.kz,xn--kcl-7la52b.kz,homoglyph,,no
kcell.kz,xn--kcl-7la53b.kz,homoglyph,,no
kcell.kz,xn--kcl-7la54b.kz,homoglyph,,no
kcell.kz,xn--kcl-7la56b.kz,homoglyph,,no
kcell.kz,xn--kcl-7la94q.kz,homoglyph,,no
kcell.kz,xn--kcl-cma02b.kz,homoglyph,,no
kcell.kz,xn--kcl-cma03b.kz,homoglyph,,no
kcell.kz,xn--kcl-cma04b.kz,homoglyph,,no
kcell.kz,xn--kcl-cma06b.kz,homoglyph,,no
kcell.kz,xn--kcl-cma44q.kz,homoglyph,,no
kcell.kz,xn--kcl-cma54q.kz,homoglyph,,no
kcell.kz,xn--kcl-cma91b.kz,homoglyph,,no
kcell.kz,xn--kcl-cma92b.kz,homoglyph,,no
kcell.kz,xn--kcl-cma93b.kz,homoglyph,,no
kcell.kz,xn--kcl-cma95b.kz,homoglyph,,no
kcell.kz,xn--kcl-crb4p.kz,homoglyph,,no
kcell.kz,xn--kcl-crb5p.kz,homoglyph,,no
kcell.kz,xn--kcl-dra0q.kz,homoglyph,,no
kcell.kz,xn--kcl-dra0r.kz,homoglyph,,no
kcell.kz,xn--kcl-dra0s.kz,homoglyph,,no
kcell.kz,xn--kcl-dra0u.kz,homoglyph,,no
kcell.kz,xn--kcl-dra42o.kz,homoglyph,,no
kcell.kz,xn--kcl-dra52o.kz,homoglyph,,no
kcell.kz,xn--kcl-dra9p.kz,homoglyph,,no
kcell.kz,xn--kcl-dra9q.kz,homoglyph,,no
kcell.kz,xn--kcl-dra9r.kz,homoglyph,,no
kcell.kz,xn--kcl-dra9t.kz,homoglyph,,no
kcell.kz,xn--kcl-gma04q.kz,homoglyph,,no
kcell.kz,xn--kcl-gma41b.kz,homoglyph,,no
kcell.kz,xn--kcl-gma42b.kz,homoglyph,,no
kcell.kz,xn--kcl-gma43b.kz,homoglyph,,no
kcell.kz,xn--kcl-gma45b.kz,homoglyph,,no
kcell.kz,xn--kcl-gma51b.kz,homoglyph,,no
kcell.kz,xn--kcl-gma52b.kz,homoglyph,,no
kcell.kz,xn--kcl-gma53b.kz,homoglyph,,no
kcell.kz,xn--kcl-gma55b.kz,homoglyph,,no
kcell.kz,xn--kcl-gma93q.kz,homoglyph,,no
kcell.kz,xn--kcl-gvb3437a.kz,homoglyph,,no
kcell.kz,xn--kcl-gvb3556a.kz,homoglyph,,no
kcell.kz,xn--kcl-hvb2437a.kz,homoglyph,,no
kcell.kz,xn--kcl-hvb2556a.kz,homoglyph,,no
kcell.kz,xn--kcl-iwa81k.kz,homoglyph,,no
kcell.kz,xn--kcl-iwa8288a.kz,homoglyph,,no
kcell.kz,xn--kcl-iwa8308a.kz,homoglyph,,no
kcell.kz,xn--kcl-iwa86i.kz,homoglyph,,no
kcell.kz,xn--kcl-jwa71k.kz,homoglyph,,no
kcell.kz,xn--kcl-jwa7288a.kz,homoglyph,,no
kcell.kz,xn--kcl-jwa7308a.kz,homoglyph,,no
kcell.kz,xn--kcl-jwa76i.kz,homoglyph,,no
kcell.kz,xn--kcl-kma01b.kz,homoglyph,,no
kcell.kz,xn--kcl-kma02b.kz,homoglyph,,no
kcell.kz,xn--kcl-kma03b.kz,homoglyph,,no
kcell.kz,xn--kcl-kma05b.kz,homoglyph,,no
kcell.kz,xn--kcl-kma43q.kz,homoglyph,,no
kcell.kz,xn--kcl-kma53q.kz,homoglyph,,no
kcell.kz,xn--kcl-kma90b.kz,homoglyph,,no
kcell.kz,xn--kcl-kma91b.kz,homoglyph,,no
kcell.kz,xn--kcl-kma92b.kz,homoglyph,,no
kcell.kz,xn--kcl-kma94b.kz,homoglyph,,no
kcell.kz,xn--kcl-lra0p.kz,homoglyph,,no
kcell.kz,xn--kcl-lra0q.kz,homoglyph,,no
kcell.kz,xn--kcl-lra0r.kz,homoglyph,,no
kcell.kz,xn--kcl-lra0t.kz,homoglyph,,no
kcell.kz,xn--kcl-lra41o.kz,homoglyph,,no
kcell.kz,xn--kcl-lra51o.kz,homoglyph,,no
kcell.kz,xn--kcl-lra9o.kz,homoglyph,,no
kcell.kz,xn--kcl-lra9p.kz,homoglyph,,no
kcell.kz,xn--kcl-lra9q.kz,homoglyph,,no
kcell.kz,xn--kcl-lra9s.kz,homoglyph,,no
kcell.kz,xn--kcl-lva80j.kz,homoglyph,,no
kcell.kz,xn--kcl-lva85k.kz,homoglyph,,no
kcell.kz,xn--kcl-lva8688a.kz,homoglyph,,no
kcell.kz,xn--kcl-lva8708a.kz,homoglyph,,no
kcell.kz,xn--kcl-mva70j.kz,homoglyph,,no
kcell.kz,xn--kcl-mva75k.kz,homoglyph,,no
kcell.kz,xn--kcl-mva7688a.kz,homoglyph,,no
kcell.kz,xn--kcl-mva7708a.kz,homoglyph,,no
kcell.kz,xn--kcl-tra0o.kz,homoglyph,,no
kcell.kz,xn--kcl-tra0p.kz,homoglyph,,no
kcell.kz,xn--kcl-tra0q.kz,homoglyph,,no
kcell.kz,xn--kcl-tra0s.kz,homoglyph,,no
kcell.kz,xn--kcl-tra40o.kz,homoglyph,,no
kcell.kz,xn--kcl-tra50o.kz,homoglyph,,no
kcell.kz,xn--kcl-tra9n.kz,homoglyph,,no
kcell.kz,xn--kcl-tra9o.kz,homoglyph,,no
kcell.kz,xn--kcl-tra9p.kz,homoglyph,,no
kcell.kz,xn--kcl-tra9r.kz,homoglyph,,no
kcell.kz,xn--kcl-tva84k.kz,homoglyph,,no
kcell.kz,xn--kcl-tva8588a.kz,homoglyph,,no
kcell.kz,xn--kcl-tva8608a.kz,homoglyph,,no
kcell.kz,xn--kcl-tva89i.kz,homoglyph,,no
kcell.kz,xn--kcl-uva74k.kz,homoglyph,,no
kcell.kz,xn--kcl-uva7588a.kz,homoglyph,,no
kcell.kz,xn--kcl-uva7608a.kz,homoglyph,,no
kcell.kz,xn--kcl-uva79i.kz,homoglyph,,no
kcell.kz,xn--kcl-wnb44a.kz,homoglyph,,no
kcell.kz,xn--kcl-wnb54a.kz,homoglyph,,no
kcell.kz,xn--kcl1-164a.kz,homoglyph,,no
kcell.kz,xn--kcl1-1zb.kz,homoglyph,,no
kcell.kz,xn--kcl1-6oa.kz,homoglyph,,no
kcell.kz,xn--kcl1-6va.kz,homoglyph,,no
kcell.kz,xn--kcl1-c4b.kz,homoglyph,,no
kcell.kz,xn--kcl1-cpa.kz,homoglyph,,no
kcell.kz,xn--kcl1-cva.kz,homoglyph,,no
kcell.kz,xn--kcl1-hpa.kz,homoglyph,,no
kcell.kz,xn--kcl1-hwa.kz,homoglyph,,no
kcell.kz,xn--kcl1-mpa.kz,homoglyph,,no
kcell.kz,xn--kcl1-mu5a.kz,homoglyph,,no
kcell.kz,xn--kcl1-mva.kz,homoglyph,,no
kcell.kz,xn--kcl1-wva.kz,homoglyph,,no
kcell.kz,xn--kcli-164a.kz,homoglyph,,no
kcell.kz,xn--kcli-1zb.kz,homoglyph,,no
kcell.kz,xn--kcli-6oa.kz,homoglyph,,no
kcell.kz,xn--kcli-6va.kz,homoglyph,,no
kcell.kz,xn--kcli-c4b.kz,homoglyph,,no
kcell.kz,xn--kcli-cpa.kz,homoglyph,,no
kcell.kz,xn--kcli-cva.kz,homoglyph,,no
kcell.kz,xn--kcli-hpa.kz,homoglyph,,no
kcell.kz,xn--kcli-hwa.kz,homoglyph,,no
kcell.kz,xn--kcli-mpa.kz,homoglyph,,no
kcell.kz,xn--kcli-mu5a.kz,homoglyph,,no
kcell.kz,xn--kcli-mva.kz,homoglyph,,no
kcell.kz,xn--kcli-wva.kz,homoglyph,,no
kcell.kz,xn--kcll-0cb.kz,homoglyph,,no
kcell.kz,xn--kcll-0oa.kz,homoglyph,,no
kcell.kz,xn--kcll-164a.kz,homoglyph,,no
kcell.kz,xn--kcll-1cb.kz,homoglyph,,no
kcell.kz,xn--kcll-1oa.kz,homoglyph,,no
kcell.kz,xn--kcll-1zb.kz,homoglyph,,no
kcell.kz,xn--kcll-513a.kz,homoglyph,,no
kcell.kz,xn--kcll-5ta.kz,homoglyph,,no
kcell.kz,xn--kcll-613a.kz,homoglyph,,no
kcell.kz,xn--kcll-6oa.kz,homoglyph,,no
kcell.kz,xn--kcll-6ta.kz,homoglyph,,no
kcell.kz,xn--kcll-6va.kz,homoglyph,,no
kcell.kz,xn--kcll-c4b.kz,homoglyph,,no
kcell.kz,xn--kcll-cpa.kz,homoglyph,,no
kcell.kz,xn--kcll-cva.kz,homoglyph,,no
kcell.kz,xn--kcll-gua.kz,homoglyph,,no
kcell.kz,xn--kcll-hpa.kz,homoglyph,,no
kcell.kz,xn--kcll-hua.kz,homoglyph,,no
kcell.kz,xn--kcll-hwa.kz,homoglyph,,no
kcell.kz,xn--kcll-lta.kz,homoglyph,,no
kcell.kz,xn--kcll-mpa.kz,homoglyph,,no
kcell.kz,xn--kcll-mta.kz,homoglyph,,no
kcell.kz,xn--kcll-mu5a.kz,homoglyph,,no
kcell.kz,xn--kcll-mva.kz,homoglyph,,no
kcell.kz,xn--kcll-vta.kz,homoglyph,,no
kcell.kz,xn--kcll-wta.kz,homoglyph,,no
kcell.kz,xn--kcll-wva.kz,homoglyph,,no
kcell.kz,xn--ke-1la13la.kz,homoglyph,,no
kcell.kz,xn--ke-1la1ra.kz,homoglyph,,no
kcell.kz,xn--ke-1la3ua.kz,homoglyph,,no
kcell.kz,xn--ke-1la7sa.kz,homoglyph,,no
kcell.kz,xn--ke-1la9ra.kz,homoglyph,,no
kcell.kz,xn--ke-4ia36aa.kz,homoglyph,,no
kcell.kz,xn--ke-4ia55aa.kz,homoglyph,,no
kcell.kz,xn--ke-4ia74aa.kz,homoglyph,,no
kcell.kz,xn--ke-4ia76ma.kz,homoglyph,,no
kcell.kz,xn--ke-4ia97aa.kz,homoglyph,,no
kcell.kz,xn--ke-7la1ra.kz,homoglyph,,no
kcell.kz,xn--ke-7la32la.kz,homoglyph,,no
kcell.kz,xn--ke-7la3qa.kz,homoglyph,,no
kcell.kz,xn--ke-7la5ta.kz,homoglyph,,no
kcell.kz,xn--ke-7la9ra.kz,homoglyph,,no
kcell.kz,xn--ke-9paa10b.kz,homoglyph,,no
kcell.kz,xn--ke-9paa1866a.kz,homoglyph,,no
kcell.kz,xn--ke-ema1ra.kz,homoglyph,,no
kcell.kz,xn--ke-ema3qa.kz,homoglyph,,no
kcell.kz,xn--ke-ema51la.kz,homoglyph,,no
kcell.kz,xn--ke-ema5pa.kz,homoglyph,,no
kcell.kz,xn--ke-ema7sa.kz,homoglyph,,no
kcell.kz,xn--ke-fhba6515a.kz,homoglyph,,no
kcell.kz,xn--ke-gqaa1766a.kz,homoglyph,,no
kcell.kz,xn--ke-gqaa19a.kz,homoglyph,,no
kcell.kz,xn--ke-mqaa1666a.kz,homoglyph,,no
kcell.kz,xn--ke-mqaa18a.kz,homoglyph,,no
kcell.kz,xn--ke-vla1va.kz,homoglyph,,no
kcell.kz,xn--ke-vla5ta.kz,homoglyph,,no
kcell.kz,xn--ke-vla7sa.kz,homoglyph,,no
kcell.kz,xn--ke-vla93la.kz,homoglyph,,no
kcell.kz,xn--ke-vla9ra.kz,homoglyph,,no
kcell.kz,xn--ke-xwa32ga.kz,homoglyph,,no
kcell.kz,xn--ke-yqaa1466a.kz,homoglyph,,no
kcell.kz,xn--ke-yqaa16a.kz,homoglyph,,no
kcell.kz,xn--ke11-0cb.kz,homoglyph,,no
kcell.kz,xn--ke11-0oa.kz,homoglyph,,no
kcell.kz,xn--ke11-513a.kz,homoglyph,,no
kcell.kz,xn--ke11-5ta.kz,homoglyph,,no
kcell.kz,xn--ke11-gua.kz,homoglyph,,no
kcell.kz,xn--ke11-lta.kz,homoglyph,,no
kcell.kz,xn--ke11-vta.kz,homoglyph,,no
kcell.kz,xn--ke1l-0cb.kz,homoglyph,,no
kcell.kz,xn--ke1l-0oa.kz,homoglyph,,no
kcell.kz,xn--ke1l-513a.kz,homoglyph,,no
kcell.kz,xn--ke1l-5ta.kz,homoglyph,,no
kcell.kz,xn--ke1l-gua.kz,homoglyph,,no
kcell.kz,xn--ke1l-lta.kz,homoglyph,,no
kcell.kz,xn--ke1l-vta.kz,homoglyph,,no
kcell.kz,xn--kee-2vaa.kz,homoglyph,,no
kcell.kz,xn--kee-hvba.kz,homoglyph,,no
kcell.kz,xn--kee-jwaa.kz,homoglyph,,no
kcell.kz,xn--kee-mvaa.kz,homoglyph,,no
kcell.kz,xn--kee-uvaa.kz,homoglyph,,no
kcell.kz,xn--keel-21a.kz,homoglyph,,no
kcell.kz,xn--keel-31a.kz,homoglyph,,no
kcell.kz,xn--keel-70a.kz,homoglyph,,no
kcell.kz,xn--keel-80a.kz,homoglyph,,no
kcell.kz,xn--keel-i1a.kz,homoglyph,,no
kcell.kz,xn--keel-i9b.kz,homoglyph,,no
kcell.kz,xn--keel-j1a.kz,homoglyph,,no
kcell.kz,xn--keel-j9b.kz,homoglyph,,no
kcell.kz,xn--keel-x0a.kz,homoglyph,,no
kcell.kz,xn--keel-y0a.kz,homoglyph,,no
kcell.kz,xn--keii-0cb.kz,homoglyph,,no
kcell.kz,xn--keii-0oa.kz,homoglyph,,no
kcell.kz,xn--keii-513a.kz,homoglyph,,no
kcell.kz,xn--keii-5ta.kz,homoglyph,,no
kcell.kz,xn--keii-gua.kz,homoglyph,,no
kcell.kz,xn--keii-lta.kz,homoglyph,,no
kcell.kz,xn--keii-vta.kz,homoglyph,,no
kcell.kz,xn--keil-0cb.kz,homoglyph,,no
kcell.kz,xn--keil-0oa.kz,homoglyph,,no
kcell.kz,xn--keil-513a.kz,homoglyph,,no
kcell.kz,xn--keil-5ta.kz,homoglyph,,no
kcell.kz,xn--keil-gua.kz,homoglyph,,no
kcell.kz,xn--keil-lta.kz,homoglyph,,no
kcell.kz,xn--keil-vta.kz,homoglyph,,no
kcell.kz,xn--kel-1va2666a.kz,homoglyph,,no
kcell.kz,xn--kel-1va28a.kz,homoglyph,,no
kcell.kz,xn--kel-2la03b.kz,homoglyph,,no
kcell.kz,xn--kel-2la04b.kz,homoglyph,,no
kcell.kz,xn--kel-2la05b.kz,homoglyph,,no
kcell.kz,xn--kel-2la07b.kz,homoglyph,,no
kcell.kz,xn--kel-2la13b.kz,homoglyph,,no
kcell.kz,xn--kel-2la14b.kz,homoglyph,,no
kcell.kz,xn--kel-2la15b.kz,homoglyph,,no
kcell.kz,xn--kel-2la17b.kz,homoglyph,,no
kcell.kz,xn--kel-2la55q.kz,homoglyph,,no
kcell.kz,xn--kel-2la65q.kz,homoglyph,,no
kcell.kz,xn--kel-2va1666a.kz,homoglyph,,no
kcell.kz,xn--kel-2va18a.kz,homoglyph,,no
kcell.kz,xn--kel-6pa0v.kz,homoglyph,,no
kcell.kz,xn--kel-6pa0w.kz,homoglyph,,no
kcell.kz,xn--kel-6pa0x.kz,homoglyph,,no
kcell.kz,xn--kel-6pa0z.kz,homoglyph,,no
kcell.kz,xn--kel-6pa1v.kz,homoglyph,,no
kcell.kz,xn--kel-6pa1w.kz,homoglyph,,no
kcell.kz,xn--kel-6pa1x.kz,homoglyph,,no
kcell.kz,xn--kel-6pa1z.kz,homoglyph,,no
kcell.kz,xn--kel-6pa57o.kz,homoglyph,,no
kcell.kz,xn--kel-6pa67o.kz,homoglyph,,no
kcell.kz,xn--kel-fqa0u.kz,homoglyph,,no
kcell.kz,xn--kel-fqa0v.kz,homoglyph,,no
kcell.kz,xn--kel-fqa0w.kz,homoglyph,,no
kcell.kz,xn--kel-fqa0y.kz,homoglyph,,no
kcell.kz,xn--kel-fqa1u.kz,homoglyph,,no
kcell.kz,xn--kel-fqa1v.kz,homoglyph,,no
kcell.kz,xn--kel-fqa1w.kz,homoglyph,,no
kcell.kz,xn--kel-fqa1y.kz,homoglyph,,no
kcell.kz,xn--kel-fqa56o.kz,homoglyph,,no
kcell.kz,xn--kel-fqa66o.kz,homoglyph,,no
kcell.kz,xn--kel-gvb7515a.kz,homoglyph,,no
kcell.kz,xn--kel-h4a05i.kz,homoglyph,,no
kcell.kz,xn--kel-h4a15i.kz,homoglyph,,no
kcell.kz,xn--kel-hvb6515a.kz,homoglyph,,no
kcell.kz,xn--kel-iwa2466a.kz,homoglyph,,no
kcell.kz,xn--kel-iwa26a.kz,homoglyph,,no
kcell.kz,xn--kel-jwa1466a.kz,homoglyph,,no
kcell.kz,xn--kel-jwa16a.kz,homoglyph,,no
kcell.kz,xn--kel-lva20b.kz,homoglyph,,no
kcell.kz,xn--kel-lva2866a.kz,homoglyph,,no
kcell.kz,xn--kel-mva10b.kz,homoglyph,,no
kcell.kz,xn--kel-mva1866a.kz,homoglyph,,no
kcell.kz,xn--kel-qpa01a.kz,homoglyph,,no
kcell.kz,xn--kel-qpa0x.kz,homoglyph,,no
kcell.kz,xn--kel-qpa0y.kz,homoglyph,,no
kcell.kz,xn--kel-qpa0z.kz,homoglyph,,no
kcell.kz,xn--kel-qpa11a.kz,homoglyph,,no
kcell.kz,xn--kel-qpa1x.kz,homoglyph,,no
kcell.kz,xn--kel-qpa1y.kz,homoglyph,,no
kcell.kz,xn--kel-qpa1z.kz,homoglyph,,no
kcell.kz,xn--kel-qpa59o.kz,homoglyph,,no
kcell.kz,xn--kel-qpa69o.kz,homoglyph,,no
kcell.kz,xn--kel-tva2766a.kz,homoglyph,,no
kcell.kz,xn--kel-tva29a.kz,homoglyph,,no
kcell.kz,xn--kel-uva1766a.kz,homoglyph,,no
kcell.kz,xn--kel-uva19a.kz,homoglyph,,no
kcell.kz,xn--kel-ypa00a.kz,homoglyph,,no
kcell.kz,xn--kel-ypa0w.kz,homoglyph,,no
kcell.kz,xn--kel-ypa0x.kz,homoglyph,,no
kcell.kz,xn--kel-ypa0y.kz,homoglyph,,no
kcell.kz,xn--kel-ypa10a.kz,homoglyph,,no
kcell.kz,xn--kel-ypa1w.kz,homoglyph,,no
kcell.kz,xn--kel-ypa1x.kz,homoglyph,,no
kcell.kz,xn--kel-ypa1y.kz,homoglyph,,no
kcell.kz,xn--kel-ypa58o.kz,homoglyph,,no
kcell.kz,xn--kel-ypa68o.kz,homoglyph,,no
kcell.kz,xn--kel1-0cb.kz,homoglyph,,no
kcell.kz,xn--kel1-0oa.kz,homoglyph,,no
kcell.kz,xn--kel1-513a.kz,homoglyph,,no
kcell.kz,xn--kel1-5ta.kz,homoglyph,,no
kcell.kz,xn--kel1-gua.kz,homoglyph,,no
kcell.kz,xn--kel1-lta.kz,homoglyph,,no
kcell.kz,xn--kel1-vta.kz,homoglyph,,no
kcell.kz,xn--keli-0cb.kz,homoglyph,,no
kcell.kz,xn--keli-0oa.kz,homoglyph,,no
kcell.kz,xn--keli-513a.kz,homoglyph,,no
kcell.kz,xn--keli-5ta.kz,homoglyph,,no
kcell.kz,xn--keli-gua.kz,homoglyph,,no
kcell.kz,xn--keli-lta.kz,homoglyph,,no
kcell.kz,xn--keli-vta.kz,homoglyph,,no
kcell.kz,xn--kell-064a.kz,homoglyph,,no
kcell.kz,xn--kell-0cb.kz,homoglyph,,no
kcell.kz,xn--kell-0oa.kz,homoglyph,,no
kcell.kz,xn--kell-0zb.kz,homoglyph,,no
kcell.kz,xn--kell-164a.kz,homoglyph,,no
kcell.kz,xn--kell-1zb.kz,homoglyph,,no
kcell.kz,xn--kell-513a.kz,homoglyph,,no
kcell.kz,xn--kell-5oa.kz,homoglyph,,no
kcell.kz,xn--kell-5ta.kz,homoglyph,,no
kcell.kz,xn--kell-5va.kz,homoglyph,,no
kcell.kz,xn--kell-6oa.kz,homoglyph,,no
kcell.kz,xn--kell-6va.kz,homoglyph,,no
kcell.kz,xn--kell-b4b.kz,homoglyph,,no
kcell.kz,xn--kell-bpa.kz,homoglyph,,no
kcell.kz,xn--kell-bva.kz,homoglyph,,no
kcell.kz,xn--kell-c4b.kz,homoglyph,,no
kcell.kz,xn--kell-cpa.kz,homoglyph,,no
kcell.kz,xn--kell-cva.kz,homoglyph,,no
kcell.kz,xn--kell-gpa.kz,homoglyph,,no
kcell.kz,xn--kell-gua.kz,homoglyph,,no
kcell.kz,xn--kell-gwa.kz,homoglyph,,no
kcell.kz,xn--kell-hpa.kz,homoglyph,,no
kcell.kz,xn--kell-hwa.kz,homoglyph,,no
kcell.kz,xn--kell-lpa.kz,homoglyph,,no
kcell.kz,xn--kell-lta.kz,homoglyph,,no
kcell.kz,xn--kell-lu5a.kz,homoglyph,,no
kcell.kz,xn--kell-lva.kz,homoglyph,,no
kcell.kz,xn--kell-mpa.kz,homoglyph,,no
kcell.kz,xn--kell-mu5a.kz,homoglyph,,no
kcell.kz,xn--kell-mva.kz,homoglyph,,no
kcell.kz,xn--kell-vta.kz,homoglyph,,no
kcell.kz,xn--kell-vva.kz,homoglyph,,no
kcell.kz,xn--kell-wva.kz,homoglyph,,no
kcell.kz,xn--kll-0ra8386a.kz,homoglyph,,no
kcell.kz,xn--kll-0ra85c.kz,homoglyph,,no
kcell.kz,xn--kll-0raa.kz,homoglyph,,no
kcell.kz,xn--kll-2la42n.kz,homoglyph,,no
kcell.kz,xn--kll-2la47o.kz,homoglyph,,no
kcell.kz,xn--kll-2la4829a.kz,homoglyph,,no
kcell.kz,xn--kll-2la4948a.kz,homoglyph,,no
kcell.kz,xn--kll-2la4t.kz,homoglyph,,no
kcell.kz,xn--kll-2la4u.kz,homoglyph,,no
kcell.kz,xn--kll-2la4v.kz,homoglyph,,no
kcell.kz,xn--kll-2la4w.kz,homoglyph,,no
kcell.kz,xn--kll-2la4x.kz,homoglyph,,no
kcell.kz,xn--kll-2laa.kz,homoglyph,,no
kcell.kz,xn--kll-2laf.kz,homoglyph,,no
kcell.kz,xn--kll-2lak.kz,homoglyph,,no
kcell.kz,xn--kll-2lap.kz,homoglyph,,no
kcell.kz,xn--kll-2lau.kz,homoglyph,,no
kcell.kz,xn--kll-3qa8786a.kz,homoglyph,,no
kcell.kz,xn--kll-3qa89c.kz,homoglyph,,no
kcell.kz,xn--kll-3qaa.kz,homoglyph,,no
kcell.kz,xn--kll-6la31f.kz,homoglyph,,no
kcell.kz,xn--kll-6la3907a.kz,homoglyph,,no
kcell.kz,xn--kll-6la8m.kz,homoglyph,,no
kcell.kz,xn--kll-6la8n.kz,homoglyph,,no
kcell.kz,xn--kll-6la8o.kz,homoglyph,,no
kcell.kz,xn--kll-6la8p.kz,homoglyph,,no
kcell.kz,xn--kll-6laa.kz,homoglyph,,no
kcell.kz,xn--kll-6pa4019a.kz,homoglyph,,no
kcell.kz,xn--kll-6pa4138a.kz,homoglyph,,no
kcell.kz,xn--kll-6pa44l.kz,homoglyph,,no
kcell.kz,xn--kll-6pa49m.kz,homoglyph,,no
kcell.kz,xn--kll-6pa4b.kz,homoglyph,,no
kcell.kz,xn--kll-6pa4c.kz,homoglyph,,no
kcell.kz,xn--kll-6pa4d.kz,homoglyph,,no
kcell.kz,xn--kll-6pa4e.kz,homoglyph,,no
kcell.kz,xn--kll-6pa4f.kz,homoglyph,,no
kcell.kz,xn--kll-6paa.kz,homoglyph,,no
kcell.kz,xn--kll-bma3m.kz,homoglyph,,no
kcell.kz,xn--kll-bma3n.kz,homoglyph,,no
kcell.kz,xn--kll-bma3o.kz,homoglyph,,no
kcell.kz,xn--kll-bma3p.kz,homoglyph,,no
kcell.kz,xn--kll-bma80f.kz,homoglyph,,no
kcell.kz,xn--kll-bma8807a.kz,homoglyph,,no
kcell.kz,xn--kll-bmaa.kz,homoglyph,,no
kcell.kz,xn--kll-brb8335a.kz,homoglyph,,no
kcell.kz,xn--kll-brba.kz,homoglyph,,no
kcell.kz,xn--kll-cra8686a.kz,homoglyph,,no
kcell.kz,xn--kll-cra88c.kz,homoglyph,,no
kcell.kz,xn--kll-craa.kz,homoglyph,,no
kcell.kz,xn--kll-fma30f.kz,homoglyph,,no
kcell.kz,xn--kll-fma3807a.kz,homoglyph,,no
kcell.kz,xn--kll-fma8l.kz,homoglyph,,no
kcell.kz,xn--kll-fma8m.kz,homoglyph,,no
kcell.kz,xn--kll-fma8n.kz,homoglyph,,no
kcell.kz,xn--kll-fma8o.kz,homoglyph,,no
kcell.kz,xn--kll-fmaa.kz,homoglyph,,no
kcell.kz,xn--kll-fqa4038a.kz,homoglyph,,no
kcell.kz,xn--kll-fqa43l.kz,homoglyph,,no
kcell.kz,xn--kll-fqa48m.kz,homoglyph,,no
kcell.kz,xn--kll-fqa4909a.kz,homoglyph,,no
kcell.kz,xn--kll-fqa4a.kz,homoglyph,,no
kcell.kz,xn--kll-fqa4b.kz,homoglyph,,no
kcell.kz,xn--kll-fqa4c.kz,homoglyph,,no
kcell.kz,xn--kll-fqa4d.kz,homoglyph,,no
kcell.kz,xn--kll-fqa4e.kz,homoglyph,,no
kcell.kz,xn--kll-fqaa.kz,homoglyph,,no
kcell.kz,xn--kll-h0ya.kz,homoglyph,,no
kcell.kz,xn--kll-h4a91f.kz,homoglyph,,no
kcell.kz,xn--kll-h4a96g.kz,homoglyph,,no
kcell.kz,xn--kll-h4a9748a.kz,homoglyph,,no
kcell.kz,xn--kll-h4a9867a.kz,homoglyph,,no
kcell.kz,xn--kll-h4aa.kz,homoglyph,,no
kcell.kz,xn--kll-jjza.kz,homoglyph,,no
kcell.kz,xn--kll-jma3l.kz,homoglyph,,no
kcell.kz,xn--kll-jma3m.kz,homoglyph,,no
kcell.kz,xn--kll-jma3n.kz,homoglyph,,no
kcell.kz,xn--kll-jma3o.kz,homoglyph,,no
kcell.kz,xn--kll-jma8707a.kz,homoglyph,,no
kcell.kz,xn--kll-jma89e.kz,homoglyph,,no
kcell.kz,xn--kll-jmaa.kz,homoglyph,,no
kcell.kz,xn--kll-kra8586a.kz,homoglyph,,no
kcell.kz,xn--kll-kra87c.kz,homoglyph,,no
kcell.kz,xn--kll-kraa.kz,homoglyph,,no
kcell.kz,xn--kll-l3x92e.kz,homoglyph,,no
kcell.kz,xn--kll-l3xa.kz,homoglyph,,no
kcell.kz,xn--kll-l3xz2i.kz,homoglyph,,no
kcell.kz,xn--kll-qpa41n.kz,homoglyph,,no
kcell.kz,xn--kll-qpa4219a.kz,homoglyph,,no
kcell.kz,xn--kll-qpa4338a.kz,homoglyph,,no
kcell.kz,xn--kll-qpa46l.kz,homoglyph,,no
kcell.kz,xn--kll-qpa4d.kz,homoglyph,,no
kcell.kz,xn--kll-qpa4e.kz,homoglyph,,no
kcell.kz,xn--kll-qpa4f.kz,homoglyph,,no
kcell.kz,xn--kll-qpa4g.kz,homoglyph,,no
kcell.kz,xn--kll-qpa4h.kz,homoglyph,,no
kcell.kz,xn--kll-qpaa.kz,homoglyph,,no
kcell.kz,xn--kll-sra8486a.kz,homoglyph,,no
kcell.kz,xn--kll-sra86c.kz,homoglyph,,no
kcell.kz,xn--kll-sraa.kz,homoglyph,,no
kcell.kz,xn--kll-vnb8845a.kz,homoglyph,,no
kcell.kz,xn--kll-vnba.kz,homoglyph,,no
kcell.kz,xn--kll-ypa40n.kz,homoglyph,,no
kcell.kz,xn--kll-ypa4119a.kz,homoglyph,,no
kcell.kz,xn--kll-ypa4238a.kz,homoglyph,,no
kcell.kz,xn--kll-ypa45l.kz,homoglyph,,no
kcell.kz,xn--kll-ypa4c.kz,homoglyph,,no
kcell.kz,xn--kll-ypa4d.kz,homoglyph,,no
kcell.kz,xn--kll-ypa4e.kz,homoglyph,,no
kcell.kz,xn--kll-ypa4f.kz,homoglyph,,no
kcell.kz,xn--kll-ypa4g.kz,homoglyph,,no
kcell.kz,xn--kll-ypaa.kz,homoglyph,,no
kcell.kz,xn--lcce-31aa.kz,homoglyph,,no
kcell.kz,xn--lcce-80aa.kz,homoglyph,,no
kcell.kz,xn--lcce-j1aa.kz,homoglyph,,no
kcell.kz,xn--lcce-j9ba.kz,homoglyph,,no
kcell.kz,xn--lcce-y0aa.kz,homoglyph,,no
kcell.kz,xn--lccel-95a.kz,homoglyph,,no
kcell.kz,xn--lccel-b6a.kz,homoglyph,,no
kcell.kz,xn--lccel-koc.kz,homoglyph,,no
kcell.kz,xn--lccel-loc.kz,homoglyph,,no
kcell.kz,xn--lccel-m6a.kz,homoglyph,,no
kcell.kz,xn--lccel-n6a.kz,homoglyph,,no
kcell.kz,xn--lccel-n7a.kz,homoglyph,,no
kcell.kz,xn--lccel-o7a.kz,homoglyph,,no
kcell.kz,xn--lccel-y6a.kz,homoglyph,,no
kcell.kz,xn--lccel-z6a.kz,homoglyph,,no
kcell.kz,xn--lccll-6ra.kz,homoglyph,,no
kcell.kz,xn--lccll-7cc.kz,homoglyph,,no
kcell.kz,xn--lccll-8za.kz,homoglyph,,no
kcell.kz,xn--lccll-dic.kz,homoglyph,,no
kcell.kz,xn--lccll-dsa.kz,homoglyph,,no
kcell.kz,xn--lccll-jsa.kz,homoglyph,,no
kcell.kz,xn--lccll-kza.kz,homoglyph,,no
kcell.kz,xn--lccll-l0a.kz,homoglyph,,no
kcell.kz,xn--lccll-me1b.kz,homoglyph,,no
kcell.kz,xn--lccll-p51b.kz,homoglyph,,no
kcell.kz,xn--lccll-psa.kz,homoglyph,,no
kcell.kz,xn--lccll-wza.kz,homoglyph,,no
kcell.kz,xn--lccll-x0a.kz,homoglyph,,no
kcell.kz,xn--lcell-4xa.kz,homoglyph,,no
kcell.kz,xn--lcell-5xa.kz,homoglyph,,no
kcell.kz,xn--lcell-gxa.kz,homoglyph,,no
kcell.kz,xn--lcell-hxa.kz,homoglyph,,no
kcell.kz,xn--lcell-hya.kz,homoglyph,,no
kcell.kz,xn--lcell-iya.kz,homoglyph,,no
kcell.kz,xn--lcell-kkb.kz,homoglyph,,no
kcell.kz,xn--lcell-lkb.kz,homoglyph,,no
kcell.kz,xn--lcell-q09a.kz,homoglyph,,no
kcell.kz,xn--lcell-r09a.kz,homoglyph,,no
kcell.kz,xn--lcell-sxa.kz,homoglyph,,no
kcell.kz,xn--lcell-txa.kz,homoglyph,,no
kcell.kz,xn--lcell-yra.kz,homoglyph,,no
kcell.kz,xn--lcell-zra.kz,homoglyph,,no
kcell.kz,xn--lell-0cba.kz,homoglyph,,no
kcell.kz,xn--lell-0oaa.kz,homoglyph,,no
kcell.kz,xn--lell-513aa.kz,homoglyph,,no
kcell.kz,xn--lell-5taa.kz,homoglyph,,no
kcell.kz,xn--lell-guaa.kz,homoglyph,,no
kcell.kz,xn--lell-ltaa.kz,homoglyph,,no
kcell.kz,xn--lell-vtaa.kz,homoglyph,,no
kcell.kz,k-cell.kz,hyphenation,,no
kcell.kz,kc-ell.kz,hyphenation,,no
kcell.kz,kce-ll.kz,hyphenation,,no
kcell.kz,kcel-l.kz,hyphenation,,no
kcell.kz,ikcell.kz,insertion,,no
kcell.kz,jkcell.kz,insertion,,no
kcell.kz,kc3ell.kz,insertion,,no
kcell.kz,kc4ell.kz,insertion,,no
kcell.kz,kcdell.kz,insertion,,no
kcell.kz,kce3ll.kz,insertion,,no
kcell.kz,kce4ll.kz,insertion,,no
kcell.kz,kcedll.kz,insertion,,no
kcell.kz,kcekll.kz,insertion,,no
kcell.kz,kcelkl.kz,insertion,,no
kcell.kz,kcelml.kz,insertion,,no
kcell.kz,kcelol.kz,insertion,,no
kcell.kz,kcelpl.kz,insertion,,no
kcell.kz,kcemll.kz,insertion,,no
kcell.kz,kceoll.kz,insertion,,no
kcell.kz,kcepll.kz,insertion,,no
kcell.kz,kcerll.kz,insertion,,no
kcell.kz,kcesll.kz,insertion,,no
kcell.kz,kcewll.kz,insertion,,no
kcell.kz,kcezll.kz,insertion,,no
kcell.kz,kcfell.kz,insertion,,no
kcell.kz,kcrell.kz,insertion,,no
kcell.kz,kcsell.kz,insertion,,no
kcell.kz,kcvell.kz,insertion,,no
kcell.kz,kcwell.kz,insertion,,no
kcell.kz,kcxell.kz,insertion,,no
kcell.kz,kczell.kz,insertion,,no
kcell.kz,kdcell.kz,insertion,,no
kcell.kz,kfcell.kz,insertion,,no
kcell.kz,kicell.kz,insertion,,no
kcell.kz,kjcell.kz,insertion,,no
kcell.kz,klcell.kz,insertion,,no
kcell.kz,kmcell.kz,insertion,,no
kcell.kz,kocell.kz,insertion,,no
kcell.kz,kvcell.kz,insertion,,no
kcell.kz,kxcell.kz,insertion,,no
kcell.kz,lkcell.kz,insertion,,no
kcell.kz,mkcell.kz,insertion,,no
kcell.kz,okcell.kz,insertion,,no
kcell.kz,cell.kz,omission,,no
kcell.kz,kcel.kz,omission,,no
kcell.kz,kcll.kz,omission,,no
kcell.kz,kell.kz,omission,,no
kcell.kz,kccell.kz,repetition,,no
kcell.kz,kceell.kz,repetition,,no
kcell.kz,kkcell.kz,repetition,,no
kcell.kz,kc3ll.kz,replacement,,no
kcell.kz,kc4ll.kz,replacement,,no
kcell.kz,kcekl.kz,replacement,,no
kcell.kz,kcelk.kz,replacement,,no
kcell.kz,kcelo.kz,replacement,,no
kcell.kz,kcelp.kz,replacement,,no
kcell.kz,kceol.kz,replacement,,no
kcell.kz,kcepl.kz,replacement,,no
kcell.kz,kcrll.kz,replacement,,no
kcell.kz,kcsll.kz,replacement,,no
kcell.kz,kcwll.kz,replacement,,no
kcell.kz,kczll.kz,replacement,,no
kcell.kz,kdell.kz,replacement,,no
kcell.kz,kfell.kz,replacement,,no
kcell.kz,kvell.kz,replacement,,no
kcell.kz,kxell.kz,replacement,,no
kcell.kz,lcell.kz,replacement,,no
kcell.kz,mcell.kz,replacement,,no
kcell.kz,k.cell.kz,subdomain,,no
kcell.kz,kc.ell.kz,subdomain,,no
kcell.kz,kce.ll.kz,subdomain,,no
kcell.kz,ckell.kz,transposition,,no
kcell.kz,kclel.kz,transposition,,no
kcell.kz,kcell-kz.com,various,,no
kcell.kz,kcellkz.com,various,,no
kcell.kz,kcellkz.kz,various,,no
kcell.kz,kcill.kz,vowel-swap,,no
kcell.kz,kcoll.kz,vowel-swap,,no
